Metric,Value
Accuracy,0.8181818181818182
Precision,0.8125
Specificity,0.8235294117647058
Recall,0.8125
F1 Score,0.8125
ROC-AUC,0.8455882352941178
PR-AUC,0.8648558906371406
