Metric,Value
Accuracy,0.8181818181818182
Precision,0.8125
Specificity,0.8235294117647058
Recall,0.8125
F1 Score,0.8125
ROC-AUC,0.8125
PR-AUC,0.8158797379815524
