Feature,Importance
std_b,0.47889015
std_g,0.20365888
SRLGLE_deg90,0.12317063
std_r,0.0946269
mean_b,0.0936913
mean_g,0.005962152
