mean_y,mean_u,mean_v,std_y,std_u,std_v,skew_y,skew_u,skew_v,mean_lbp,median_lbp,std_lbp,kurtosis_lbp,skewness_lbp,SRE_deg0,LRE_deg0,GLN_deg0,RLN_deg0,RP_deg0,LGLRE_deg0,HGL_deg0,SRLGLE_deg0,SRHGLE_deg0,LRLGLE_deg0,LRHGLE_deg0,SRE_deg45,LRE_deg45,GLN_deg45,RLN_deg45,RP_deg45,LGLRE_deg45,HGL_deg45,SRLGLE_deg45,SRHGLE_deg45,LRLGLE_deg45,LRHGLE_deg45,SRE_deg90,LRE_deg90,GLN_deg90,RLN_deg90,RP_deg90,LGLRE_deg90,HGL_deg90,SRLGLE_deg90,SRHGLE_deg90,LRLGLE_deg90,LRHGLE_deg90,SRE_deg135,LRE_deg135,GLN_deg135,RLN_deg135,RP_deg135,LGLRE_deg135,HGL_deg135,SRLGLE_deg135,SRHGLE_deg135,LRLGLE_deg135,LRHGLE_deg135,coarseness_tamura,contrast_tamura,directionality_tamura,roughness_tamura,label
44.1639723075652,-1.4649887059336089,11.138195634863996,91.596394997039,3.5677883161562534,22.829198303945383,1.6130599746058447,-2.5599263194442954,1.6407664892278813,223.6087528075539,255.0,68.94211069937145,22.12627073630477,-1.3659828604318731,0.8155711456529848,628.3696017274472,2955.177813099808,41527.80425263916,0.4676840215439856,0.148212130933954,33760.66038867562,0.0939522337687475,29777.543019790985,1.0,71078.89671305183,0.8182465070967226,339.62433959858924,3379.0403393719635,44370.64748374669,0.4951259537701974,0.1527554214157828,32924.47910086259,0.103058300167077,29440.997363825205,1.0,58294.1354088469,0.8112028892848252,684.7058246925303,2842.119633640165,40178.97512674028,0.4578868379712746,0.147068595136209,33971.245454963166,0.0933736763336499,29651.462740833013,1.0,73272.53021090197,0.8198439778537001,310.087376851655,3357.436033737331,44530.47905592175,0.4947332248653501,0.1522578120859412,32958.313969806506,0.1026228928386535,29516.28378946128,1.0,58832.13900347296,7.331193708074488,66.444129676876,471.0761904761905,73.7753233849505,0
21.09398056825888,-0.5827070806308575,5.294454389747692,66.90396452716784,2.070589976586032,16.507019946795705,2.896930942276321,-3.81092875995004,2.936228889574336,235.9054713175329,255.0,55.83417743564548,41.90301870899028,-1.0259591647683244,0.8201615763772758,1565.686373117696,2007.8607023459156,22104.9399948567,0.2608912810114503,0.1862737695786746,28291.41046375404,0.1221956166301895,25902.40014441053,1.0,43708.77169471669,0.8123254381103066,722.1792133927135,2360.33471052208,23159.175081826477,0.2778655772900763,0.1892992656916321,27253.88367226485,0.1305853231381697,25290.874668760727,1.0,38328.14618769115,0.8132254282752102,1242.3398197577635,2005.8525342976864,21615.00843809196,0.2597358062977099,0.1860464043633741,28226.089346191377,0.1215788149733123,25731.61474025892,1.0,45096.409362263934,0.8164607802477808,791.6019010493152,2370.527995087176,23530.43235521854,0.2791999642175573,0.1890574194719227,27263.250020025094,0.1307089965241128,25414.121082862737,1.0,37879.27960377006,5.174468344085273,38.196586970994005,449.2782494729044,43.37105531507928,0
11.970280600251655,-0.1442222339104152,2.805992320857086,51.89560622375927,0.8316741423174271,11.786650477360444,4.1821311329503255,-6.609879601319897,4.212569068873068,239.07903286495147,255.0,52.108692681622415,52.8477216035422,-0.91660141422029,0.770889459828652,1803.8981961235847,3355.5539563743364,17317.24416298855,0.2317510673624288,0.2653353482733651,20171.97905072603,0.1656934703516056,18841.721436753523,1.0,29026.70655024628,0.7598654651308708,1130.9715407551737,4071.7369291175855,18238.135712809613,0.2510747746679317,0.2739850366856384,18809.001859888405,0.1833856907825051,17661.68817903576,1.0,26015.91665928616,0.771858034289224,1670.0234507470327,3377.619893143936,17372.356624116197,0.2316843572106262,0.265421611620198,19985.59189941453,0.1677005476147882,18585.325399118585,1.0,30312.978052916147,0.760701640627508,939.720092881077,4100.898065957322,18367.84080888837,0.2521791982922201,0.2754905423345423,18808.61272118041,0.1853813841300509,17709.2358548655,1.0,25342.28214096761,5.475682039787508,25.01700555501507,457.9144625773776,30.49268759480258,1
11.574791743195858,-0.1452642019628576,2.748207802267119,51.12089262230152,0.7709017101870838,11.75738281356896,4.274683857748459,-5.372671790369895,4.310681572920023,238.79577373332592,255.0,52.39873841572639,51.75719985472872,-0.9277452142899716,0.7517344720311417,1356.7554376657824,3442.597312113174,14848.79685234306,0.2315497248427672,0.2825432188943113,17829.30157382847,0.1744519361573266,16401.76623556702,1.0,42603.44940760389,0.7408104777827337,726.8751497102903,4154.186482374648,15770.627941604896,0.2529890592243186,0.2869046446740843,16712.24015149063,0.1903553420016511,15526.19217150016,1.0,30795.08464700741,0.7461187236925917,1916.5445101716923,3305.713894098976,14340.609219448854,0.2270374737945492,0.279700942936712,18224.13414370221,0.171675118248517,16793.128075182165,1.0,37659.6004905497,0.739792078217896,823.058504910758,4070.753907397135,15601.143961888603,0.2509745151991614,0.2840843541025543,16889.320814435345,0.188172433566071,15693.398258200908,1.0,30801.84383463308,5.34355114005306,24.394778851574834,560.5732899022802,29.738329991627893,0
40.77347198141628,1.5815079349442618,13.148647611572246,85.79933376052588,4.017039049430337,27.250271625437485,1.674838770787154,2.695574134070001,1.7449834385288865,215.332565367162,255.0,75.36502775028728,15.836739596240992,-1.5790122746695392,0.8238005871788893,408.8733308050061,5374.4359168845685,63777.7246452025,0.6480106581125827,0.1838595902482501,24335.145521866703,0.1199404377885146,22036.04293491533,1.0,40367.92332182279,0.8315015920942903,167.0415596304565,6197.406385741376,69704.2987080924,0.692331074089404,0.1883811628878974,23691.599097626364,0.1300639032555526,21933.77401463068,1.0,33949.9154141484,0.8303422763382291,402.6466553667863,5469.317375537073,65739.16744846072,0.656275869205298,0.1840856356894576,24282.9308112263,0.1211385901140052,22144.9228964928,1.0,38755.93092948086,0.8313733966151428,161.29826724580823,6191.983531829434,69670.4708701135,0.692356943294702,0.1879845456575328,23663.73478118724,0.1293299290787751,21866.822592401084,1.0,33815.53161459063,7.174838885993569,61.343704387162674,508.71398188953935,68.51854327315624,1
26.94145862082961,-0.9744852193089256,7.701213606353328,72.712371311406,2.8536884479885285,20.26408681711908,2.382849261014019,-3.0199813189104447,2.416510196325649,223.52496144167543,255.0,70.00748198760182,22.151636790992523,-1.3487860582058375,0.7997021351386397,354.2619669043455,2795.9944302435088,22230.161899636754,0.3741643846649484,0.2191653557084682,21592.10595990852,0.1377182364114188,20049.952313452,1.0,29374.041409928697,0.7997806854108835,162.85252344352412,3375.0898937890206,24138.847523816632,0.4047499194587629,0.2259367623879403,20461.7561873492,0.1527146888746682,19347.56283645787,1.0,25911.897644454395,0.7986887083417407,394.5915893364802,2820.82658370434,22246.38604301883,0.3753825708762887,0.2187515819420577,21525.917583007027,0.1376972512024502,19988.33003554808,1.0,29276.72255001877,0.7918272873403717,190.35267924910187,3272.848707180084,23208.2984364722,0.3979341172680412,0.2236344112353936,20569.0095127258,0.14848972647312,19248.401692960837,1.0,26776.062667611197,7.603647482209054,45.20906045688213,501.9583005982958,52.81270793909118,0
51.08025995386193,0.2638225179425845,14.401299235304167,94.98933152447084,1.602349269818161,26.07447324795448,1.359861288995672,1.6004247089577537,1.3923546340087285,201.74901386990203,255.0,85.03243475333838,9.876133828948763,-1.878729673608717,0.8436188070805364,133.60940120310036,7418.341131515055,80402.89220487748,0.7700516550164473,0.1946082513896291,25108.73853008168,0.1309776336598692,23637.293887309854,1.0,32113.253510433267,0.8413950994365968,67.18642217155336,8225.741818940878,83233.38162754102,0.8002415707236842,0.2010483441116806,24418.80577410964,0.1408839925853798,23158.84141356777,1.0,30237.26969395292,0.8339827950636016,124.56875213675214,7143.607384615385,76519.06502564103,0.751696134868421,0.1933645328174343,25279.07445299145,0.1288496970374945,23517.98873585489,1.0,34178.42194871795,0.8398709241258343,68.63690298417106,8123.4062250276465,82438.48126922114,0.7959434107730263,0.2002861245470027,24466.79039770113,0.1396179118016196,23147.0000696372,1.0,30621.2103126236,7.294094611528822,73.04887685142836,250.85017850547837,80.34297146295718,1
49.12156381448394,1.6681734104472663,13.829910701771212,91.8248924370182,3.901882891193867,25.60078848273676,1.3691397917365025,2.368649102855381,1.4675213567903462,212.83696157336027,255.0,77.6001465585796,14.415087477340547,-1.6300112936569493,0.8248401503298842,259.80443364035773,4438.860545507259,57302.41979080711,0.6213399847571538,0.1718032060424458,25650.194573920024,0.1107990094290111,23184.59255613866,1.0,141747.55575503467,0.8252612784785187,123.85753646005966,5062.504101756712,61854.82202933377,0.6689115222060555,0.1749251413078414,25412.32815089493,0.1193180099277761,23032.458585035,1.0,55289.311868163735,0.8178433607816658,304.793255506559,4412.824323273612,56430.62052227616,0.6237719115914917,0.1710130957242739,25906.812204956183,0.1103135760508546,22895.367491283323,1.0,74870.14380921703,0.8227882999106952,114.85592719046087,5076.088801486078,61320.73947966501,0.6676435945402897,0.1751950152572619,25332.650595157796,0.119292159475435,22854.66931814605,1.0,55107.498894781085,7.888279469153198,70.39459002412204,564.3913786875376,78.28286949327524,1
20.45197302870517,-0.6328990146201537,5.8987083746584,64.49389198429421,2.271143817349892,18.288283749709816,2.886680493046717,-3.931924644581031,2.9381469061941607,234.5406388914655,255.0,57.90071689241065,38.93225153056123,-1.0600573985923931,0.8104271900104071,1270.770335441003,3155.6888007716216,28694.94714392884,0.3387473861524163,0.2018421454569098,23610.268867216804,0.1333314998847944,21325.044774636688,1.0,38590.27885542814,0.8033268884906128,649.6661720163438,3541.035696135629,29758.09722928059,0.3571750116171003,0.203329505085365,22965.81137560222,0.1385724488901808,20995.162476837384,1.0,33898.60703758665,0.8013374845405302,1632.6665934210816,3062.315124480872,27313.31439934958,0.3304266380111524,0.200345696559744,23574.76266233053,0.1304381462756582,21003.62016668965,1.0,42620.45278955811,0.8052535793274855,618.2814913934676,3564.0103197291323,29998.71729213552,0.3581189010223048,0.2043561527618098,22913.786326865764,0.1402348355703256,20978.15552145411,1.0,34001.53980901405,5.075537463699349,36.88746959326728,466.5026908511063,41.963007056966624,1
64.03608410312208,-0.1649593677369681,14.503639786975764,106.96199530259229,1.2448856831863018,23.55733771322104,1.0993518743887571,-1.3212664800135556,1.113925877596431,195.16792127429645,255.0,87.74467960304548,8.047527915817598,-2.0456651843638465,0.806625426970751,45.57176441474883,10414.103346943826,78644.34522704776,0.9459269662921348,0.2224825935197954,26825.077162212325,0.1466739622463171,24276.276339104264,1.0,62941.28554967829,0.8060390781309019,28.299486678797024,11498.90856373615,82148.82100326927,0.9889834971910112,0.229208338710736,26255.70928564032,0.1573211042516454,23927.67360203461,1.0,53461.68964777586,0.7979345979983498,69.31454072264533,9922.681659242227,74440.2373584966,0.9163009129213484,0.2199145676540787,26960.556353882264,0.1424977045448285,24114.768111764697,1.0,70836.54098609315,0.8051354238304392,29.43618305571808,11432.144372273531,81829.87466208459,0.9876740987827716,0.2280578720745157,26349.39102644813,0.1556481960407351,23998.39628791468,1.0,50738.23036017153,7.960892510843659,87.70166603246238,545.8852713178295,95.66255854330603,1
7.874214069959603,-0.1892442297098786,2.3053974247153874,40.43538047952175,0.9148832296048418,11.032512562536116,5.2046758902598445,-6.003896724102354,5.1997593208840085,232.14798475945648,255.0,61.11334818036027,34.01165917891905,-1.1217851379915416,0.7373134035991955,565.5398621091474,6699.533404544572,20763.84482423772,0.2873325892857143,0.3353623761910351,8582.062123713342,0.2076291914528913,8301.338774928267,1.0,9813.698120994368,0.727813417296094,271.32913681108954,7798.346771133284,22015.190004241165,0.3124930245535714,0.3380605719652583,7999.194959708922,0.2215663674067479,7817.559160384478,1.0,8794.627268465814,0.7317791739175356,615.7520525858862,6458.224953491256,20013.43785191616,0.2812151227678571,0.3331568956374911,8795.54126255736,0.2044177435863723,8530.876595293348,1.0,9985.87540617636,0.729073105332761,291.6864473125014,7756.504909745678,22058.22911400899,0.3118512834821428,0.3374773594570146,7989.271568210795,0.2231247013263829,7786.3083050688465,1.0,8856.782808061378,7.576891296364304,17.556279954922676,562.4368986983587,25.13317125128698,0
40.966055378344855,0.1096530125819605,9.837125686691474,90.0976970401398,1.2035989453449134,20.938012868184572,1.7774304532854217,1.321521513390562,1.796971341470399,222.01754385964912,255.0,71.45867381425576,21.079438354578485,-1.3846796076603505,0.8484680807803948,697.122034637115,3059.57773232518,40542.42273710329,0.4706991792929293,0.1704649719891874,29043.771019498046,0.1194824165435795,26474.143344557266,1.0,175225.05879591595,0.8472847180819231,294.15167486343177,3330.092674174583,42433.23757268956,0.4926057449494949,0.1711734787319142,28674.038911939508,0.1237866009560418,26377.735363372904,1.0,129471.00530253272,0.8494903623875097,601.1821376817629,3071.6543631427285,40931.70986225161,0.4737768308080808,0.1695864453193511,29165.104835351533,0.1195308700426251,26629.700884933285,1.0,144399.24876326264,0.8450873591606711,282.829087540528,3386.20097107537,42283.63832233952,0.4940893308080808,0.1734059572573453,28648.60882273083,0.1267035392868505,26280.82717685123,1.0,105816.20434109024,5.533590288853447,63.03426948649478,444.51675814225615,68.56785977534823,0
27.68443939309576,-0.058544905345211,6.887140371460388,75.29762445757444,1.2256806263203028,18.38706892595664,2.396104118943244,-1.6877662964704636,2.430058592083057,225.61090916321984,255.0,67.72120067471272,24.212840673996755,-1.3019153770447305,0.7625266007660009,386.44089424598496,5332.895424396485,32123.53661492879,0.41435546875,0.2360661382990119,22712.25584997138,0.1453832659725273,20337.173784011284,1.0,42595.75928419919,0.758687857983036,234.54326138787803,6296.297276948174,34141.72440080311,0.4446986607142857,0.2452392084634509,21853.667398669844,0.1599845006220582,19812.184954444117,1.0,35831.01529363784,0.7669798597039583,486.1263989690023,5204.890219087024,32278.172997354675,0.4113560267857143,0.2364377995211418,22934.57600217052,0.1451317144245348,20489.08513584386,1.0,41988.11407108458,0.7629553144226268,208.6309640637413,6312.42327523093,34805.14925931118,0.447802734375,0.2449530696690789,21937.85633285045,0.1614045971138662,20018.965977417472,1.0,34461.75589201988,8.48444559338212,46.68147395037864,452.7575732147352,55.16591954376076,0
15.843839782260895,-0.2172916494322391,3.657939575447769,59.55601916597385,1.1118580804243472,13.390359575911557,3.5520505431811573,-6.055829110736106,3.591782674479572,236.8509813868186,255.0,55.05444968718981,44.99403032758573,-0.9889673977108712,0.7517429874189991,1340.335368970434,3965.348228457669,19526.63939630357,0.2776275693116635,0.2607060993692778,21296.56277743402,0.1584452848951961,19177.56950231435,1.0,50885.51639719136,0.7435525993807383,584.0211710384124,4861.40126731506,20948.25631201493,0.3041049235181644,0.2672567318387193,19994.624963159447,0.1750492672623288,18160.50081649548,1.0,39711.47927104824,0.7444624509809146,1304.494553615414,3908.2164322075646,18805.75417373693,0.2728997370936902,0.2613984397930778,21224.18410969402,0.1582783932209108,18955.172132456348,1.0,57046.51283595161,0.7413903249633814,572.258961300957,4864.515880630797,20787.21487440648,0.3035895673996175,0.2680787452189861,19911.306615494377,0.1754041187702982,18063.286720853182,1.0,41466.53273304303,6.6724353221212,30.99290762978157,556.8443218851844,37.665342951902765,0
33.880281685257124,-1.4876893721017663,11.345674332623132,77.30771772748935,3.582127209782216,25.080815067100133,1.9088155115952887,-2.370942737594532,1.939102344942404,213.41805990725652,255.0,77.41806896353687,14.731932285733624,-1.6113269414790543,0.8314882169533718,240.04300060826492,5427.33221197413,52367.70054743846,0.6231203589108911,0.2070863192500541,19017.919696612335,0.1388853029003144,17710.24508161151,1.0,28315.189666943905,0.8281746864566815,114.63989008255652,6067.331410567709,54552.50939865209,0.6530553836633664,0.2115824631995586,18406.498643798783,0.1476094262226297,17283.77583774868,1.0,25498.167268764733,0.8262064482189841,275.60234960400635,5334.697061739862,51072.92205640556,0.6162824876237624,0.2057080546677669,19112.78665294391,0.1367634230433527,17724.394090131755,1.0,29006.98324400989,0.8277634397327125,129.54481581971777,6073.7246359640285,54463.42814658594,0.6528542698019802,0.2116009362661207,18397.34667835689,0.1478243971095078,17272.674649102217,1.0,25625.500195495315,7.674549860049296,52.59348453376878,255.3588886297074,60.26803439381808,0
51.111646150985976,0.2462633547402879,17.200111040027995,91.2444374088805,1.6403600015083235,29.80227372891852,1.2758048539176068,1.909269991064065,1.3230985440183305,199.90693853224303,255.0,85.59639066468469,9.431492377050828,-1.9309130106984955,0.8583727707572516,144.2171349009901,8474.790383663367,112523.55167079208,1.0165056360708535,0.1741269142374115,22654.464350247526,0.1202570727054445,21237.397194506902,1.0,29628.79535891089,0.8619669826490933,75.58187862196466,9407.909162015145,118821.88918121376,1.061556461352657,0.1805826175612411,22051.145714082555,0.1300756510717223,20905.10808268382,1.0,27379.516810656427,0.8596536831750365,149.00457312362883,8574.904236319253,113062.46085344374,1.0178580414653784,0.1753262432196529,22528.156654203874,0.1217389801711337,21091.5533104584,1.0,29998.348805734942,0.8617718115086843,78.62005314690303,9364.90230243798,118376.56240005232,1.0581031099033815,0.1802737366144676,22029.725788137657,0.1302660415540006,20820.24527773916,1.0,27690.708411359406,7.495487589161465,71.52599119056528,613.5825192233225,79.02147877972675,1
19.07324484994548,-0.7868600800702708,5.286691164461865,62.45237959607526,3.2026871368531937,16.721477332090895,3.0632760773292724,-4.449112818778719,3.1068247286109227,226.1801139699229,255.0,67.19868509640204,24.88338681244357,-1.2866272303721094,0.7785105767448915,640.8994508294174,5614.5770065485285,29907.25088225858,0.430329067047817,0.2721519829698161,16581.603823435053,0.1689269815961879,15522.878596257486,1.0,22366.96225631735,0.7769032012986428,227.02453483491885,6615.706945998881,32200.05921236709,0.4643970893970894,0.2772569781088885,15580.694022803582,0.1841067826905811,14715.091102632889,1.0,19990.15848838836,0.7722986035035249,424.7734406208983,5577.942456580875,29172.23920942,0.4269182042619542,0.2723722916862503,16570.48123418745,0.1688924601538207,15421.691060262236,1.0,22927.88021457513,0.7745572389174715,277.8903991711009,6576.232636144917,31856.872293345976,0.4624399038461538,0.2773790650783245,15590.722178318669,0.1834918909659667,14689.071289273965,1.0,20250.427392304584,7.611645942856134,34.75738557439235,554.8336594911937,42.36903151724849,0
22.401597690567044,-0.023214678173159,5.350241610465289,69.86594252093067,0.4986724744707549,16.357514905312296,2.8338019573241184,1.0566836773689965,2.869180650305619,233.90235749992604,255.0,58.72260245567001,37.72550191678759,-1.0778290616122137,0.7691700727597194,871.2506613008976,3438.5738735276163,24361.414550880603,0.2440357962570621,0.2157915858849504,26809.111460288037,0.1294218607187129,24048.992677984512,1.0,71262.07772829011,0.7754228021825856,502.442193376198,4454.220348578592,27787.52885276396,0.2728747351694915,0.2269583985992113,25017.12976667071,0.1506609168357481,22908.77050419018,1.0,53769.69574184156,0.7789285404396387,1034.2410356832029,3752.7424281984336,26011.582027850305,0.2535752118644068,0.2194003402370821,26079.36956048738,0.1366478611280417,23580.880019021,1.0,69649.63507397738,0.7753430203025246,555.9041040392173,4429.672244054613,27716.062067009683,0.2723671433615819,0.2264102624173523,25025.55112830693,0.1499981811943501,22871.21609021532,1.0,52306.54012883361,6.511987162421984,40.29598942699552,650.7633998882284,46.8079765894175,0
58.24382099504368,-1.581453968553986,21.10197596396169,92.99023657608852,2.913409648026341,33.13951361692482,0.99835114122921,-1.8540604871019108,1.0134069772356962,206.5245400705645,255.0,81.12190766194576,11.51781132019919,-1.792689348410453,0.8564577881456248,269.1661823942068,4264.046100927812,76488.27026023988,0.74920654296875,0.1244450015086817,27076.79314777099,0.0853007632411976,24503.341786254743,1.0,41291.86303688617,0.8611371613157383,137.17786223609198,4593.051325859935,80534.26072630276,0.7779812282986112,0.1278924053543334,26660.72723548179,0.0913155118663078,24446.29688542507,1.0,37726.73999721055,0.85361341186524,346.9274747474748,4184.875941230487,74785.89990817264,0.738525390625,0.1242332614226154,27122.028209366392,0.0850540344835797,24350.925783655715,1.0,43068.116776859504,0.8616708101728383,125.69697761291502,4587.470886340482,80743.43804150014,0.7788289388020834,0.1272156950944776,26698.340621544197,0.0904073514467474,24525.025163710376,1.0,37494.73584807084,7.172704553091398,78.12424384366055,477.1275507033208,85.29694839675194,0
6.801924754100793,-0.1815917455011199,1.9530714529441144,37.68239388120022,1.1672772512649965,10.043825679631627,5.650918165747803,-7.173464666498536,5.647428389519282,234.9348323830341,255.0,57.78765587133666,40.022163261615454,-1.0416671509382935,0.7252698946605847,664.2160717975969,5660.897499483364,16513.175538039148,0.2401386683303085,0.3375123117848618,8312.577362501108,0.2094838248888642,8006.460787025978,1.0,9735.099695923009,0.7222740220377873,327.5624359181911,6611.525174032702,17944.541686903027,0.2627467105263157,0.3376474584243616,7729.044169229939,0.2224442371482463,7538.377221041349,1.0,8588.427445901463,0.7257826438584362,897.6455530529007,5343.0997138856765,16034.467340354297,0.2329145871143375,0.3352537921310792,8592.856821087234,0.2035824597326933,8286.286188330923,1.0,9954.472210385342,0.7197931127996947,375.3751319457601,6603.046607302352,17756.367634720005,0.2619314314882032,0.3386103661899966,7693.820201910845,0.2240041781407504,7459.172415377526,1.0,8737.202154437437,6.748863844286089,15.718586715227808,556.4383313727265,22.467450559513896,0
48.35689189899876,-1.4375477479096757,13.711651105741064,92.75374278857402,3.037096047483268,25.80719469707423,1.4277296832998772,-1.9241211295157576,1.452351728902302,214.83639891889013,255.0,76.08017088846513,15.61950868375061,-1.5837346556433378,0.8166749075122062,339.7176722105197,4894.689397512078,59612.29325829744,0.6550760654657294,0.1643760195226008,28226.17060185913,0.1076930665902438,24923.467412281065,1.0,57307.29863447249,0.823849503929851,162.9504199777456,5504.896192136126,64767.02128937599,0.6971729459578208,0.1685355030472574,27686.012870126928,0.1157990062428767,24960.1781731963,1.0,47495.8155741337,0.822040742960956,323.2306918238993,4791.941970649895,60424.6671278826,0.6549318980667839,0.1624820504745443,28525.21037735849,0.1065378670736184,25330.48888146343,1.0,62503.30388888889,0.82479475909287,188.44545176834612,5468.057755791839,64875.95397077228,0.6966649275043937,0.1678803989054526,27725.16799534879,0.1152302923949468,24996.399694938587,1.0,47403.23457069936,7.731160462267668,70.18219602505307,473.1151266956744,77.91335648732074,1
53.84677083546994,1.728621887876065,17.494431990251137,94.74339231331123,3.34530738654104,30.29035628982772,1.225190872796872,1.6964745230297775,1.2696324200550413,208.1181083836562,255.0,80.17173016279972,12.20642292239632,-1.7543050968643317,0.8350377673450666,256.36551389001374,5838.2999271078,80866.46600793715,0.7754094654340836,0.1599113604569299,26795.199651737265,0.106151793289751,24000.19615966236,1.0,49502.89234631894,0.8404751015716366,120.45691211110773,6544.5301936431215,87031.96809324238,0.8211665996784566,0.163920256610212,26279.682240203125,0.1144385968496573,23960.277180037163,1.0,40880.07712074398,0.834567856668041,204.8961832554681,5829.008309219354,80983.13302833863,0.776966941318328,0.158862204457293,26843.59596016748,0.106061046513548,24090.86059617613,1.0,48562.16804345366,0.8388716230879328,129.28336873749032,6534.908005429489,86403.79537419765,0.818924588022508,0.1637205867512151,26250.043949723546,0.1141847778560928,23866.60257797973,1.0,41862.57164548808,7.920398400125481,75.22981336737676,587.5547732375392,83.15021176750224,0
11.36373233855267,0.1707784742406778,2.851568792640351,50.33774967197851,0.9031547581449526,12.252766157073312,4.286329846575814,6.232740124752577,4.352383562920417,239.51606889743152,255.0,51.40024314331706,54.51119845324207,-0.9037271123054011,0.7644081488907305,2405.1414621035656,4674.39585199785,24275.059263572835,0.2803959003215434,0.2620734178416198,19217.389983873854,0.1625672779994224,17744.68864920445,1.0,28259.83947769217,0.7595070208133025,1098.1235235112283,5656.838768449712,26265.651763598027,0.3067787881832797,0.2675518053246876,18090.87881021106,0.1752661375403064,17018.246001414365,1.0,24091.1271264509,0.7616240237553816,2290.874436692211,4491.583415303671,23602.5059819284,0.2745365253215434,0.2596223027060691,19363.799405238475,0.1602953192829814,17825.713574591522,1.0,31156.912570056043,0.758606938970279,1056.1379736154274,5624.113750025726,26058.1909691494,0.3051459505627009,0.2675502042747716,18081.04638910041,0.176666651522415,16939.023288638644,1.0,24398.85873345819,4.643925146018211,23.986543572792755,560.9243406830956,28.630468718810967,0
61.44984717017088,-3.7670948612081534,24.706522179169585,90.37391783426006,6.015998074738557,35.91894296051822,0.8163468259530606,-1.3345436940495967,0.8250718948685498,206.64747930297065,255.0,79.61881294730782,11.629009853984144,-1.821900587579572,0.8249472790063378,254.7280494172805,3233.6622671066225,57335.03730738037,0.6774521315028902,0.1176177768981283,25030.319445833196,0.0782189256530602,21481.747848365336,1.0,49504.49098423491,0.8416550849089253,92.14949078438887,3578.882761264388,64355.50169393189,0.7264646555876686,0.1186593418861587,24814.80038540836,0.082847755461727,22016.446869949257,1.0,40122.58438060111,0.830707458860736,247.37151021480653,3275.831198405921,59038.72193391578,0.6874548410404624,0.1174804565179344,25114.31237819965,0.0790107094015591,21660.60296900309,1.0,46249.14279927303,0.8439816988958783,128.67873569752658,3575.899172084466,64878.87416924206,0.7281806960500964,0.1182113042446241,24876.848928671097,0.0825796089939697,22129.24912035427,1.0,39546.08865207909,9.135734400474284,79.4039486801622,598.580330052542,88.53968308063648,0
64.22509028518122,-0.1520468861051875,15.195382795842216,106.72637212191914,2.48961891638081,24.92985179865057,1.078117147755079,-1.432106294861881,1.1091336780174,214.17144633972995,255.0,75.89483512619323,15.311311193039042,-1.6138866469259556,0.7957705933364273,289.66277470599795,3587.273625417497,42125.27472003143,0.5798990885416667,0.1610431486035969,33693.328973588934,0.1008826349404213,29142.643261468053,1.0,427442.8370428584,0.8075215258216104,109.94631646380525,4316.798206278027,47711.55077514414,0.6351725260416666,0.1689100377332947,32752.797168481746,0.1138439360244415,29063.545802314173,1.0,240839.2048942985,0.8099832068293153,248.7311277299084,3817.207093697502,45347.45290738633,0.60068359375,0.1636837627986245,33379.97421828429,0.1059264123807734,29329.84884765113,1.0,316536.58857638325,0.8084147171761821,121.89793195463642,4282.404757017499,47762.34458870016,0.6343424479166667,0.1678988898012002,32797.99802432391,0.1132640604372213,29061.3850682301,1.0,224218.9783958537,8.065391791044776,87.93325035925793,511.1170348970815,95.9986421503027,1
65.05489977078487,-1.0666610557418714,15.05700017241846,106.90054234259468,3.051445179542915,24.26884541146023,1.057242187161989,-2.9424860356777347,1.0775057804576191,207.27849637583168,255.0,80.97691424264626,11.682368456277018,-1.7679669843125214,0.81507549375239,155.7932006559993,6276.496423030894,70248.2720003546,0.7925261353417267,0.1784814141525289,31538.644084925312,0.1159764232755744,28106.72142876943,1.0,127465.94335357477,0.816517250366217,116.39668437832094,6850.2350605738575,73585.29597449522,0.8263896695143885,0.1819621642519905,31149.23477151966,0.1226472957556918,27996.059858490265,1.0,106605.5894410202,0.805187979002107,318.66731821001,5590.85802619956,64462.06982164001,0.7476253372302158,0.1734631712057553,32098.24676264401,0.1079957734847146,28149.21453211665,1.0,229500.0499370384,0.817729342266169,90.05015152415473,6893.74043954738,73939.1405566921,0.8276402315647482,0.1827580203681929,31080.1458961147,0.1233746463942271,27923.462345888664,1.0,103465.97378674569,8.384053659328176,88.52618263505026,237.20876044937015,96.91023629437844,1
35.938094093238945,-0.9762292484181664,9.35963688252192,83.65592703601168,2.5571659247380074,21.307135421620625,1.9378523570656927,-2.8759844896706506,1.973426945597919,218.45830908169205,255.0,73.87542188724943,17.869270751917202,-1.4839180603562097,0.8079811194050003,284.968714796099,4235.631240142908,37978.16720847147,0.5035820798755186,0.2071044494268564,25165.31312562361,0.1324180848444335,23145.348191076777,1.0,37144.973719785,0.8122172569262129,200.04670951664616,4862.147346188327,40742.98264727781,0.5333490015560166,0.2145417507104463,24268.046937442068,0.1453591414215323,22620.400081940847,1.0,33490.97976022246,0.8074935537416507,449.7717158154995,4087.3147708480014,37230.804594501664,0.4949510503112033,0.2069061370243433,25413.4370998641,0.1305351050226461,23233.56847024404,1.0,38335.19160676567,0.8113810337197591,208.83382649732172,4882.238645847559,40698.80200603936,0.5340783843360996,0.2152466478310087,24256.357460433075,0.1453919143492272,22605.618599111836,1.0,33087.47817180316,8.031922983045757,56.6180809834081,477.01699570815447,64.65000396645385,1
68.06811453014762,-1.509293547263002,18.5564814225616,105.37311516237568,2.6441926756080862,28.538580309056226,0.916453428393409,-1.5544896639853172,0.9386487634444294,216.1390189334828,255.0,73.69507239096741,16.254048200885258,-1.5819638873689577,0.8014706407374741,314.9733584281148,2190.9808219622605,36915.359125793,0.536200236636971,0.1076164676846646,37784.59301023802,0.0698516441636998,31399.68912895711,1.0,110780.76437947204,0.8099569119492093,168.22621557973804,2367.8857147254844,39829.25455217104,0.5652230651447662,0.1087156768403202,37591.5250350167,0.0733336036587775,32001.477965978407,1.0,95562.17825424433,0.7825610311198303,589.7072472709201,2035.8755333915997,33204.55542988364,0.5076646018930958,0.1067547136475522,37999.19044436448,0.0672099131318104,30716.657817112384,1.0,138048.23249875757,0.8129071146881015,160.62625660769396,2393.6128273291165,40445.93066886669,0.5694425111358574,0.1096073759250425,37538.5656949919,0.074254420860804,32077.54379826599,1.0,86460.28901213066,7.905721457105485,90.37360832768518,224.91933144118573,98.27932978479066,0
7.508133525901978,-0.0368464988425924,2.029568341914112,39.92288843380729,0.4146168218915685,9.873925801364004,5.362589668514193,-2.0559249451022987,5.270647912812847,236.52571240421457,255.0,56.327792873778336,44.61534744142095,-0.9839345722554784,0.7781467665566196,1416.5412978369384,4137.002529118136,16961.380299500834,0.2529801993534483,0.3041118628740379,10651.798169717138,0.2017266074258411,10395.20828582434,1.0,11752.87547420965,0.7710198482730892,554.0362180474284,4768.504896827841,18032.46744687404,0.2733533135775862,0.3057340333487031,9926.844287034186,0.2138211579088417,9739.910644208794,1.0,10735.13908222975,0.7855712565560565,1270.7444853550933,4124.382426112051,17387.36859388994,0.253796807650862,0.3009479654048512,10661.04106544598,0.2018976494167388,10438.913888753286,1.0,11631.292533253723,0.7667352233544475,612.6473905592771,4691.795700264839,17606.400716622527,0.2701963227370689,0.3047564570101473,10018.71303941424,0.2120014675609656,9807.678273403735,1.0,10896.291384950928,5.370794420498084,17.071234023270048,605.3269716531013,22.44202844376813,0
62.614064777527,-0.9633184641029034,15.911497347238814,103.82052232120766,2.068175090113362,25.736067171942185,1.083393642836179,-2.390037895602675,1.1034585312257834,198.9331966386885,255.0,85.75246660363592,9.107798243964092,-1.9614643956702549,0.8071631760160147,70.65425496431034,6083.089702252562,54753.756843299016,0.661649599811676,0.2038198070960567,27050.863334148675,0.1319389948194766,24354.524760662327,1.0,116691.704153788,0.8156107170263328,41.59975580230422,6895.894347971281,59755.03377024545,0.7049199623352166,0.2098994898150666,26404.25971572884,0.1440803265107619,24223.053691916102,1.0,69345.44929245283,0.8093600596486176,67.3040246233166,6023.236410507134,55142.62673896617,0.662046845574388,0.2016249001674918,27178.62763900618,0.1305143685650423,24517.149296471314,1.0,96508.06301391171,0.813161263114233,38.02821539458691,6906.426513480456,59267.68160197372,0.703691443032015,0.2098839980294506,26375.2925661478,0.1434521218112141,24169.98229054981,1.0,87427.36170902287,8.370127794741682,85.45456791490784,592.4415138470724,93.82469570964952,1
8.208043881681181,-0.1737427993205882,1.9399824726247688,43.157736905417465,1.231731816577852,9.795633334592956,5.176580751819674,-8.062361418086562,5.193932574762898,242.16746322865092,255.0,47.34949551169096,67.69860659365008,-0.8130521750657682,0.7460857956641584,2283.298174620629,2893.0339564548053,11767.84723993842,0.1656876749067164,0.2825364187845579,17020.927468660655,0.1785203335327225,15931.032922015833,1.0,23513.137233340665,0.7327091146271121,1055.7183619338505,3521.486838403729,12430.370735039987,0.1813418260261194,0.2869245778329666,15858.70333159185,0.192717908055602,14993.546127509608,1.0,20335.662058433467,0.7493940350274679,2323.490503789568,2785.4668747213555,11713.52697280428,0.1634649020522388,0.2793558968325295,17397.98787338386,0.1741502095967169,16339.879480065534,1.0,23316.17445385644,0.7328707436831924,1043.093435860467,3546.9399255076296,12478.99142937242,0.1819685750932835,0.2867934808539901,15764.74432296047,0.192764105032343,14886.11483399406,1.0,20372.3456686291,5.062940443063135,18.79088387536893,455.83154484713504,23.853824318432068,0
36.26630722183766,-0.6514659310332257,12.259511963531038,80.38015025285648,1.8219387666799216,26.771045714604217,1.8078764878864468,-2.8081763834794446,1.83483547984782,217.06262295977848,255.0,74.15921020069645,16.932092990345467,-1.5346998816823392,0.7813368273822858,191.75653712853037,4995.479020721185,38535.59907086498,0.4535330158390411,0.217313039643587,20544.19364353661,0.1379303414230866,17905.789410540987,1.0,38320.300995501806,0.7852153020487846,107.87739198916783,5718.446564516352,41629.750459400086,0.4841141374143836,0.2206099387598711,19965.638573027343,0.1488683345946382,17713.572778741218,1.0,32807.07839507026,0.7782587472645899,268.2922892553208,4681.984997193611,37136.3001623155,0.4409313463184932,0.2138580990545175,20872.136542224784,0.1345060178590895,18012.268536142892,1.0,40318.62794860515,0.7880597613277508,112.32528326854684,5614.719901855375,42063.60168720536,0.4852445419520548,0.2178630785756068,20237.88570010752,0.145843179807351,18158.571869101983,1.0,31779.83118297356,8.501288800641213,55.899451050162114,450.7139883017746,64.40073985080332,1
34.47813283917323,-0.98061797321187,11.942656489477212,77.51747279348295,2.2421728932449905,26.167355890422943,1.865666147212376,-2.438114240502256,1.9034768141374847,210.65929215680893,255.0,78.90538072400048,13.352967029076694,-1.6858435040680584,0.8173012690521635,259.15333030970584,7200.072199904972,57910.72007688653,0.6565052177858439,0.2273343780705413,17570.27753660749,0.1497072869094811,16174.25400305515,1.0,25691.850470821995,0.8161737541364794,103.33330246723048,8045.50661563471,60686.463608864746,0.6890454854809437,0.2322213117829921,17001.62961705455,0.1594359164349134,15775.719068359016,1.0,23480.553192583902,0.8096722367375553,173.3009893580728,7027.557209988225,55690.07671651975,0.6441909596188747,0.226747741217393,17600.212585427053,0.1481607910431636,16040.406070148643,1.0,27341.1825965422,0.8187841885285846,116.11721976780026,7986.022130894894,61213.0114661461,0.6900096415607986,0.2311048888965626,17092.017897873215,0.1587483824199544,15919.334806296038,1.0,23066.35620055481,8.351385464480446,53.24916871601494,474.1661937576004,61.600554180495386,0
22.29587040566533,0.6643393163140411,6.808212843154398,66.99826954759963,2.620586227371099,20.13028317830512,2.7441285056808904,4.308507116416367,2.870925369462914,228.0133414932681,255.0,65.29775835200314,27.14861771022504,-1.239858420311487,0.7949657939510852,651.9926475593982,5547.861515419701,43368.50420042208,0.4765689887873754,0.2234402001066981,20527.441146436107,0.1406455817376929,18882.491652811543,1.0,31137.99778065219,0.8000772749175603,346.2898449049134,6800.456089799804,47894.057152163565,0.5179479858803987,0.232351092387235,19371.60981934805,0.158316207860204,18046.71705372206,1.0,26557.04551376813,0.8013068687178614,722.8734240368927,5713.379309879856,44531.89704831381,0.4812149605481727,0.225834854968701,20328.091058642683,0.1434205014049554,18685.880946443565,1.0,30562.653591510363,0.7987465961840339,405.7536295534112,6751.087184570791,47643.98224436274,0.5171109323089701,0.231354980508067,19450.897908222803,0.1563089590637784,18159.95221149571,1.0,26498.392543887167,7.091158127877834,39.15500715519459,613.6424661390723,46.24616528307242,0
28.396687210365624,0.1505334387253767,8.214306504858882,74.9842969500745,1.0939785918058973,21.204952294758066,2.3118147349774616,2.4335644648122807,2.361101448499363,223.3976844748221,255.0,69.68190520494188,22.12140268954256,-1.360567658084208,0.8022661173195823,408.52715722926354,4883.524664903803,39626.10601501474,0.4262671019900497,0.2167842170804123,22391.994589830098,0.1374232088087526,20629.189915617342,1.0,32561.75743898362,0.799545498869803,235.9761640324648,5763.340452797949,42047.62503203759,0.454951803482587,0.2251100734078548,21361.61594760074,0.1509954638594742,19886.68564397564,1.0,29276.44999288053,0.8051675427669108,687.1697208010081,4913.63728422427,39953.14334947697,0.4266881737147595,0.2179692285712489,22362.79472269877,0.1391644465113821,20601.401185238698,1.0,32650.75839191097,0.8005167045855737,245.8336930591844,5793.015335681018,42271.35487901852,0.4562085406301824,0.2248868928995702,21342.36433602181,0.150406951157129,19876.602116172788,1.0,28838.76219754629,7.386075851273229,47.222324838853936,593.3956673560024,54.60840069012716,1
67.15163102904043,-2.907877114898988,22.31644218223906,99.71378898052969,4.493011495518544,32.844216037029106,0.8330495258190945,-1.0828494924511642,0.8529883071821417,211.81048505892252,255.0,76.47488289030213,14.054468910680026,-1.6942627425672474,0.795612222700754,341.6943054451356,2269.206830971644,37808.66789817456,0.4745871803977273,0.1175931473602208,31129.66820994871,0.0768440549204419,25454.34176668678,1.0,84542.85120578653,0.8134209505519144,184.69645083176917,2559.0009743376654,43151.24865670359,0.5163278290719697,0.118789962952321,31059.49484890602,0.0816734604470595,26378.86863600636,1.0,63198.31365075726,0.7977697280348831,339.69072323418646,2289.1079086926447,38556.41747751903,0.4812899502840909,0.1169984337475386,31302.36891860733,0.0765877433768532,25732.32297178372,1.0,78566.81740066098,0.8152079254628661,260.9648298774201,2545.0602875472564,43375.22001374728,0.5166311553030303,0.1175486211180721,31148.099667774088,0.0804694871094621,26507.45076488411,1.0,63110.93163592622,7.061542508417508,87.23200868362626,566.6146685925212,94.29355119204376,0
48.91645399694733,1.9793425590505689,16.491598639455777,91.23756462615704,4.034868332344721,30.55887331504368,1.3613680087975135,1.7396723421258968,1.4134248339052025,218.07288914394115,255.0,72.74022451309753,17.80548350567158,-1.5229721011959407,0.7894217693557832,346.95241735398645,3481.451418225709,43307.88663582109,0.5118972429701231,0.1635992364539685,26688.501991550995,0.1047278883620022,22489.427908155038,1.0,76292.96881915108,0.8064957459592544,152.08659751188725,4038.7347715581714,50068.98776617091,0.5645252086994728,0.1647358709757446,26552.35766316839,0.1124153345182545,23236.84821717816,1.0,52543.34837226837,0.7930889455438113,299.9431120656511,3453.303755849872,44226.031539593525,0.5178287016695958,0.1624241816309621,27006.80824351377,0.1044204829197539,22863.06254798682,1.0,69890.8031393761,0.8037528368990188,248.62764134080948,4024.746896501065,49357.041771748976,0.5607562609841827,0.1646807433583085,26488.88400137117,0.1123113815650021,23040.737693376268,1.0,53320.94099067114,8.296789131587023,70.06184463714936,586.1976177990861,78.35863376873638,1
39.389208713942296,0.7951247166895608,11.303403889079666,86.99047454459641,1.982877198558468,24.89583120209361,1.774062753082444,2.2969735294269507,1.8213094746807053,233.1242902930403,255.0,58.41037128674403,35.51547557796668,-1.1235526786622716,0.7742355214350397,1512.634828540287,2048.4701098348287,33235.484480590254,0.3733160556891026,0.1206350631265836,35263.53894525027,0.0784130639061038,28197.667610554265,1.0,213907.32070093064,0.7929550489491872,617.5904881328278,2328.767914066867,38846.680409723376,0.4143567207532051,0.1181216239213392,35525.18488918433,0.0800614437315242,29777.36020351792,1.0,136737.1108458854,0.7793972832847943,1711.983231504848,2015.4148957364853,34031.2965201222,0.3770532852564102,0.1174959625977322,35669.46701089122,0.0752671831551439,28765.376050508057,1.0,195485.1457696905,0.7915631945590264,582.3282662842479,2346.905140010567,38727.39338818024,0.4146947616185897,0.118651969720844,35396.990746471434,0.0804945094188224,29544.291404452026,1.0,135215.48690467206,5.205872252747253,60.90154490975953,600.0856710511,66.10741716250678,0
82.38609781868956,-1.674734587674832,19.73048158382615,114.0625237138698,2.520944260447347,27.18485221487694,0.6699057401225682,-1.169716992574743,0.6837427811477969,217.96268656716416,255.0,71.44563265588319,17.60486845092442,-1.5551956945174863,0.7164144555594003,417.3830875206018,1741.0145797236191,22471.170434856103,0.4360075176886792,0.0960204994908438,43276.258631618985,0.0607640621794585,31435.864938984883,1.0,186844.2780289904,0.7502827654662241,153.70556226204846,2054.218608970192,28101.47614448881,0.4960661114386792,0.0942102319826093,43442.43201782896,0.0632833852399651,33636.37408033107,1.0,125118.48869904356,0.7147362945273714,441.43795435333897,1745.416610312764,22378.668131868133,0.4359522405660377,0.0957689321058156,43426.86428571429,0.0608310063151579,31295.79193125441,1.0,182915.8150887574,0.7404134534285716,180.2686274509804,2030.138536953243,26952.76240573152,0.4886497641509434,0.0947409009333166,43383.91595022624,0.0635566515487888,33091.88039619974,1.0,130161.82628205128,7.751983009480897,103.90964055088332,488.4586832555729,111.6616235603642,0
35.34297840404426,-0.8268857564374973,11.37468537577668,79.75716280057196,2.101825136711608,25.327746283922885,1.8616348937916227,-2.7208903838685443,1.9189957730046865,223.3592008136877,255.0,69.34711561083218,21.885807027525544,-1.3688009475639953,0.8442988641620042,566.122851474257,2332.19747775355,34228.05953994539,0.3985079534068136,0.1545864201505734,25934.621427308623,0.1058557577464165,23681.698803044143,1.0,40539.13100359479,0.8409771384756477,382.19880896114944,2572.7573683713017,35317.16689668211,0.4140703281563126,0.1588176145975407,25366.370469798658,0.1125287828898499,23342.077985295466,1.0,36676.05709424331,0.8441008106393869,772.7763315022689,2240.575352280869,33715.489809728526,0.3933178857715431,0.152943920327585,26270.60307698432,0.1032317144153819,23926.932020560613,1.0,40216.12773664517,0.8429393066088463,340.8571320783189,2557.266835175614,35585.78496246275,0.415001878757515,0.1573476511374854,25481.87876787264,0.1108792980344748,23557.460524299902,1.0,36192.347681744446,6.722485171347721,54.70759673446845,459.4076913665838,61.430081905816174,0
28.902716861180963,0.8936132870892229,11.24213587097893,66.92778511711319,2.3505209014821618,25.664675961219668,1.9460125787901428,2.399506040397262,1.980040977263936,222.08087401369983,255.0,70.46102179505725,20.752686478885465,-1.4015887854443267,0.8090418604371409,394.4065620918482,4285.115357722398,46444.7385453634,0.4916330475165069,0.1865234963932478,16797.706091109383,0.1201835893440301,15070.692495661911,1.0,33240.995052705184,0.815745894189237,212.18022999215376,4992.000049038838,50999.29268830914,0.5290508373438493,0.1910186076831558,16340.264258042367,0.130926191314992,14962.58885948257,1.0,26308.93463122793,0.8111259426187163,517.7342497891185,4369.86058097849,46735.711962252215,0.4921065262229371,0.1898568831971198,16657.980427562212,0.123702399591578,14905.016426250491,1.0,33850.63061471953,0.8141962768625441,233.21700804052227,4951.1587204012885,50633.71081167474,0.5275590551181102,0.1899293830502791,16374.563979935578,0.1296191706794232,14970.159321088182,1.0,26551.590597260813,7.584344056186595,45.08409567802848,608.0138036809816,52.66843973421507,0
76.21319865341006,3.259704308390023,22.836919867434155,108.6038306819606,4.927518263949919,32.439254303762816,0.7356412178541624,1.069701975519465,0.7641447873088273,217.80708878423164,255.0,71.32268988499979,17.688257272802808,-1.5644212778179547,0.7218041981841642,368.8353847101584,3169.050489743116,39119.95082855911,0.5032552083333334,0.1209769490407514,35986.28603462083,0.0746704543641528,26258.9550185867,1.0,217748.01032464733,0.7576076935645499,189.5702826948481,3750.406118890357,50376.6408348745,0.5867125496031746,0.1188110989078583,36423.01851519154,0.0790252608215694,28512.462488035828,1.0,119814.32598150594,0.7384902355749459,323.81087988316904,3259.7447738166743,42874.53825860627,0.526469494047619,0.118691700251207,36467.48433028301,0.0747818308127247,27355.04593543042,1.0,176453.17930961383,0.7582459780719435,170.2394461616632,3746.028517593259,50381.10168522674,0.5857390873015873,0.1185938882165304,36434.19177922683,0.0790775644272971,28561.0243040574,1.0,120715.6167591142,8.127664399092971,97.39868851424816,501.9081167631482,105.52635291334111,1
11.548895454013882,-0.3034943643966979,3.073675663468789,49.7858357480604,1.6597012110240204,12.629253616114488,4.222950020601798,-6.093204391799697,4.2825602262740725,232.7329187787577,255.0,60.48881174296045,35.030203642275296,-1.1043570164279348,0.7475042569066355,647.8864510739332,6256.990019126344,23606.43535515642,0.3346207038606403,0.3069246183262543,13173.10884428518,0.1910790908982329,12445.605971762405,1.0,16643.780486732474,0.7395204211744888,407.4941928459088,7420.429850385127,25218.813525829737,0.3648334510357815,0.3110622354474862,12218.4024075493,0.2070010369021752,11643.800668337672,1.0,14959.69941928459,0.7416740312425621,886.6650453589123,5927.607470081216,22569.882021582245,0.3251750823917137,0.3036815145843969,13459.767617582516,0.1852325051085264,12700.45920177406,1.0,17641.177589756353,0.7383837637879723,370.1808572987612,7388.942159616822,25086.41561407409,0.3640021774952919,0.3099532715548658,12307.88807825226,0.2058573065776962,11775.547057261234,1.0,14857.19971302116,7.231985224436137,23.882536761850368,257.46361940298505,31.114521986286505,0
54.84996152722179,-0.0231684173090274,15.48485764658528,97.89188396850976,1.4571043963516104,27.40014732270256,1.2482419233293054,0.9276751339258352,1.2920574546039012,216.55416239344515,255.0,74.44690191086937,16.55909710717484,-1.5492587315151267,0.847621361790766,584.0282333888164,3786.092914661028,75195.47205002475,0.6499403536676647,0.1242827540462523,34750.25342570516,0.0833061207352939,31050.94971448928,1.0,59133.133267353456,0.8503757414350563,360.2383586668045,4184.110019646366,79211.4102471306,0.6786349176646707,0.1281392553092381,34106.05947333954,0.0893436128189106,30857.83922109495,1.0,52977.113337124734,0.8368343816699003,671.615314577911,3718.5883862304913,71533.38703981313,0.6358357503742516,0.1239518302858073,34610.216309676,0.0815164697996554,30535.21912114583,1.0,65461.79865358263,0.8528031709423558,304.88433309325376,4188.36005075968,80117.85394587921,0.6820031811377245,0.1279971537545028,34175.95073224269,0.0891028091907001,31075.69290788237,1.0,52037.68099427239,5.659906705925167,77.27967131488334,448.5133638333736,82.93957802080851,1
37.33702143272535,-0.5174130584192429,13.309589990307517,78.8018696081764,1.1627469241759203,27.040407313486966,1.7169770906064985,-2.3501156293681,1.7630450407345122,197.9811824830381,255.0,86.81184198095788,8.801147518403356,-1.970427635764332,0.8304144789287079,73.71275106145924,11191.245611129512,86023.84963413533,0.8869925213675214,0.2340175433082298,15029.154461140051,0.1584409955500286,14203.952461021989,1.0,19011.22901924177,0.8278132074468781,40.809610206762414,12205.08421449877,88725.69363020807,0.9200787927350428,0.2394082048550229,14600.747610511571,0.1681136877490657,13865.145468172748,1.0,17992.487085513567,0.8202156551594643,96.65087470888172,10766.831093366758,81449.48697414948,0.8630008012820513,0.2325474127702272,15154.59580015939,0.1555353177174899,14132.897570305284,1.0,20352.73207833306,0.8279461363563962,38.78052584993543,12233.368559281456,88809.09628973983,0.9203659188034188,0.2397041926952982,14577.894423727092,0.1687817348371367,13830.3536420161,1.0,18032.390077919816,7.612705965283284,55.80570382822678,244.89847079468544,63.41840979351007,0
31.4036212970314,-1.301303608399881,9.465491874095177,73.18408941809784,3.2915583828030925,21.338991175500173,1.9658225106191176,-2.53368661953105,1.981526279960436,212.8281184327278,255.0,77.48127219361602,14.480399917590384,-1.632854509482883,0.8204856811079503,244.5106500183621,3281.7170400293794,27505.98182152038,0.4265350877192982,0.2213023824516163,17074.069362835107,0.1455422877910749,15983.746761309389,1.0,22493.529494124126,0.815527391900354,107.20598164819944,3786.5074878808864,28858.576739958447,0.4523809523809524,0.2275982927912254,16267.46435682133,0.1567111798655842,15333.386443767526,1.0,20693.64164213989,0.8216406385399412,226.10121734372865,3324.385902521315,27790.342907946928,0.4294525375939849,0.2225250356710339,16994.641658687822,0.1466589039828449,15931.9340919004,1.0,22239.10456845849,0.8223133375837051,96.74805909804512,3769.591453579647,29589.32577044668,0.4552298715538847,0.2260795623152698,16413.20200434418,0.1560101366509168,15631.331877695116,1.0,19931.33011462612,6.788742041439002,49.18939133614349,466.9389571638093,55.978133377582495,1
38.463238514037535,1.301155033348845,10.935118892508145,85.76645421682043,3.447322220698491,24.084146165023075,1.8182586843301125,2.8871182121028105,1.908650282396328,219.40162866449512,255.0,72.90722271752836,18.69468553284844,-1.4648084239922494,0.8308712062880592,402.3849527665317,1752.1607062528117,23090.723515519567,0.3308035714285714,0.1730599049248728,27999.72787336932,0.1135773845556026,25695.40274783783,1.0,44755.73917566352,0.8353373143012638,184.33429015353013,2037.2939456982592,25020.321465251625,0.3531715029761905,0.1785536479752926,27074.90206199141,0.1244974749168712,25236.35397874009,1.0,37587.6854870566,0.8374687756507714,324.19198441413863,1774.9485666573894,23740.77645421653,0.3341703869047619,0.1732284547770226,27916.450375730587,0.1160073522096836,25630.453640288262,1.0,42061.20993598664,0.8352842831725523,195.9629258517034,2031.7647927433816,24980.907499208945,0.3527157738095238,0.179312686903414,27092.70074359245,0.1270075001760132,25194.913556902666,1.0,37428.16730830081,6.905390103924306,59.49185455099104,503.0105852026545,66.39724465491535,1
19.396690612082786,-0.2680662905811915,4.89947356614348,64.31707933077222,0.9883810150379632,15.735698279639772,3.0873489605529127,-4.741050436944407,3.132934503450872,227.2750621497183,255.0,66.22688038399036,26.48046153255928,-1.255907164411019,0.7742708624637744,415.5518104455198,3246.940864341732,16738.022326047056,0.2703251299076212,0.2706279764013687,18659.276856332388,0.1672839302763134,17495.551657576358,1.0,25185.959085599865,0.7655728057707539,209.2560505719446,4092.398615291993,18146.701023479836,0.2996896651270208,0.2796879942057166,17099.872636965683,0.1840095764380973,16192.39798827936,1.0,21766.75099337748,0.7706323354130047,362.7992334426869,3461.069444895573,17031.553545327573,0.2777406899538106,0.2734148792139813,18164.43092863871,0.171297198026001,17020.310320677923,1.0,24297.61503231884,0.7660496891736741,206.07242289145665,4039.343371849696,18041.985290995664,0.2974613885681293,0.2797712170998567,17193.088496648772,0.1848537699106061,16268.71737934287,1.0,21981.998604919176,7.237360438946176,35.68979305921355,577.7483443708611,42.927153498159726,0
33.34901868404718,-0.1437591163026911,8.701161813667401,81.86526517281895,1.1376625161269942,20.98117525102169,2.076979446550323,0.0515567026360992,2.102060630040937,224.87513120027089,255.0,68.37003498120825,23.54880062823004,-1.3218452560983365,0.7833094993151718,499.2393725526976,6029.261131562287,48784.2690567188,0.5048413825757576,0.2022734153209882,26796.029590377264,0.1280725312326426,23652.842110942034,1.0,50493.03501840606,0.7842215909188853,317.0660904931368,6903.229017926217,51947.52019186137,0.5355232007575758,0.2086964314674419,26021.189993589884,0.139645165758917,23260.66399580957,1.0,43385.51713047899,0.7829642387401374,602.7612171347024,5662.999540430061,47213.1323803304,0.4893821022727272,0.1997453922537933,27139.17091164163,0.124866112591489,23700.096551823837,1.0,54726.849829475366,0.7848422503014475,320.2679251932948,6932.900588144591,52221.6265832544,0.5373697916666667,0.2088477830340487,26023.2678260678,0.1397875677816918,23323.51647734694,1.0,42934.60121814217,8.174865978217934,53.90921110365693,465.3176699147012,62.08407708187487,0
33.17750425759984,0.9159393638290704,8.923654098617332,76.65156866485306,2.3520287682218486,20.13384218067781,1.917038684944312,2.588750975635446,1.961444250419493,218.4143722599605,255.0,73.99073725909423,17.963459260832394,-1.4833868033478512,0.798481854606587,293.6849806161157,3462.80416024011,28584.2965525866,0.4611495578623606,0.2103179857418825,20500.784630455622,0.13419472863756,18535.08310445891,1.0,36507.80586935679,0.799490735830165,134.54276214042685,4078.041099597897,30952.1756495515,0.4971933871587851,0.2172163908892467,19644.668612743582,0.1468906377748779,18031.87138613254,1.0,30150.229237550266,0.7906833736668201,286.89243822250506,3478.480114540248,27499.658860960863,0.4531430219146482,0.2135982345810503,20191.835804433133,0.1347871215738752,18086.24307444177,1.0,42031.94985682469,0.7989496646352316,181.0606589147287,4083.138565891473,30818.268178294573,0.4959630911188004,0.2176107832322165,19615.60089147287,0.1470528982525488,17955.02273422646,1.0,30526.9592248062,8.348731753143518,52.08692941536431,570.3604855898434,60.43566116850783,1
37.88036105604657,0.8033573880410785,10.262797948930436,85.8560378365429,2.050677679546216,22.96888369209648,1.852731108913432,2.583481481830682,1.89417353675694,223.8186244273156,255.0,68.99179672221159,22.456060668180555,-1.355873178585262,0.8019822039931791,604.9911901916181,2811.997956587115,31186.7500481937,0.4283991807610993,0.1763893457320299,29110.562786752515,0.1128997702901008,25594.66797682913,1.0,63150.22462119752,0.803238135784769,260.3826304606187,3252.15356358267,33560.579032664675,0.4586251321353065,0.1814380825001489,28403.50678863399,0.1220208915283459,25440.070183386902,1.0,50161.9704685418,0.7986526159089358,603.4935418215977,2722.717562331207,30445.859563975107,0.4219906183932346,0.175237385176735,29263.816196328626,0.1114357320190844,25587.77270545029,1.0,65838.34510156953,0.8037532743603665,356.3826418228433,3215.848734337197,33506.22485826743,0.4574028805496828,0.1801063603476594,28537.79166215289,0.1202578191121736,25619.453374258188,1.0,50408.4494276532,7.223611784703617,59.12963776468011,580.5412765957448,66.35324954938373,1
63.44636788272999,-0.8182651435574217,18.19514318708252,101.58524453172004,1.883703913972841,28.714558838255694,1.0081970868700312,-2.247592147007848,1.0566945850606335,202.4518826761474,255.0,83.722318930458,10.044918276351051,-1.8829429713061512,0.8543354070952188,269.63454887641353,5068.192738912928,85644.66914922708,0.8895232371794872,0.1487300202875564,30632.11151414738,0.100421823504694,28253.1922684178,1.0,43089.86858783599,0.856962152812947,100.68913241016162,5566.011641904644,89473.76996559463,0.9211810325091576,0.1538262043986515,30020.45564193571,0.1080341638957487,27960.77555149712,1.0,40197.87018383181,0.8489736963211874,173.4892877917694,4868.217922773786,82922.68555674808,0.8732328869047619,0.1465253661188027,30830.160892042244,0.097615097661343,28208.38688110418,1.0,44951.32624101854,0.8580238718013755,93.59823444081576,5561.686783905175,89849.08456997463,0.9222684867216118,0.1538976191934872,30063.465747686387,0.1083134453485901,28061.735585850674,1.0,40018.52748795681,7.398513251454428,85.0247804056194,458.4423641534086,92.42329365707384,0
35.489563012360904,-0.9235420168067217,10.821453306093078,80.81661518976979,2.442656029210798,24.258584177609887,1.8769888078985288,-2.939573256672492,1.9169736216381967,221.03974892709377,255.0,71.52404656279205,19.801966871003447,-1.4244265825938138,0.8088266669447015,373.0706927511577,2525.339948965126,25912.29368679709,0.3791929472477064,0.187116156203113,24725.061454493905,0.1205679452135761,22333.707526755374,1.0,39009.0477979397,0.8043636284911574,182.1944091769685,2944.9263615101904,27247.07622229647,0.4022272792431192,0.1918936922429785,23776.54520547945,0.1310129523419335,21692.227761288017,1.0,34865.6880498942,0.8005340292079206,384.64649303452455,2415.1672198667475,24727.74950938825,0.3697946530963302,0.1848682891165066,24864.39491217444,0.1182784754643993,22194.84840392408,1.0,41815.78672319806,0.8064353354841325,173.96206336131087,2920.8853886056504,27422.66021773493,0.4024243836009174,0.1915269263700193,23906.533049847498,0.1310189241555225,21924.88973442796,1.0,34594.17300799252,8.388507696656644,55.34944651105433,248.37072723101628,63.73795420771098,0
12.53639638471178,-0.1466231641604007,3.234084868421052,52.43199750446798,0.7218091866611169,13.137506321371715,4.029463033967001,-6.277787435952305,4.103711530686111,237.9845426065163,255.0,53.74604775739481,48.77167948096107,-0.9497697842057184,0.7730896602040572,1797.926777429897,4556.209543615879,24385.32351395205,0.2998697916666666,0.2624553816568756,18712.98713348721,0.1665578622970847,17379.04019669987,1.0,31304.413236739263,0.7654874355863727,807.9190221865698,5444.74752485698,25924.24384116865,0.3246367872807018,0.2671399951889305,17626.85478457284,0.1801773592311166,16526.460093753303,1.0,26076.554263156784,0.7730804019450803,1405.7436063600803,4430.725507440924,24078.03756335779,0.2961006030701754,0.2590256074562589,18889.153262202883,0.162335688866124,17476.835250193937,1.0,31630.097854514315,0.7613255143624268,673.724958705688,5447.078607428741,25545.25390707721,0.3236156798245614,0.2673966511634346,17618.417750201177,0.1792118834857956,16456.302701335335,1.0,26624.15340307484,6.208342731829574,25.72060159837755,531.4893444286585,31.928944330207123,0
41.75040817237653,1.948524578222661,14.197153884111092,86.7358658869812,4.2700090932021695,29.462475539139945,1.612177698553915,1.8673470990860692,1.644835411986317,233.1403085201372,255.0,57.21937139238195,36.04448106226269,-1.1460991766211437,0.7208276198714084,1802.8555506018724,813.0795066131669,12938.826645861198,0.2025830924855491,0.1037194624783575,34545.72343587457,0.0654371625210453,25087.96254331917,1.0,172274.81754346855,0.7639309023352574,601.3176995039869,986.2264079864382,17269.970992653984,0.2397489161849711,0.098436631427775,35054.52793997614,0.0669274628562739,27902.403571922936,1.0,99391.34830790482,0.7484516820730843,1029.386159097962,847.6685976345643,15053.689355539464,0.2182758309248555,0.0987756856256937,35306.319161408224,0.0634764334870727,26904.127918493366,1.0,131864.40202061998,0.7658782579364075,701.1201226571545,982.1036014894084,17418.323195344034,0.2405391979768786,0.0967042067440531,35187.28696141932,0.0659913430120808,28065.673135254183,1.0,96424.96320285366,4.647845293481836,62.912456808876456,505.4260666277031,67.56030210235829,0
60.61127043266007,-1.0541842940550583,17.48258228051822,100.2895896631768,2.5776067388801502,28.50558841338115,1.0748979160177634,-1.8825561615175244,1.104193919822399,206.81258102876356,255.0,80.68201656156073,11.722710209477366,-1.7917531449329576,0.8102197399649066,214.91720863608532,4498.580463687086,53089.36898587221,0.5850386570069204,0.1658483523291005,29256.58401007312,0.1074957594656313,25613.96173775348,1.0,52925.90652327099,0.8142520849304374,68.47747263004162,4973.631732680335,56550.76441521078,0.6154506379757786,0.1690159789350734,28769.561531619576,0.1146316271079488,25676.191225184568,1.0,46307.87795798697,0.8044548650431623,165.22612957973817,4223.703348089773,50910.24670947221,0.5694271734429066,0.1612612799665854,29684.89395539837,0.1025117531743147,25824.81462714608,1.0,55923.093060517225,0.8158619374418286,73.86391860961747,4971.548465169253,56946.22742654387,0.6171131596020761,0.1680660412324918,28827.79701685412,0.1137108313568436,25787.29130754963,1.0,45615.29830363694,8.518874672532032,82.70136110405608,477.12053370966703,91.22023577658813,0
45.995992518268274,-0.3783842672492923,14.48337875922594,89.54605392630431,1.9784176263944009,27.641306690279343,1.46518074001598,-1.3714931594283468,1.4813458492708993,212.0444681085448,255.0,77.87251044764085,14.01746783919712,-1.6548406483056908,0.8333669095870728,273.490535322687,4096.5854377161,48497.95938328243,0.6023810295643154,0.17237924127334,26026.152349688546,0.1128615254791095,23691.24425571351,1.0,39052.035463950815,0.8324670896204779,127.13903450035076,4695.219654358778,51122.67035265608,0.6354139652489627,0.1805780593531557,25023.098054970986,0.1249936172196374,22953.577018172327,1.0,35632.014667431926,0.8288134769749514,371.8853573644875,4142.550252273157,47773.407603270105,0.6007358661825726,0.1747628003928183,25847.42531635324,0.114537146055751,23376.85762816343,1.0,39783.16364028816,0.8344093796784324,138.4506130356096,4672.501465677653,51412.71841146032,0.6358759076763485,0.1798421706181382,25122.036412530902,0.1247407059347439,23095.951234375945,1.0,35145.597512171495,7.540906253442515,67.22223799960878,464.0823713746682,74.7631442530513,0
54.06451460094097,-1.062520685858108,14.190861469818524,98.33898087713658,2.250822841334544,25.523165749507577,1.292174960177512,-2.2080711992171937,1.3235420970561622,214.4013471191385,255.0,75.82521480415228,15.245623832794362,-1.6062725170930172,0.7846980795263366,230.38313586705647,5168.33356780164,52163.932868793,0.6213532561188811,0.1804993251044677,29659.128316444287,0.1154239843464209,25271.160074794923,1.0,76488.24655441496,0.7899718179699287,108.34018802613522,5859.733773016816,56845.53095876944,0.666835118006993,0.1828653448011247,29267.55984884173,0.1229378891622549,25526.92964790727,1.0,59597.11968744239,0.7755114317742485,327.4133505218758,4895.97933982427,49442.64057853016,0.6039048841783217,0.1783797150958274,29902.450520744987,0.1125066877823195,25125.78029170994,1.0,82743.23695310469,0.7937292590298431,113.4420229341915,5884.231521274212,57757.05896490621,0.6705774694055944,0.1827732735772584,29314.437521640837,0.1234101301971457,25668.81724485898,1.0,58250.06038047131,8.419019119939366,76.87599920284434,454.7556574047551,85.2950183227837,1
17.214435021308816,-0.3095135029233583,4.661099319350521,60.410361474434765,1.5965237969100912,15.990067690989772,3.285867966388414,-6.07108442971446,3.333326925760346,235.1718397788109,255.0,56.96471405009359,40.536437512054256,-1.044233814835932,0.7917758931363111,1247.1705013453409,3025.5066717917744,21321.85783317775,0.2605740613553113,0.232520348431074,21759.28109384438,0.1451582297527058,20063.051163754597,1.0,32698.21259129098,0.7859222555897225,853.7825335502237,3658.822997153314,22734.97468483123,0.2814789377289377,0.239852097413952,20498.91927612851,0.1607323637482327,19095.86232006269,1.0,28893.5451148841,0.7893299176800979,1778.6852439291183,3065.8865674907024,21291.791839859987,0.2616185897435897,0.2312009981064121,21621.518950995407,0.1448929511214335,19973.77255457493,1.0,35200.69221723911,0.782944113354208,718.037455848347,3661.244047467792,22558.200365918736,0.2815433264652014,0.2392214211019431,20563.14136152263,0.1582035084262954,19209.097657804115,1.0,28874.753767184204,4.479712595097211,32.58748765194308,588.220194721695,37.06720024704029,1
2.7808484386529115,-0.0741060087151428,0.8530746982416572,24.04014218539419,0.7291699426211131,6.735806727917557,9.032656207573144,-11.667284103020378,8.867732499034922,246.53985159197535,255.0,38.31368530070117,108.15749152846548,-0.662438108599524,0.7310042850519213,3200.32297415045,1607.8335753703166,5135.132249007648,0.0978402955385052,0.315903471727972,7830.142124116565,0.2031118860118686,7606.788743750842,1.0,8823.917804240487,0.7018665736378777,1570.8441681775016,1979.132608132608,5310.911421911422,0.1097186700767263,0.3103814992208126,7099.909004575671,0.2067924139061588,6979.957124686028,1.0,7604.286195286195,0.7287652751437725,3506.236808738906,1570.1268896908225,5062.278845216034,0.0971203940513403,0.3137890874534958,7993.304593777431,0.1968221082150865,7837.110847465695,1.0,8646.125524236808,0.7096947492759967,1474.9631411633302,1993.995446344188,5467.855228112381,0.110249123804111,0.3091693258833684,7079.851705472979,0.2116837108164921,6967.803966059299,1.0,7528.891399604777,4.827277283548428,7.96666548413742,458.6839775745057,12.793942767685849,0
61.17194394623655,-2.2122981075268804,19.512347956989245,97.5688705958703,4.061423505868891,30.487548896410523,1.00312978626503,-1.8010196292057623,1.0261636188694452,199.60662903225807,255.0,84.15028610619724,9.232885985967132,-1.9748015199081717,0.8374339021127601,129.8750441486317,3969.829750697244,54101.707961368425,0.6466497605846774,0.1641079074777147,25931.59839968822,0.1095616493665518,23394.065637242555,1.0,40694.70095848202,0.8388426911663598,58.4071637766724,4403.678722514062,57004.105550648506,0.6776398689516129,0.1684369985205297,25336.438020082747,0.1167835155362966,23170.1992973169,1.0,36695.343487053135,0.8336624882909873,130.84860239869386,3936.248499281865,53159.37291464627,0.6415464339717742,0.1644868045828093,25921.21383238605,0.1096853760838344,23277.358627924663,1.0,42024.22095235757,0.8424402177821954,68.19440070396443,4394.781863653205,57776.319261763616,0.6801915322580645,0.1674835942519172,25417.529108002964,0.1167580028119951,23357.746114595764,1.0,36148.933505464986,8.138655913978495,81.86034435502587,463.9252231830521,89.99900026900437,0
33.62649423664356,-0.9621103768656182,10.459889416039498,78.60755884261108,2.500023465728677,24.11242828399482,1.94848675049392,-2.6909336828004733,1.982568962885034,223.4825499028066,255.0,69.34754855011154,22.045385111490813,-1.3634562759382232,0.8149139866105336,495.4163344027595,3103.076590694138,33557.34078222651,0.3836734403460838,0.183617301915773,24368.385605400294,0.1222885617590726,21870.43073517662,1.0,42073.61250301356,0.8128630033107352,256.4435629345523,3521.785372773604,35417.129319252526,0.4062713456284153,0.1873327144099258,23783.59347799436,0.1308903478082205,21659.01669968838,1.0,36012.74202700573,0.8085377548066124,474.4214393653192,3029.085870797129,32380.441820929354,0.3766791894353369,0.1825971950332081,24366.1373441632,0.1199832130185923,21604.38071043393,1.0,44542.53299962221,0.8136195361806479,226.74027980129543,3494.796801769384,35418.75625340097,0.4053463683970856,0.186107052284221,23798.213133458547,0.1299706138292211,21629.76468982821,1.0,36082.61501869438,7.551065361968908,53.05503150878322,459.9471539253885,60.60609687075213,1
49.21769367710251,0.1330737634032798,12.556157622113783,95.46789287843129,1.1344859819821322,23.935084143676352,1.4522586851235564,0.925838018945126,1.4898676152323376,212.9749611288104,255.0,78.39897366638951,14.391844668871824,-1.6081220291231777,0.8579628927972617,423.3892526834537,3267.428029433606,51611.49559170999,0.5328110612338858,0.1529785240537089,31885.864335381084,0.1039529554101489,29975.902650044303,1.0,41562.01697157902,0.8552967078589688,169.78544066261162,3707.433881195807,53631.054458392646,0.555867288213628,0.1595979082239062,31013.04213795781,0.1132569056417602,29437.190791138168,1.0,38536.7266338812,0.8538168032890264,350.3675981596341,3271.456671326393,50816.09015892835,0.5300486302946593,0.152891908928706,31735.719086331617,0.1042563581611036,29633.17245028937,1.0,42698.76398257352,0.8544179557375235,168.0988545527332,3748.600061985872,53605.13768611904,0.5570686579189686,0.1603662368869668,30899.66553456358,0.1135769133594429,29294.427546981213,1.0,38554.08591500187,6.714683227809815,71.81281737424888,470.9731022917831,78.5275006020587,1
29.263253658017344,-0.4470300747570188,7.43472148302205,76.46753596081845,1.363123551074722,18.11814153386241,2.3053825016273626,-4.122502881611188,2.291315808546133,213.1334859042488,255.0,79.30940906188114,14.83573221904414,-1.583665088076179,0.8397950725328077,331.7314998921975,7342.4589032891745,55477.40330115229,0.6381941046966731,0.238455466588052,18371.81450782167,0.1698682385806276,17616.91895476864,1.0,23650.80310471217,0.834812144030393,148.60588939652868,7804.951708343506,56529.0171124984,0.6575571795499021,0.2421603589492464,17987.704646647835,0.1760759169309298,17342.731251535104,1.0,22217.535939734244,0.8395943059613846,232.30206581791975,7298.434830650973,55294.87434542397,0.6364664872798435,0.2387706965947939,18472.74138842181,0.1689664926602593,17761.21297041486,1.0,24120.33077107855,0.8328799183624683,127.40160289076252,7940.782104141574,56450.95684703048,0.6600415851272016,0.2446192253636085,17906.752779579358,0.1786701850619879,17255.951185957587,1.0,22093.518020939497,5.67652645972701,48.19985292002944,280.5073848827107,53.87637937975644,0
51.4777022600263,-0.0783112343852716,18.305211004273502,87.01976469898398,1.3493269056431778,29.123771022230077,1.1661751732047685,0.169742662023085,1.2073985803335316,184.51703648915188,247.0,91.84018187195343,6.165112344447488,-2.041033529244222,0.8697513964223613,39.0090777951012,4028.018432441096,49209.0319981349,0.7446723090277778,0.1794238135862182,17090.822072301795,0.1282735311337316,16355.084885289903,1.0,20344.99232103047,0.8809921597136382,25.09398202422821,4356.400882040975,52988.206498074025,0.7774739583333333,0.1841731936848158,16704.63872606487,0.1366363241976735,16229.704681277324,1.0,18736.82066097248,0.8823225341382244,51.82320188278514,4086.0250846679296,51630.65667872108,0.7561197916666667,0.1796591348200409,17063.490456919808,0.129802660121397,16496.768572783403,1.0,19521.34774123185,0.8791834158237289,29.609822379111336,4343.749369641957,52542.84879811733,0.774609375,0.1846996743748557,16701.85613828655,0.1371379260467656,16178.433099845051,1.0,18939.793270577688,7.176947731755424,70.11961821470452,674.6829621582473,77.29656594645994,1
51.12259813679245,-3.88939808962264,20.82375507075472,85.63725671006127,6.753071765128801,34.22332000774572,1.1193873384671051,-1.3788089671870398,1.1305574671380898,206.7543691037736,255.0,80.76444020158888,11.6062259584151,-1.7920868680252648,0.8442755504282219,185.02825982164376,2704.685406121957,44549.3107977826,0.6115860849056604,0.1434059199645387,21810.48941009882,0.097454300795914,19569.756227243462,1.0,34690.6027054712,0.8488866301496187,97.21494411798594,2961.1583419748818,47269.93346007605,0.6396668632075472,0.1459586817662591,21463.569334024654,0.1032400789366724,19594.21479447127,1.0,30975.75795022468,0.8384156430297686,222.98444039059984,2629.773933438597,43078.69073934972,0.6009820902122641,0.1424386664779943,21919.238575567582,0.0954615402884529,19486.51543821944,1.0,36042.33124338908,0.8460586468991764,90.07586516073984,2938.839477071252,46725.88116964815,0.6370596255896226,0.1452150241384747,21475.469334336,0.1019669821457315,19549.91783562995,1.0,31299.652344936298,8.758183962264152,69.78908148078811,483.8459003530796,78.54726544305227,0
53.4239440216101,0.4020515254407996,13.119762299563334,99.32292193862637,2.1943586690914443,23.89605426901047,1.3510046583455604,1.113599754087501,1.4014712696011424,205.7726082483868,255.0,82.48842673110049,11.148208798785875,-1.790338125083421,0.8330684136507576,164.4294236054303,6635.6998722391245,70998.73955164205,0.7352738429930796,0.1924800781235041,28966.252874619702,0.1270910298257984,26829.765098837976,1.0,42739.78064652518,0.8314119460564615,81.64571509023872,7458.297660216644,73958.79891414341,0.7680241673875432,0.1994060091545402,28135.66495956636,0.1381426495539132,26256.634362600817,1.0,38974.16542153938,0.8235719099361852,160.23247459229498,6255.211467738123,67314.04092649491,0.7148505082179931,0.1881319044719961,29360.84962420232,0.1215022784303897,26924.40469522173,1.0,45132.30424013236,0.8311438863743262,90.88790279978868,7419.538034865293,73864.82669484064,0.7675983996539792,0.198586625473425,28195.2323560486,0.1369157459177755,26341.36004755173,1.0,38721.57306744145,8.275654813717097,76.55274805441105,239.35247020749404,84.82840286812815,1
47.22738172283562,-0.0081774506266379,13.175579033460824,92.18113100738292,1.3045469439002144,24.94570828828501,1.4842129650259044,1.6692137282122868,1.5174796269262554,201.481436578384,255.0,84.40483984558082,9.787955157866978,-1.90220952446075,0.8299521578590837,86.84795844087088,6532.145104008117,58725.09716983213,0.7616431451612903,0.2163232248913637,22794.417675865265,0.1416122456127197,21567.884394357723,1.0,28711.85777468952,0.8268451638073504,49.07301946199522,7329.308137692032,60886.98015764005,0.7950772849462365,0.2225505268991502,22011.812987342302,0.1519728118961013,20944.176196316886,1.0,27034.97991462925,0.8203400952560023,120.17000419315724,6214.972574485205,55690.39373746303,0.7412550403225806,0.2142028350361096,23031.092340121715,0.1371584465857957,21558.183490999378,1.0,30645.31344416868,0.8267341677639004,44.38538842765164,7281.871738393765,60743.85545154185,0.7932795698924732,0.2223070149980325,22057.634244747544,0.1518597734764102,20990.310050004184,1.0,27115.696765926805,8.515835558442184,68.84250703352629,248.5124697639503,77.35834259196847,1
62.75055295798696,-1.1789172019301428,19.45509255835399,99.2154807371732,2.581797654481018,29.93082256803161,0.9856119337028452,-2.216857326286394,1.0097611387236851,193.51396706703005,254.0,87.24795070450563,7.75628448955344,-2.079797832885249,0.8469041320597075,79.49791720665013,5921.258395971415,72978.7234605843,0.8225816276803118,0.1771581841575144,25005.63556670493,0.1200887670120882,23082.68912291751,1.0,34975.73100492465,0.8492999244612213,35.763794746639824,6466.058955562879,76426.85775489663,0.8548900462962963,0.1816411151382338,24437.365241246625,0.1280690359018042,22770.794641350043,1.0,32459.98634553892,0.8493673923380878,90.06574740763392,5895.165614893479,73383.30763670735,0.8217059576023392,0.1761503719719998,25011.121635020805,0.1204120910326932,23065.909284066507,1.0,35039.12080101563,0.8528846044416128,48.31786617001463,6486.118087889672,77487.38605826792,0.8585754751461988,0.1813053303904735,24439.860290009317,0.1286364438807721,22828.70675645701,1.0,31958.66209924172,8.429699019862955,83.66001385531136,465.24149825653336,92.08971287517431,0
49.049100587885896,0.4069080171796716,12.25877629114059,91.62059896894866,1.508063507065247,22.38435200004005,1.3646138947350994,2.783475059971465,1.4213777430167471,208.1884318981404,255.0,80.9211335380384,12.346578748106532,-1.7354515213206332,0.8223954631008359,133.45660445732923,6444.965613738399,63039.03648003865,0.750589337524178,0.198235471519016,23475.48289746532,0.1308193479060706,21284.990595112708,1.0,57487.62835457309,0.823062016105966,93.25249851336058,7117.185340776122,66350.07552128292,0.7877629352030948,0.2013660100465023,23081.8961654294,0.1383381070662945,21116.993709602182,1.0,45979.46498244807,0.8162948415500005,310.52510148289286,6070.222309667799,60275.22065280424,0.7296300773694391,0.1941771197543757,23870.440901747992,0.125976150531738,21450.51754634534,1.0,61787.32996437744,0.823704322448671,89.20284677056294,7100.866971905861,66548.6586174197,0.7887980536750484,0.2010265193465432,23124.769605072845,0.1376410849616493,21201.538609593357,1.0,45388.75433672736,7.486764952253309,70.37915550327754,460.3570771212958,77.86592045553085,1
31.97077079450542,-1.771568981385609,13.14495726053243,72.58111447679838,4.322481726489102,29.32582908809741,1.879767356513836,-2.4318699487463853,1.886247623616756,222.199661765721,255.0,69.63023039235534,20.759968325906435,-1.4131938692197743,0.8149711445173616,407.6656035484212,2608.337036645897,29427.53395289893,0.4212788297266515,0.1834834067924923,19496.693209420213,0.1203544677711163,17280.76616596636,1.0,32358.99482521913,0.8168455995354478,255.9071936949616,2933.4468615545456,31127.136153444048,0.4425718963553531,0.1862986975752635,18963.14017451445,0.1271735705542974,17032.829564623866,1.0,29384.76456632756,0.8062348163036991,459.8958188757807,2537.9260496183206,27986.221027064537,0.4103075170842825,0.1846963316810709,19431.362703851493,0.1194219803739551,16935.867825663267,1.0,35539.64074427481,0.818282581638221,236.92245273214212,2941.260622776512,31435.13894551705,0.4452057232346241,0.1865201198882743,19049.235659751368,0.1273880408218907,17210.53921806294,1.0,28500.896470400126,7.640706610524378,49.7095259534724,406.44535500772486,57.35023256399677,0
21.74754083209741,0.2117978221840609,7.265817071266879,64.09096899551903,1.4961884093818827,20.8211585220712,2.708098201676941,3.94975008116598,2.786295638186795,220.96415970650224,255.0,71.67306016887744,19.86917498032647,-1.4246290117919571,0.7892368903754942,303.4938635661527,6804.258685090011,41408.47920352739,0.4994249326750449,0.2550478809350118,15034.904737832449,0.1623044595865979,14122.865068014478,1.0,20178.15460443171,0.7908738056413264,174.35921196075378,8054.674998702175,45125.83265846442,0.540366921005386,0.2599402655372388,14188.12168405752,0.1762322790667891,13497.378652776171,1.0,17742.85604526813,0.7935338593505146,298.2831548198637,6886.117373765475,42305.76745027125,0.5041657315978456,0.2553410769927077,14979.95534844902,0.16354466249045,14141.003925469047,1.0,19947.638948393374,0.7906668426686421,159.40389632302362,8057.232429555986,45095.66990278661,0.5403318559245961,0.2604389256134756,14207.104663387285,0.17738839865595,13515.074780601492,1.0,17619.957428582555,8.03502068534853,37.65560249546005,510.4811729882288,45.69062318080858,0
62.82868219908013,-2.176704899145821,19.993953024725247,95.7543395167002,3.571149136796545,29.42045808161571,0.9106873451561434,-1.6950097096453534,0.9272064851930112,187.11274425972763,247.0,89.90837466459726,6.430061636170837,-1.9982762216650496,0.8604962868644358,51.46082486117748,6590.847748356375,84883.96178879203,0.9914235305649034,0.1771243668591223,21972.9133945196,0.1226269075685855,20580.236555931348,1.0,28628.63762790621,0.8685911795139061,34.498860088809806,7087.031440895406,90035.32734118693,1.0282533407390466,0.1807779571223527,21570.59825875587,0.1301425929130668,20464.07267584436,1.0,26611.854440887462,0.8601370249380832,98.91433214223534,6569.509314607393,84247.1092217515,0.9852076322409906,0.1784635187204574,21962.331595048792,0.1241851887531838,20474.116668302948,1.0,29200.860392813614,0.8659248665778183,34.34343900769071,7085.984379727083,89186.63318631276,1.0259581141568923,0.1814119091728779,21577.24181965829,0.1305382332358807,20435.06384571859,1.0,26750.93291721733,7.745335325514622,82.24719533638087,547.1431061104062,89.99253066189549,1
26.37292738817638,-0.3889795230937065,7.04352642189566,73.37511390028307,1.950062230455212,19.16251481891747,2.470740760769584,-4.558894060867734,2.511786489853153,226.51026861799733,255.0,66.41976930879085,25.344686051469168,-1.286803538095033,0.7983606008847636,575.2456913392664,3630.7580204037336,27440.56474929455,0.4008038697104677,0.2266710891051342,22991.39789450836,0.1435704640360955,21120.371005969177,1.0,37195.52537443022,0.795658407962403,323.1065597191608,4192.577067515716,29052.89019511797,0.4262597438752784,0.2308261459131504,22122.57078128827,0.1546700765263229,20602.832398510374,1.0,32689.205445342475,0.8025201588583667,618.677566107478,3529.4551081559894,27552.228188359837,0.3977676085746102,0.2234855038502081,23243.80389755255,0.1425347701228541,21396.07023576898,1.0,36861.23326261455,0.7960252772193909,283.8214628175048,4207.098296439865,29088.1889829644,0.4264250417594655,0.2307563352623319,22020.560012241152,0.1547459065932676,20430.903424991884,1.0,32466.647026420484,6.987868702458938,44.92225518537838,607.0245580506449,51.91012388783732,1
28.09116443637855,0.7676708212953406,7.622179563398938,73.5532816488723,2.3322135591776614,19.70876447945565,2.2742586974875016,3.122490128185413,2.3240039767342697,229.7033143159117,255.0,63.27078396762407,29.51361033267755,-1.1994486600813754,0.80023809552295,908.4106106318036,3223.398983750596,33956.67698794968,0.3700591530536294,0.1845261243830005,25123.981545193103,0.1164196825573825,22402.367578121564,1.0,73104.08119409304,0.8048603402518603,456.1631168915308,3802.4346058534848,37519.49610469542,0.4031091262845875,0.1891104101327727,24672.96324970441,0.1263936534481179,22435.538379485977,1.0,42218.60870410263,0.8030202842119412,953.0979482511116,3201.49371520605,34454.34042925668,0.3729515153889346,0.1856870387174013,25458.00751024124,0.1177336539986969,22602.406304781634,1.0,51492.21147718917,0.8047043753732357,439.01143329765495,3783.053485128604,37465.05980993156,0.4025933325498492,0.1885783129258597,24700.744802309364,0.1270518211690052,22428.43027146761,1.0,42262.78664331355,6.311044358918197,46.59859088790403,503.26882857035,52.90963524682223,0
67.80733571967518,2.12114063248539,21.64247267833189,102.62949258043298,3.7959447969404585,32.522755408727754,0.8815259554388827,1.5061176535595089,0.9304504639419056,205.46762719172176,255.0,80.19013366271234,11.22847140211541,-1.8530598670635583,0.8216580201060628,213.82435080842723,4673.352492650662,82585.5414778295,0.8677721088435374,0.1368013790043102,31083.29817644537,0.0871760095939259,27120.353822911213,1.0,65500.17992099461,0.8393721433397964,87.31873376554812,5494.287943741685,94269.7669348651,0.9437380420918368,0.1411376595330308,30518.81311286156,0.0966637837751431,27531.635655998118,1.0,50546.16818364201,0.8291488816729908,161.18931269303764,4940.45843039482,86683.53717858074,0.8926246279761905,0.1386887346486677,30853.62706806088,0.0897774112244312,27200.86586342711,1.0,61716.46588025156,0.8366300807933383,87.24729375710544,5481.585438188918,93270.33608253246,0.9408017113095238,0.1412830595923389,30523.165530974387,0.0957840159497765,27478.017550490546,1.0,51479.296172069735,8.683580650570088,88.63001360480581,630.7218079096046,97.3135942553759,1
20.105779113211277,-0.3713193588397324,6.25160310992406,63.248289958040125,1.399728226684915,19.18279505611661,2.9004336851775308,-4.230999996945116,2.9552520805238367,229.14279246374164,255.0,64.06124149434567,28.915336085053987,-1.21089789706342,0.7809576973385992,776.1566850113305,5133.776195100896,31601.671486637173,0.3693797831632653,0.2445614336847867,17945.874303082623,0.1565899488310503,16253.105151643447,1.0,29011.83349519801,0.7757819898670879,297.1799635209079,5921.324799027224,33259.23711409849,0.3933620323129251,0.2485287980753815,17120.546527730865,0.1684583485668511,15615.320302528788,1.0,25996.209214348444,0.7746071497944855,615.7562135850726,4874.363448631905,30296.85127959289,0.3603050595238095,0.2405493704945308,18195.59467881112,0.1502893639331759,16352.461822008816,1.0,30581.43281215429,0.7786644164902089,320.9851112043643,5924.081527486362,33723.748501888374,0.395773543792517,0.2475405091155689,17231.876475031473,0.1666896414876386,15860.467606538095,1.0,25115.019890893836,7.25482810573894,36.08375310985451,560.9475491131033,43.33858121559345,1
53.83886190910355,-0.0212823940288351,12.48540822528885,100.83652319943336,1.1936118750717564,23.02915645260585,1.3570893531284078,-0.6428589420544872,1.377903886079315,215.02769750634877,255.0,76.53029203793274,15.620657393757927,-1.566920813806854,0.8047141713099921,223.48217731122665,3639.778769743942,37043.66149972203,0.4885448619631902,0.1763099286171765,32968.29587298473,0.1138152846541299,29309.365486488667,1.0,147263.48615062624,0.8057735301362741,139.96640707801484,4200.168978388093,39597.11815123727,0.5200584739263804,0.1840292131944838,32039.733821790087,0.1253425360437061,28766.303743457447,1.0,76088.90942045681,0.7933899565258364,270.8473651518458,3545.63105410714,34979.8142092098,0.4758355700408997,0.1762685013393969,32890.02190810348,0.112511817216177,28615.683975470205,1.0,100034.3745362365,0.8033608367397498,128.44638912489378,4172.183965397389,39107.46333513555,0.5171188011247444,0.1847014933971886,32058.76850235576,0.126184887324545,28648.72950751485,1.0,81788.79153471846,8.321470332194938,77.63822157235442,526.7522717116043,85.95969190454936,1
26.513191693673065,-1.1049267010796084,10.362322275264724,67.40427708547806,3.3628510961455294,25.62523944976961,2.2370719379463213,-3.2600431121726605,2.2651942102796454,216.962941400969,255.0,74.67262122253746,16.84134050248611,-1.528152807935077,0.8169100471656615,346.052982346182,7244.210863888018,59844.94235871723,0.6458468264248705,0.2252452053327013,15266.098370416796,0.1476584391065369,14182.703975263175,1.0,21038.70155646088,0.8220116025349048,160.29758323009457,8184.506636776591,64619.32039407705,0.6861641839378239,0.2278866490361163,14783.165919414783,0.1568975125647667,13974.588812720547,1.0,18530.042731008987,0.8210750284573054,275.5594514261876,7188.314533034364,60640.43630390572,0.6468925410189983,0.2241162259200295,15355.473880168953,0.1477388030917517,14330.55223471818,1.0,20646.62900349377,0.8184596518314502,173.42561433598485,8215.43796512602,63843.73383209628,0.6844438147668394,0.2287822780086923,14696.19965303447,0.1573329685434148,13816.610625631622,1.0,18915.57940286444,7.426241809137542,42.995280437370205,588.1262786941413,50.42152224650775,0
10.597840079515676,0.2572336495888679,2.8552405529953915,48.38299127542312,1.4211081888357315,12.682257742237894,4.442025877783361,6.949207234323168,4.547157977579854,240.5759067497967,255.0,49.49116318106584,59.19526702268569,-0.8743435589156825,0.7685285210822663,2101.142050594217,3106.17664306435,17670.274337939423,0.2376289729601518,0.248658726210736,18696.2413986712,0.158490291263756,17236.12516024529,1.0,28011.403880345613,0.7571113417131106,1005.5933012985528,3781.682684056976,18717.492706366917,0.2591467030360531,0.2538304066932069,17670.184228591042,0.1713499060956494,16533.00360470847,1.0,23617.22535896116,0.7696276958545026,1923.0602896914972,3058.234700275897,17612.78354652621,0.2364207779886148,0.2487470318865414,18904.168861299226,0.1563089282546578,17431.134948747986,1.0,27551.457957110608,0.7603556902387635,1066.785114828466,3845.837595690388,19063.768018145733,0.2614296726755218,0.254667080603247,17527.76450240998,0.1734385682410542,16424.59491251917,1.0,23441.117805500424,5.597292852624921,22.66641760816242,474.89048612721234,28.26371046078734,1
61.76667616362104,0.5914165546249271,14.596113110714672,101.92042591051596,3.468495683726312,23.89249218350943,1.0697150859249978,1.527852201956944,1.144002616137882,204.2568755264218,255.0,82.66489503156207,10.762834606252158,-1.84152382172157,0.8328504868375849,275.6799019836329,7089.541873364452,97824.49284520472,0.8915451652735562,0.162344101968795,31118.32376031269,0.1047161033978333,28369.276316144795,1.0,57652.148635961086,0.8457647502742862,146.3560504343373,8164.342829843439,108102.80006120066,0.9506138392857144,0.1710218172366842,30341.65261757708,0.1173952103170072,28310.04174967222,1.0,47260.00126148293,0.8471287819350325,260.42670973994507,7516.477615894039,104772.3377354224,0.9188295497720363,0.1653346566581726,30751.344952350184,0.1099534161915582,28451.48991630344,1.0,57650.5778064933,0.8480160174452457,148.30000062276972,8164.391155424635,109065.85924781876,0.9532496675531916,0.1704624776394777,30366.79240594621,0.117301078136916,28410.838403457597,1.0,47871.38162704813,7.058030646249784,84.05684480019256,497.042213159925,91.11487544644235,1
40.82908476403647,-0.1971489366063222,10.940477563787216,87.89505940523121,1.2270813617405212,22.728859738236206,1.7402498702458746,-0.1283157475947891,1.7766894629453025,202.873606191788,255.0,84.38916256353482,10.244123315715449,-1.8530718480219703,0.8170291788389439,95.56199180031116,8927.930361353829,63928.10445307684,0.7560887192234849,0.2403298059271658,20639.250589536103,0.1581980644667859,19449.38070070406,1.0,26625.919010949227,0.8118229518413389,54.72037011075284,10017.82566475069,66086.45941399131,0.7915704900568182,0.2472085827329877,19822.199037338192,0.1699238712325722,18746.76422832587,1.0,25080.100014019343,0.8105098480272438,108.50303875660056,8642.969273687357,61714.63505031384,0.7425574100378788,0.2373131548295458,20782.855853342637,0.1542829412322335,19440.44709293281,1.0,27877.765637142573,0.8112126059157927,67.8500140594245,9962.119636329551,65784.79848158215,0.7893140388257576,0.2466942334965809,19871.435354766145,0.169476147749537,18789.844308660344,1.0,25176.72592557878,7.759322117276663,62.01080692616392,552.0427062431378,69.77012904344059,0
31.42787715027001,0.6189717591335572,9.69528716022566,73.5893367098974,1.6554732021150464,22.568294874957708,1.943921165373532,2.537708082741479,2.009086400813699,231.12050864331613,255.0,60.99705302815389,31.809690249805463,-1.174457953517624,0.7830523322875758,1103.1170022371364,2933.25832534356,35730.44304889741,0.3989926360419522,0.1619917599201822,23208.391434963247,0.1021612011525992,19390.726160992617,1.0,149228.46305528923,0.7958443187721372,658.8173107633344,3442.4480706135128,40790.15867715804,0.4391724313813,0.1618019277763514,23027.286606079964,0.1080863603331221,19967.643363971496,1.0,110614.07999187017,0.7839914404048207,901.3095241872788,2968.8485459074395,36089.819495787655,0.4018553348847588,0.1617705109490297,23167.57402148217,0.1024196420778885,19369.63328965515,1.0,270142.3941043012,0.7952027626528503,432.913863012106,3419.656454824224,40685.951706898806,0.4387070037297969,0.1613729458692132,23030.997253266287,0.1081005464435209,19915.02974303778,1.0,101604.78710633784,5.772745648173289,49.70672833484932,502.5295298566694,55.479473983022615,0
43.90149927997379,-0.3077830910251096,11.886926285699502,90.27692694554348,0.9644130865029652,23.78423807735293,1.6098229823139822,-2.2063856591729643,1.639277982008965,205.58732581401765,255.0,82.72345673370508,11.267710879405984,-1.791970843712924,0.8073997122478666,113.15754694349334,7512.124790090071,55914.52171068415,0.6996612548828125,0.2270475291895448,22553.79494253375,0.1498317207982996,20723.771068780447,1.0,33055.711741870764,0.8096049011568692,55.774224496322354,8461.746918101448,59538.100529209696,0.7395706176757812,0.2333632353287578,21868.220380246963,0.1605013191660526,20394.18419530709,1.0,29474.561962924374,0.8082037549613632,173.34463289296664,7309.166957058733,55384.23786418473,0.6918487548828125,0.2244593190398486,22750.510884188705,0.1461515207645097,20849.83518291353,1.0,33452.19508833065,0.8076845976692545,59.31461105292086,8387.901510987587,58903.21628796914,0.7356796264648438,0.2326743751371198,21890.999595548965,0.1593144641943808,20344.53517559181,1.0,29817.862600723864,8.051928118101545,65.55137963972274,562.3336090432865,73.60330775782428,1
73.28074646664903,-0.2228776235791686,19.06330855141422,108.30293191436762,1.611829047856041,27.72190730795966,0.8215795473947867,-0.6815343741110547,0.8430297739492106,199.35217640320727,255.0,85.15882077515435,9.072720277011214,-1.96037790649028,0.841369947230401,142.36971743309329,4462.592035935897,66849.99803786815,0.808642074742268,0.1498247652998995,33359.726367267256,0.1002741151989901,30145.308686285414,1.0,53065.94451250486,0.8439879567897383,74.98249618752578,4848.137930042297,69993.80178011375,0.8397471005154639,0.1539838067116614,32885.89832442957,0.106768237642002,30105.926669092805,1.0,48003.38780775539,0.8269839407875741,131.84603274885296,4201.365125889408,61909.76175779106,0.7776498067010309,0.1462221257541893,33525.40779675412,0.0955493556339089,29677.184215086607,1.0,59543.335794848426,0.8432822737995758,91.40680196317604,4823.342845068529,69763.54404179913,0.8385711984536083,0.153645557624533,32907.78070824169,0.1061767574551575,30109.121157707446,1.0,48185.9252667672,8.440259053661116,95.09066164670972,240.2536191417157,103.53092070037084,1
12.713485937660884,-0.7864564082197019,3.940177250194902,50.33985439460334,3.55132104761876,14.927493898793324,3.841873904758893,-4.612643776193195,3.864430258514094,232.89744494947263,255.0,59.67900506634059,35.35020408057055,-1.1110718933379145,0.7784293729171742,935.6178860149588,5418.813519343588,28009.2514767252,0.3676692955407969,0.2770772442968886,13616.65268229744,0.1748294372434185,12839.319298656632,1.0,17486.041771667034,0.7742189095822586,405.8908819968334,6342.786681568408,30070.044686597743,0.3979260555028463,0.2788579083237495,12808.899189717798,0.1862244023140754,12216.148098103762,1.0,15500.385880599795,0.7756014253863455,838.1827189452612,5370.782338786323,27727.97134653105,0.3665574596774194,0.2751131741482514,13662.455543647504,0.1735728425820439,12891.255843869134,1.0,17619.285988716558,0.7737219010335208,428.66096164960754,6335.158733709939,30000.585062550104,0.3975702680265655,0.2788798501376068,12806.913809497177,0.1853113363629202,12213.954447952709,1.0,15585.759457091188,7.16872600503067,25.24533447597162,482.5221674876847,32.41406048100229,0
24.630280584459783,-1.0430299280365645,9.079488840805212,66.05808195380624,3.19167191434587,23.649770225096088,2.391235337564011,-3.384396302420205,2.424882241160655,220.61291938150345,255.0,71.76292517793813,19.6009035156682,-1.4375283839071296,0.8054251024254534,271.34109532914505,4811.333071565146,35553.28083173996,0.4049778761061947,0.2324315829174806,15138.054168942912,0.1545323533720858,13781.892023001255,1.0,23840.851287216607,0.8074764970408698,145.8937531218278,5361.235212606545,37955.27530090392,0.4290860066371681,0.2345476076665195,14756.46871727116,0.1637274716797759,13651.119940691546,1.0,20709.87198491855,0.8035768846213586,477.5264560865551,4587.589612697528,34634.61241876753,0.3968266039823009,0.2305492560663823,15424.856421067305,0.15094694722952,14021.397724984588,1.0,24405.20565534784,0.8042027775620972,145.6160131774433,5356.200762224663,37547.13749111815,0.428125,0.234850700517857,14746.122779536208,0.1632548824208008,13614.921019960855,1.0,20822.73201020606,7.9318827190508605,40.99694080097494,570.4875881891821,48.9288235200258,0
23.547233813063546,-0.5443777162942025,7.266305582603049,67.63154313835942,1.824273654533272,20.17210141197435,2.615311202910629,-3.809724882534126,2.664957157294098,218.03816467570712,255.0,73.57719304247638,17.615753900091413,-1.5070635530885776,0.7893500803452855,249.44557208758368,7984.170242349425,44716.50095510364,0.5639877462476548,0.2690018463950471,15404.972399454227,0.1713678718017229,14454.155484195928,1.0,20209.53507894224,0.7844239700487389,150.19119158306827,9125.213653046245,46937.689209689255,0.5990560506566605,0.2726850606358324,14623.327342794226,0.1819691655811139,13785.75002708452,1.0,18643.40452654759,0.7858404673615711,254.52368335182405,7954.937218560334,44104.25479344776,0.5614959545028143,0.2686177930172753,15428.788905566797,0.1702918238401031,14450.773681389472,1.0,20459.46274228284,0.7884541855125713,112.12733711219347,9291.78536638426,48068.662343940734,0.6063921787054409,0.2738873757426519,14611.012895662368,0.1848603671178965,13884.345665439296,1.0,17992.90255133489,7.143748862026108,40.39081640511181,410.7733198329325,47.53456526713792,1
21.568005726988872,-0.1450792940736756,7.867153888979733,60.37934556593736,0.8457997389319512,21.10732196968543,2.5514888853322235,-2.752803319256686,2.5551745003716926,221.28071589307544,255.0,72.43315814891137,20.439380086298964,-1.3965682969781434,0.8261543828867236,540.4012139264338,5572.440694635681,45622.502571163626,0.5206431413857678,0.222474521744654,13586.07904571894,0.1508683291763703,12742.687122147348,1.0,17688.88449433782,0.8273750437769632,249.4387831479897,6159.929560521813,48225.85484388366,0.5472846441947565,0.2263715674687671,13244.099497433705,0.1601987348157677,12641.57764818936,1.0,16048.091704982891,0.8320666451441283,613.1827896591915,5471.530436858438,46366.58313791022,0.5209284293071161,0.2199889540569034,13768.873716877535,0.1495525009510655,13037.153666908782,1.0,17182.183941134343,0.8253357712284474,271.7218450452388,6112.122165010823,47676.41309170106,0.5441172167602997,0.2257420217847673,13254.535928908486,0.1590900544479324,12604.540303277923,1.0,16283.20128255112,6.586142322097379,36.33740632400384,599.0411168600558,42.92354864610122,1
61.46891686370323,1.0825687745201074,18.08647692044977,101.35362991556556,2.0938128830884093,29.650952573542565,1.0620325291297514,1.878341019947586,1.1067879664631826,218.51430923357157,255.0,71.94977863825247,17.90581118359869,-1.521298249569485,0.7679222202135713,306.09273048054786,2976.370712598308,36647.28677372088,0.4758794398907104,0.1471351278563962,31905.14917317066,0.0934629625231498,25654.36720192592,1.0,131658.76865225323,0.7785026194407166,158.3633167061902,3413.8389075149234,41385.49622482078,0.5220713797814208,0.1491113561523072,31719.69536893177,0.1001710160379823,26125.12756382422,1.0,90661.4318832284,0.7622932230693148,372.59232735007424,2906.541110039939,35259.52138517804,0.4649718237704918,0.1477536892342201,31773.400679428916,0.0922853834815998,25287.660338648788,1.0,143290.2456502777,0.7802172456917161,187.81180332353145,3376.699268276004,41438.40767284415,0.5202285405282332,0.1480919170500571,31776.879067222868,0.0990913924955842,26260.542576993637,1.0,92617.97886890516,9.0161701345103,83.79541194783138,480.98339563592106,92.81158208234169,0
21.981354375563416,0.6979276367796965,6.554025501005477,66.81702373483306,2.403168738896793,19.548878532561897,2.766058918541213,3.7674632182464234,2.840370143391812,231.80928160321756,255.0,60.80474616399656,33.353660783875966,-1.1441895506430413,0.8080554602973277,890.7404016814572,3472.8789350770667,32748.35039701074,0.3334641646730462,0.2011621786212216,22998.29205044372,0.1311415190502067,21008.59903201415,1.0,40557.06497898178,0.8093802069756565,449.56450774508784,4117.838028901133,35534.26711023322,0.3595619019138756,0.2061414895189711,22082.23020410992,0.1426436406896732,20482.160403611844,1.0,32274.34714280764,0.8199405077092592,990.5159786339692,3547.7200205583804,34398.454395271576,0.3394076455342902,0.2015490619886747,23024.875474953653,0.1329603835898652,21202.66716515864,1.0,35769.541125938435,0.811054407837213,448.1768549892816,4102.386660673536,35787.052728027105,0.3603718102073365,0.2057039498628817,22204.309107253997,0.1420943607363669,20690.96703508503,1.0,31438.16874697462,6.7739893211289095,38.93043517708019,487.3015179113539,45.7044244982091,0
40.96466208141548,-1.5226463937333714,13.224113969708483,84.52555802783624,3.3269470708223645,26.65125080525544,1.6241257537356577,-2.1381322904819235,1.65408853938038,213.5310199456667,255.0,77.00167606469003,14.8895513567367,-1.615639379829656,0.8090033395196246,192.15795685319668,5635.320570754166,57572.620099733125,0.6153881386097152,0.1897768323756488,22672.80158637335,0.1236812744642353,20298.80699819076,1.0,37467.18142284505,0.8204632666155267,135.02001944405865,6428.343981270213,63739.54790579552,0.659560824958124,0.1940298774080595,22130.20644431658,0.1327656875724615,20340.019191441057,1.0,31439.41259102002,0.8191482014597525,349.0879062784157,5558.34007908816,59440.70750068726,0.6188363693467337,0.1885097039808237,22936.694855040285,0.1223486269464715,20726.50709064257,1.0,35824.68212480704,0.8197820658283559,135.1261052944971,6424.743700689724,63611.66888304471,0.6593187290619765,0.1932128423450998,22130.866034833525,0.1323153163206556,20320.92232886492,1.0,31406.449977670814,8.479533521951494,61.13184802563164,297.28283537738395,69.61138154758314,1
69.00251937268644,-1.879852800732443,19.884911404194195,104.22687444233276,3.859035580314967,29.890648938500416,0.8663818835668086,-2.0904739699128743,0.901236580613102,212.190183032226,255.0,76.26521009588984,13.965543696901726,-1.6839847519182738,0.8247253509216369,406.6108286879594,2578.7480629667284,54513.56585913122,0.6212897885687733,0.1057387292438628,36636.21186410967,0.0685426623273484,31530.340063045245,1.0,78635.54468323808,0.8357060027888552,152.23607441595317,2866.315083811132,59894.53596369098,0.6622981528810409,0.1068371143563504,36287.55967637611,0.0725354625397744,32072.24803469488,1.0,63979.22092373132,0.8166239256980883,368.7575793631907,2504.766598448432,52394.33342058922,0.6102172397769516,0.1041179308726315,36680.5635024511,0.0663104509839182,31186.80962688218,1.0,82930.76225548523,0.8366394858452173,141.85741769052512,2876.5613003366707,60215.68881990293,0.6642367565055762,0.1074666877937907,36273.61862183552,0.0732356254516961,32067.923970718333,1.0,63055.87443706003,7.803439648300302,90.4436654321991,474.23342304869095,98.2471050804994,1
7.037429320705237,-0.1803709377682604,1.6134746762006285,40.19905190929908,1.3678567017462624,8.81533731737959,5.644894967188712,-8.147380320808104,5.633197036591673,244.3629477298669,255.0,43.40135712614781,83.20320611883623,-0.7352571192105403,0.7554113726189455,2349.458538184202,2293.15765322845,9738.94143996504,0.1413197875494071,0.2807768164743736,17980.659565169888,0.1834544358256861,17087.4488663335,1.0,22271.193051458537,0.7298984528725948,1388.0053760714104,2749.782167672566,9791.35512501902,0.1522125123517786,0.2812062057634571,16661.60840898717,0.1922049693551402,15809.91465094351,1.0,20707.716082568342,0.7414808472631232,3262.0661205043284,2006.119051769217,8802.130788449247,0.1328665390316205,0.2686186956175185,18909.450932543143,0.1657443330373265,17853.27562567396,1.0,24381.278600894777,0.729566714803427,1167.2292382299454,2766.305213174379,9826.854314002829,0.1528223814229249,0.2816248110981389,16653.81314406951,0.1943605197824602,15829.277686369618,1.0,20424.9234188725,5.028262284566114,16.786434589426218,213.51298778318116,21.81469687399233,0
46.05845149828526,2.007631922190364,16.868075054815314,86.77621456778392,4.382831002215815,31.52203800486929,1.3898109684917788,1.9456035475080176,1.431331780889364,216.57481587676392,255.0,74.4559070014635,16.435829733312463,-1.5482391795649255,0.8126215541004183,394.083542684453,4633.964282072437,66618.9570791579,0.6964940599173554,0.1558553175976085,25340.35928360201,0.0994846413133271,22070.76202622229,1.0,55549.79082810342,0.8255587031889273,180.7078975343781,5354.582335996708,74668.6599739378,0.753125,0.1587617691178909,24963.06704159665,0.107912401752388,22380.223296091783,1.0,42561.074568773365,0.8122239618590643,382.8863049334827,4689.335539776146,66647.09457770536,0.697423811983471,0.1562614734643149,25239.7842746975,0.100846729928563,21936.44784790023,1.0,56151.54912652638,0.82511563329497,182.9663502426872,5347.485357158198,74431.82795412568,0.7515818698347108,0.15849176769238,24963.04157037928,0.1077085451301541,22347.501534481955,1.0,42712.5458012972,7.720408163265306,66.1502004543764,559.1241016736604,73.87060861764171,1
44.44489102254428,0.2036415401426277,10.573892138256266,93.4165452470133,1.4066898331629196,21.864440463440022,1.6505192716298602,3.5860104624783817,1.6947665474118123,221.2038043478261,255.0,71.83816241493604,20.17426675176383,-1.411347166300036,0.8142547998830169,498.880511168292,5125.292451402253,57458.57584275737,0.561032123447205,0.1750657679785537,31183.01473609099,0.1129976078732899,27974.957948229905,1.0,146717.17736285596,0.8191066184879641,292.2272630651969,5988.660886904942,62298.31784640612,0.5992393730590062,0.1835249997434627,30191.057433218957,0.1266624534973288,27407.815445286767,1.0,108614.4519247315,0.8233822042725358,566.6742582710779,5261.802646744931,59671.30578441836,0.5683472437888198,0.1759085947431934,30920.17911419424,0.1158296707848894,27905.388552035587,1.0,214198.85279615797,0.8187803606485001,286.64511620841563,5954.774084763785,62214.00393943997,0.5989482239906833,0.1822979904911841,30260.23024963289,0.1251834740471324,27477.006502648605,1.0,111492.41935287864,6.734020588911894,67.20064291850437,633.3962440120397,73.93466350741626,1
49.5331284643359,-2.9244412414828025,16.44191337808242,89.73961356584206,5.792599034179343,29.277442733930627,1.3009919400221823,-1.8770980609927013,1.332240096305031,208.62910988535583,255.0,79.56376089603013,12.452479588316242,-1.7484426173081216,0.8242594773306253,189.72765546402275,5487.574542538456,69873.97481227673,0.7765511775362319,0.1711194302925819,24048.459056280528,0.1108210563073222,21533.080011121685,1.0,40541.19663556171,0.8301443971152184,96.43508963913516,6320.382725337483,75804.28410091563,0.8277357903079711,0.1771867256990644,23363.13267617916,0.1218338357209536,21301.467011740988,1.0,34509.071275295166,0.8253311158719321,214.31990247426404,5626.933989525013,70725.29833845042,0.7836560235507246,0.1732196242015467,23920.64042802962,0.1135740213182943,21423.75117445708,1.0,39215.00742279213,0.8291121046819079,104.38798302434668,6222.715228260683,75204.71369907733,0.8237233922101449,0.1753232769729695,23464.77335440972,0.1190488223720578,21394.809628480816,1.0,34786.35523444614,8.499428807051698,69.93329788198764,583.4270158984331,78.43272668903934,0
18.921968066502465,0.353502155172414,4.953546366995074,63.22908947262696,1.3089809252764368,16.067133162602598,3.1067270912555607,4.015199031841862,3.1649040411827545,230.51247947454843,255.0,62.799060922925456,31.12986748140139,-1.1698035049682796,0.7870099197799808,846.8481917577797,4380.870100925147,27484.369343986546,0.3317522321428571,0.2474891471870197,20165.47237174096,0.155390025851931,18827.122507233875,1.0,28160.539676198485,0.7889602978727299,468.3486013986014,5212.121794871795,29973.206060606062,0.3590959821428571,0.2542199158650657,19072.44512432013,0.1710762941423134,18071.47832260725,1.0,24562.736305361304,0.7915372215827448,928.8467489023624,4443.739159523312,27981.80894835877,0.3336356026785714,0.2483742778467246,20024.418879364417,0.1569616483009513,18708.031320027745,1.0,28532.0343926406,0.7894102142653637,653.2098107482543,5196.432011358995,29964.32822437905,0.3586286272321428,0.2540329688977728,19064.914826989283,0.169933175161784,18036.683167920823,1.0,24649.791045066424,6.123866995073891,34.984907287743425,502.4222140492828,41.10877428281732,1
35.15966775236992,-1.4817669551407149,11.841698205897789,78.9094894959956,3.5304213244215346,26.11893673259275,1.8475375054049028,-2.2765145297723257,1.87835400406299,219.11149993046115,255.0,72.43322828603443,18.406271577173268,-1.4864103500047243,0.7957028596184621,374.8677044595384,4196.451455266312,38420.529366567294,0.4436218368237347,0.2012811346561661,21165.40515413222,0.1294659206590351,18586.345521318643,1.0,37690.121630758826,0.7982985367085704,169.73798569606282,4897.287368677531,41571.8464548308,0.4756421793193717,0.2058678994403994,20405.227243410587,0.1399069374259919,18265.6494832923,1.0,32605.228031703715,0.7918445310450457,326.59014084507044,4194.519486147655,37767.6243925089,0.4404586605584642,0.202101171805995,21037.73510292524,0.129729517432413,18362.16669161649,1.0,39258.64137130475,0.8027614779319614,172.43708845243864,4884.630426726718,42319.2105128132,0.4783077006980802,0.2042171448321646,20526.33509592087,0.1391633124760004,18485.953475134454,1.0,31497.15129272256,7.367263803460792,54.37368291856642,453.4278481012658,61.74094672202722,0
40.08695903095969,-0.7510753701702141,10.450113504499068,83.79005783756628,1.7071562448787196,21.20686261684041,1.649649222682234,-2.6891170857017843,1.6687507244999713,212.5368114635068,255.0,79.01381708743362,14.453732267605911,-1.612244165707312,0.8335356784395361,264.0816924805785,6203.459744955294,66911.11515121904,0.6335120344690967,0.1934374320057593,23385.297845311965,0.1271922296609036,22031.19805113624,1.0,30286.768671520007,0.8392828128816393,127.80866452636629,7080.364570648363,72139.11592678697,0.6710330824088748,0.200528569820116,22570.42962839957,0.1395927584845314,21581.07163490197,1.0,27241.570888224654,0.8397006803050288,271.7569598051157,6164.529179049939,68208.28800974421,0.6353072999207607,0.1921148105802452,23424.8367454324,0.1265245296289425,22151.55302199252,1.0,30069.672457978075,0.8358246429759935,120.08763988781206,7096.369322336694,71221.2049558931,0.6687859053090333,0.2012148218699161,22509.548693454777,0.13932978568244,21425.70510873253,1.0,27653.708440939343,8.440693194703234,60.26737788888717,570.6995559231226,68.7080710835904,1
49.43779579039226,-0.9522409183680816,14.12420720977362,93.39551406819152,1.990303667632828,26.22930217478395,1.387764507605708,-2.1592999615648467,1.4134655844461468,212.61393418386112,255.0,77.85067679777323,14.281341096753184,-1.6333602054446592,0.8229193957728798,262.0869033572884,4822.98459723265,59176.49451893167,0.5817566892971247,0.1684231395763303,28191.48225892953,0.1129068872124809,25136.549794623013,1.0,46465.893939718975,0.8219803703865857,167.25611420712872,5362.221630386815,61787.30058396707,0.6080084365015974,0.1738914655005183,27592.26852222462,0.12070398131374,24935.89786617566,1.0,42191.27405400413,0.8125727896449968,277.65356847616425,4737.813381096721,56040.25833011849,0.5661254492811502,0.1694166365440913,27973.86601267567,0.111496686844489,24599.08089098089,1.0,52848.89829705153,0.8269595844073431,145.36039626160604,5413.453315939134,63075.01948693906,0.6122516473642172,0.1743420496799356,27596.295769336608,0.1222493024458838,25082.486088372083,1.0,41448.57841148833,7.020481901643601,71.3612237425085,443.1963452179958,78.3817056441521,1
23.006465564060896,-0.783558597759151,5.569442549749114,69.88947392266847,2.993554561660639,16.50853504235386,2.7502324495770143,-4.2064544379776905,2.774700106328167,231.97590589006728,255.0,61.46982158543183,33.37749604356665,-1.1236779373728991,0.8008090905394069,1015.5334865900384,3908.11,31320.29888888889,0.3444362331081081,0.2144690995442436,25597.09093869732,0.1393469104210928,23447.97960141861,1.0,38640.63590038314,0.7922445946691007,455.09180345788775,4476.448523383556,32268.38450327024,0.3621793179898648,0.2198478504633684,24643.17382353477,0.1500818167659685,22742.81538961873,1.0,35594.425586183024,0.7910909430741067,932.6255605381166,3591.752041960282,29191.04376201153,0.3296030405405405,0.209877127100638,25988.393677930813,0.132466097281094,23443.02862765769,1.0,43696.75056053812,0.7923189928976384,459.2688925378581,4452.1549352307975,32231.144353220214,0.3616580447635135,0.2194317127421758,24634.227239554824,0.1499255326951439,22688.14053736919,1.0,35598.453895274586,7.151670657999772,40.84449401329094,228.411040904556,47.99616467129072,0
27.14640030563784,-0.6257710584473593,7.713305191141203,73.04178193119935,1.937755665043338,20.26147013028524,2.381901166723234,-3.7423350534615434,2.452615053671244,221.9364320308459,255.0,71.28473247643375,20.66580356426572,-1.391471924794753,0.8070057692846571,374.2529301370348,4504.130979781169,34442.49318366913,0.4326133578431372,0.2283613839990682,20668.10089940158,0.148360855240013,19252.256432826623,1.0,28459.644523919123,0.8082838915965376,194.36578846888125,5222.919551106463,36937.59172933579,0.4613740808823529,0.2357197640895104,19864.871656955027,0.1620378952202405,18807.685600769677,1.0,25146.01447615253,0.8143125701171543,543.3521111855797,4493.721083636107,35239.74062577164,0.4342677696078431,0.2285414893434685,20817.27300786624,0.1490362736541327,19531.73420388629,1.0,27507.93848107517,0.8101272397441425,195.7351377316924,5262.538420764937,37197.16428417618,0.4624004289215686,0.2364212765153084,19777.138029848767,0.1633495823576262,18696.71855283765,1.0,25179.354590780345,7.463549160671463,45.388060095358334,288.3931013975616,52.8516092560298,0
21.469125282610168,-1.2859592093684418,7.542804643606578,63.05983163659092,4.055745479355606,21.62578600705057,2.676588926949468,-3.1547282742286544,2.708272284704561,228.14613145603465,255.0,64.9781218648756,27.293303906895883,-1.2398266265594269,0.8108331700810768,512.8370106324135,2331.8784954827606,20056.892999815624,0.321815664556962,0.2134658528424629,18022.263413434943,0.139300861411166,16640.618133208947,1.0,25301.50709851884,0.8047487963195973,345.4362529492296,2671.188109871545,20873.425271620403,0.3395075158227848,0.2168148711481723,17287.28236870467,0.1481417201481203,16092.196163164665,1.0,23371.46742011593,0.8032864860871699,834.4976513820098,2152.596165521649,18887.444479948877,0.3094837816455696,0.2098654902059661,18381.47707301486,0.1340724391368882,16773.433393767984,1.0,27488.89004633328,0.8065503411100376,342.0111592223417,2676.834762140013,21028.18380750341,0.3402986550632911,0.2174968101656727,17318.674377379328,0.1493086763797761,16157.498671797395,1.0,23078.13042341112,6.042902592567522,37.254857808667694,241.6083231334149,43.297760401235216,0
70.96984384548881,-1.372971489364872,21.37647186945699,103.88257076461866,2.301902696837527,30.97447625069669,0.809249141700457,-1.6113693217273817,0.8522070346516698,199.9549218202686,255.0,84.04920888362818,9.433813006439271,-1.964744662473089,0.8129669276665784,121.24209762669707,5172.255432341866,71497.3132276229,0.7213666267942583,0.1555883981930011,29816.916122568837,0.1007001638067222,25967.03599343306,1.0,57070.4746260407,0.8249995428720036,118.20348283413796,5747.032874437235,78355.09660427742,0.7652449661084529,0.1591750524346406,29463.66659882277,0.1082368810471511,26295.905653461166,1.0,47790.554990189776,0.8155266906056728,125.65110501077211,5009.002223921051,71574.93248314685,0.7171551036682615,0.1524531521625525,30108.150097296548,0.097773432519952,26283.45480721271,1.0,57015.084578497466,0.8272659944094997,63.11055981190968,5814.823973407921,79178.0165308687,0.7684472188995215,0.1602799389456639,29393.893753293607,0.1098762981980959,26282.54437959617,1.0,47483.86347237424,7.769932477753432,91.3105774249728,462.13391496048223,99.08050990272623,1
64.48230106191222,-3.8773132092476463,24.11742309952978,94.42944904773614,5.982402903436979,34.50237357656275,0.8230437017126495,-1.169616951425666,0.8398316831258105,196.3516653605016,255.0,85.66563944838785,8.384493052714491,-2.053857358112634,0.85684964674795,93.43555831779574,4893.368328154133,83626.58317795732,0.8127357219827587,0.1388078412897975,24078.837223948623,0.096336348836209,21826.34393029736,1.0,36592.92970374974,0.8613973860601504,61.05411205335418,5261.131901620251,88035.91825354405,0.8442281788793103,0.1417706476535443,23733.90348700848,0.1015310436671663,21800.90861461429,1.0,33290.711282718126,0.854777032516282,193.9421887829482,4800.628650904034,82218.05938636325,0.803838900862069,0.1384047189363713,24194.05895906296,0.0950898128599838,21843.19481684868,1.0,37518.88555054712,0.8620365946340147,63.20859981817892,5256.184261311983,88207.47865197212,0.8445447198275862,0.1415857117635371,23765.472487599483,0.1015551306622201,21860.865282251547,1.0,33197.80991722356,8.383103448275863,82.7438424848742,483.20555754818497,91.12694593315004,0
46.8229091574872,-0.9630671757490612,11.81126036438079,93.8080362673472,2.5769979813763184,23.43440577784405,1.5273164501072805,-3.170117301151026,1.56267725038175,221.01679286656503,255.0,70.77524423041349,19.735425429479186,-1.4404700755026882,0.8101446085119816,535.9829860999647,2656.341818882219,38265.98600365959,0.4523553671003718,0.1527099135662268,33593.02223042599,0.0960259529897057,29532.85892323615,1.0,65623.5433212417,0.8176570157964592,193.5148735382902,3242.9814190674365,42883.42812344304,0.4954838522304832,0.1580218976825851,32633.365654582223,0.1070894378214334,29548.614623257792,1.0,50451.50543653469,0.8067234064503616,367.91624589750063,2793.0065639989903,38573.520260035344,0.460153345724907,0.1550438739668085,33205.55965980813,0.0993965018540539,29062.735446780083,1.0,61967.06620802828,0.8147938208286848,185.2063837611238,3246.6518055453407,42376.78574685592,0.4936178554832713,0.1594134823032653,32586.336647789954,0.1082362308701376,29368.90128878564,1.0,51107.113304405386,8.512064653178696,69.36794347871772,597.6387951709281,77.88000813189642,1
49.47145964728072,-2.062540702716365,16.848734624433686,89.3056161235851,4.233434395702716,29.763230013819268,1.2915581920639858,-2.099485750711638,1.3070402456265824,207.2462929475588,255.0,80.4595018963287,11.783754112025408,-1.7805370127932716,0.8341649993532496,204.9211500630517,4946.41659520807,64769.51373518285,0.7001935465641953,0.1735692712805722,23325.03446153846,0.1157609128342071,21020.38771832335,1.0,36561.99333165195,0.8391484686951178,103.3275966912155,5427.266594596682,68704.87660588979,0.7318249886980108,0.1765403605882511,22939.03962240476,0.1223934856080081,21019.246719480856,1.0,32860.107593409455,0.8300419693034358,269.36175086803775,4812.431327429992,62895.24557763031,0.6876271473779385,0.173613677979787,23427.80216958067,0.1151974465905626,20944.20115187473,1.0,38438.15977030386,0.8399079160321402,98.68910466145734,5446.109723238,69066.52182532045,0.7340359403254972,0.1765241589249634,22951.98788444513,0.1221598241725483,21091.376005949387,1.0,32570.02670426113,7.915362927531159,69.78297103339071,449.53091537132985,77.69833396092187,1
12.529825599301631,-0.2484125912193971,3.0677656397128064,52.524783208043054,1.313859667454503,12.390996507946806,4.049586914611441,-6.345212215015184,4.100021323150307,236.09419628844947,255.0,56.38893917789937,42.862138047308136,-1.0058251132498863,0.7698298873420155,1253.554587670136,3655.275420336269,17242.169319455563,0.2584166445974576,0.2807434200429222,17438.990904723778,0.1802082491541995,16417.865733134568,1.0,23024.45482786229,0.75510529797978,685.4852734503484,4281.501091409264,17773.437520557367,0.2767727092161017,0.2845845427558708,16337.580898842809,0.1919688581382482,15405.241369443063,1.0,21302.055138594027,0.7548010981617648,1244.0896138482024,3415.1243009320906,15908.0862183755,0.2486096398305084,0.2740112759050248,17707.864913448735,0.1684234887381938,16528.393949108886,1.0,27468.73721704394,0.7556453701213319,689.7325418369478,4286.877994212929,17840.909972257854,0.2774347854872881,0.2828564292008516,16348.40485636727,0.1895129807361372,15445.445490279986,1.0,21227.700146168303,6.183007689893283,25.702493140145343,234.75276913052923,31.88550083003863,0
20.521368841042,-0.2137171982987768,5.272726767676766,65.71171765064558,0.7750868945862099,16.36120894441541,2.9621503528954314,-4.808308597316581,3.016041799047908,225.781807549176,255.0,68.03211780772924,24.70335209418269,-1.2884293503871127,0.7796644946514832,496.7752130762101,4770.606131169036,25048.93204168833,0.3490609217171717,0.2693702076135154,18502.05984219926,0.1686969490093137,17389.60281454545,1.0,23962.869735265525,0.7716622464913442,269.070176909533,5679.510228892429,26479.87394147732,0.3764835858585859,0.2779548827306922,17357.94451664291,0.1839008981930794,16449.683126895354,1.0,21674.4829588329,0.7707674399064666,535.9425772213907,4797.653014015512,24389.680999682496,0.3479640151515151,0.2689728558720491,18364.27001406087,0.1675732407850274,17156.35061327783,1.0,24703.500136072937,0.7720728333736651,285.9838584575394,5687.793283441293,26502.66731652097,0.3764441287878788,0.2780860165695746,17370.0501226338,0.1847639686061141,16471.77727996821,1.0,21666.412280150096,6.724635832004253,37.13984571593448,563.1810737033666,43.86448154793873,0
51.25905233226744,1.979581788273885,15.453306613226456,95.64352650317274,4.043903467642534,28.81951272712061,1.3433411556099282,1.8010649761671051,1.388096962185985,228.630874339478,255.0,63.01397893989815,28.05105286246053,-1.2553940936981225,0.7597256052254436,919.84477779953,1390.009935395458,21886.693373140173,0.3198897795591182,0.1015152173310242,37841.19261452623,0.064256962677128,29575.56372199913,1.0,182068.5278729444,0.7773291106791723,377.66925769255545,1665.5338944836917,26198.073157114944,0.3645650676352705,0.1010280160582214,37568.31311331086,0.068199026023896,30581.454652283708,1.0,104798.73992398704,0.7583155424216151,970.2455114124724,1430.904927896094,22349.45110304651,0.327874498997996,0.1021761920038241,37821.088028841565,0.0656341373799337,29531.96388028545,1.0,149191.48068474836,0.7734700953918231,450.6608284381479,1646.6424067035246,25765.465402557016,0.3624749498997996,0.1004799482349931,37635.3016154112,0.0680127284570496,30458.44840063357,1.0,104291.11932014512,6.355602245653535,73.85283377367452,619.0401579986834,80.20843601932805,0
75.1119763511023,3.122702712442837,21.975153859804795,108.31398459846284,5.070655342382591,31.48898966440149,0.7702138819099895,1.3279656953369956,0.8246698539854865,207.59617227493004,255.0,78.91832488519519,12.084310407195847,-1.802008385024506,0.7946196082750494,173.76166185650044,4966.438306821487,78909.14287312348,0.8222809556514914,0.1316106030917462,33447.84172688697,0.0852284614772558,27501.51025507325,1.0,121504.95861765515,0.8118051948417213,115.43224423116192,5610.492492001906,90513.74491865769,0.9008904042386184,0.1336555958191362,33415.92167313321,0.0916006334555143,28354.684334414025,1.0,80497.77264992172,0.798113257709685,263.0122116788857,5057.505449021378,80894.04367289727,0.8356002256671899,0.1325573222751446,33478.82550655717,0.0866572516029532,27513.954676490368,1.0,106226.85618252936,0.8165534586683183,97.59180379896416,5646.669991154207,92429.7716502468,0.9081448685243328,0.1332840442036859,33456.1786377479,0.0914411256383592,28604.860439341384,1.0,78441.18653818883,7.561826496484882,96.26596196871776,466.62670483246336,103.82778846520264,1
9.811218273420478,-0.2049573529411762,2.899225762527233,45.09667641187994,0.9016774634532724,12.974826054590476,4.510532459451199,-5.05402681753783,4.604511117653866,238.81742919389976,255.0,51.716434770942016,52.04162766683394,-0.9387289095492372,0.7522672231021494,1231.9494376004284,1022.2854847348688,4916.194643813605,0.1191661560457516,0.2622741610246448,15245.062667380826,0.1587940838922041,14245.033292885695,1.0,20335.06588109266,0.7270661059865046,446.196059859822,1367.3305550293617,5202.243417313885,0.1347783905228758,0.2684586886115652,13628.009850350443,0.1774198256756276,12853.172360480246,1.0,17709.552756203826,0.748922469126218,826.7927688693699,1131.9537330201206,5122.972219385149,0.1249872344771241,0.2664366400563247,14686.033602287816,0.1683858923288282,13803.861369076398,1.0,18874.461852721888,0.7325877308204986,437.6630710064722,1375.413844855079,5339.23768877216,0.1360932393790849,0.2660912842932353,13639.72835568896,0.1759019450516707,12966.159733321929,1.0,17204.5337210393,6.125149782135076,20.94670469956896,440.8809083707421,27.071854481704037,0
24.31314588815789,-0.7891207541422994,9.07940177266082,64.82557060832225,2.1261853044049808,23.39717249771887,2.374754435934852,-3.0257640304682005,2.3999910605140435,217.6941337719298,255.0,74.668068398057,17.351341941303147,-1.4988682724129885,0.8215518045402844,277.08630480585936,4065.409069930772,31556.178368616434,0.4506202980324074,0.2285377754017467,14509.083615932575,0.1533784047502568,13628.24547128488,1.0,18678.75495133942,0.8176999966529493,126.04918938484693,4576.971614181479,33001.16467584919,0.4746365017361111,0.2327457735386827,13951.352612828869,0.1638736720237658,13225.896731393124,1.0,17281.441599512298,0.8175082716005754,291.06864075506854,4060.895529945517,30924.27332752719,0.4464427806712963,0.2299545346355414,14447.10286998967,0.154864258289738,13443.68628453742,1.0,19372.21122880927,0.818282845325208,151.76266722647378,4556.008950552491,32990.81530181874,0.473804615162037,0.2321732672137413,13962.588389091396,0.163126410490681,13229.528073170037,1.0,17352.462165308498,7.892616959064328,40.35381163892486,251.1314056435082,48.24642859798919,0
39.10084244938599,-0.1950010537670089,11.212703908065054,85.78748318496477,1.6525605238655303,24.24417156926543,1.772328103122366,0.7710143473403794,1.8233468856878643,219.835168436774,255.0,72.40746604266984,18.909286666739558,-1.4569560358252278,0.8174462957464603,439.1184031274063,3846.476070603566,42296.35165551146,0.5034291507633588,0.1818828129032388,27311.81913759403,0.1171370432502882,24628.981756887853,1.0,43463.93121779305,0.8222021567477112,223.26483892321272,4552.965660856135,46077.09093667256,0.5405534351145038,0.1899612665432262,26280.41580703884,0.1294124361556193,24177.299964468108,1.0,37594.1333434466,0.8179784096307929,412.7367631706636,3922.407566423079,42648.6313537516,0.5069999403625954,0.1831576448186334,27155.477952095986,0.1175704077102183,24519.34159500636,1.0,43211.564938024734,0.8166918366862458,303.4290170303427,4471.714773091223,44935.28925124977,0.535342616889313,0.1893362295457678,26386.216562460835,0.1269571632063261,24154.28218572974,1.0,38243.92863409133,8.091217225356788,60.089386253823776,581.5275076550355,68.18060347918056,1
67.88353645034415,2.719729069157653,20.02401909210095,104.76921932920304,4.8598426321748045,30.561462456848428,0.9260398937981282,1.578031537687315,0.9839609148341004,197.88658800393316,255.0,84.39306825550044,8.847907601930036,-2.030264327746293,0.8078223937899585,78.86722752132066,7523.636863446803,84483.55712203639,0.9582273230088496,0.1817292083374633,27598.34629648336,0.1169174798633509,24142.848407043333,1.0,60655.03215053608,0.8191982660800411,49.075610117244814,8574.558413762468,93429.0990052363,1.0272262168141593,0.1854797819498294,27074.16885406992,0.1258353234473716,24254.99292333044,1.0,47477.95968447549,0.8111575422237288,87.71875472812813,7510.060022911158,85367.55519931988,0.9596031526548672,0.1813935452144867,27636.869730613773,0.1168566263954126,24270.71357808683,1.0,59584.08877713495,0.821004893569976,44.61543731905719,8552.292336420976,94088.12248695196,1.0292657632743365,0.1851834474695054,27151.213289179366,0.1256106549552043,24434.99098613206,1.0,46739.505000906815,8.056624057686005,89.64934479808603,475.90122441349655,97.70596885577204,1
32.732685989799954,-0.8452972742127146,12.044135905624875,75.15688040905229,2.133871844177325,27.09719894841657,1.923026662122963,-2.8223970141849986,1.957674481016175,215.3347506932066,255.0,75.78258358816244,15.863943707148652,-1.5702255358178088,0.8098311091543926,261.791087521002,3759.1800824805255,32129.631663357264,0.5014552696078431,0.2142302026916467,18148.21072628685,0.1394783986370267,16517.363810339135,1.0,27207.906655720177,0.8120171299345222,110.96774077537222,4306.0891534201255,34396.66417320003,0.532437193627451,0.2187620954006303,17519.689347622814,0.1504799973759035,16187.776585286718,1.0,24207.010699129685,0.8053338136810977,326.4298960490912,3741.7166611819816,31305.74693664221,0.4945906096813725,0.2163448792636656,18043.567819740994,0.1406367633638744,16244.711185742586,1.0,28878.38268259161,0.8087906307440208,145.5867392129571,4284.941288118436,33906.66746805011,0.5296511182598039,0.2188489663799782,17502.592758626924,0.1496821718518882,16105.932714573815,1.0,24649.86827786916,8.45941027926322,50.9782242677333,471.3927525991722,59.43763454699652,0
16.620416196723376,-0.3947413266951382,3.618887886081027,61.17285060823336,1.96825146764182,13.09192441517665,3.4428449655466293,-5.7610378807644445,3.4534310283639686,242.50068033631425,255.0,46.04414363052504,69.13720844746841,-0.8143914955168807,0.7965302674266154,2932.4059145070587,1515.137402178615,15105.092099571357,0.1792996953971119,0.1764818391337761,32013.22560855716,0.1143648305683086,28380.43717362979,1.0,81366.26170907232,0.7930795622963357,1750.7549424609028,1783.489524933609,16026.123635290644,0.1911665162454873,0.1790782846320386,30904.25649159044,0.1242181745599759,27750.73198087802,1.0,71862.35338595456,0.799784221163026,3292.6082216120176,1434.1985947342916,14834.567598126312,0.1746107851985559,0.1745136555593837,32133.033516394768,0.1124447023587,28279.225398314906,1.0,95228.59735906962,0.7890694482010423,1652.1593690107622,1805.6934984520124,15854.730502727409,0.191307536101083,0.1802155536323729,30753.749189149345,0.1241466617780435,27517.846346715243,1.0,68358.01676986585,3.7833109176281834,32.28986222549732,527.6762563461114,36.0731731431255,0
28.261879050364083,-0.5747918234223295,6.601564396237862,76.65297193269944,1.8298692034078805,17.370038564455843,2.3935074336640345,-3.655063834753068,2.4082161991195354,222.37126061893204,255.0,70.6902618022579,20.94860375344536,-1.3847199833128547,0.7997140286984271,379.9464353293936,3026.420278885622,20563.0111204914,0.3256883343446602,0.2405989997260925,22907.714011236934,0.155417085681997,21390.595789046183,1.0,34395.84015021397,0.7922501727580854,217.7165887207703,3479.512627235213,21349.08880330124,0.3446412317961165,0.2479731359614705,21961.01122420908,0.1686777728012022,20616.10302466627,1.0,30544.926409903717,0.7933737639120004,504.97127656394775,2857.241683354754,19674.58017754132,0.317212151092233,0.236542973154964,23288.422930926263,0.1502056180843147,21535.10781121157,1.0,35223.74352153511,0.7945580085191027,232.1577407802291,3511.771863637606,21620.24557806392,0.3468124241504854,0.247598106273232,21912.347057054594,0.1686677053001934,20622.490791923246,1.0,29949.432160529264,6.708055218446602,47.555555483123655,404.34480756951297,54.26361070157026,0
39.28770378701617,0.1030666908199103,9.391761707023816,88.37499080369848,0.6296190788131193,20.873103184597447,1.8241228641524907,2.452300139545412,1.836583587894604,226.56163854539085,255.0,66.68390631944199,25.401590078958783,-1.2793954204652445,0.8046362669583559,593.6713742248163,3101.7460176837426,34891.36041482099,0.4172005449907235,0.1629960781337809,32821.68747720048,0.1065259802116445,29072.46422456074,1.0,78853.2254764014,0.7931734483745325,320.4247849569914,3430.528572381143,35315.25061679003,0.4347460575139146,0.1676688557055595,32371.916116556644,0.1131815742280371,28844.86982905182,1.0,65029.40319730613,0.7891277290455798,606.81603081438,2814.5473954512104,31690.1907190022,0.3951182745825602,0.1578768380014766,33196.330685986795,0.1011370130122908,28698.92565804637,1.0,97756.80885913428,0.8007660719609796,337.73142310104646,3478.714686561252,36412.2021589146,0.4390798933209647,0.1675954257501577,32314.64277225762,0.1137813393722877,28981.030697943108,1.0,62912.63960320866,7.503097454354352,61.22371641757152,387.57105038080886,68.72681387192587,0
76.72907569890837,3.4657309497546693,26.26092434673462,104.98682114996524,5.372442442442924,35.82348432627017,0.6595713749941768,1.0819410029752528,0.7033319520448287,206.52427827013045,255.0,79.08495839087988,11.698210096039082,-1.8388726269644136,0.7944233772282558,183.4243367212916,1655.083735779668,29094.9639515852,0.4485299448955916,0.1221708845136366,32438.842005294107,0.0781834705645515,26743.80123519592,1.0,97060.05651760998,0.8149621934109095,110.04650514659431,1854.206867080376,33428.89312920367,0.4878008990719257,0.123108815115628,32413.12193898406,0.0840883561010198,27674.219520988343,1.0,69986.36481364498,0.7958566664299446,225.53349214105384,1637.6667888264517,28982.490593696555,0.4451493619489559,0.1229280711816026,32458.4196595814,0.0787857656600297,26717.59435755236,1.0,99530.17226565682,0.8182084945515168,150.49143797618166,1867.086988682595,33876.22538649308,0.4901029582366589,0.1228542635530027,32398.609198165545,0.0832914547864106,27824.438949627387,1.0,69877.06962423256,8.368095546004335,95.6576382986048,486.5257359691535,104.02573384460916,1
21.887141042842067,-0.2195447513875505,5.151593992248061,68.62926101233907,0.7225444554622458,15.632701272706427,2.8758284531471072,-3.4649606987496684,2.8969595346770083,225.89706894179167,255.0,68.04764227258119,24.59465742329068,-1.2830539054518395,0.7834402039903232,524.5581545170722,4310.95326824917,23101.345359036623,0.3055202277131782,0.265549230110562,20353.19151097676,0.1694152286196363,19074.64617290643,1.0,27929.802145795133,0.7729826297943106,233.8631166285528,4985.368927054651,23873.300088673168,0.3244155765503876,0.2721690874781464,19282.62969617772,0.1815687919561677,18129.39111615669,1.0,25789.950039669577,0.7786110448532984,428.64980870094,4072.785441001343,22302.48655839056,0.2987751332364341,0.2590688517090362,20727.273392961208,0.1620367692727584,19388.082765577863,1.0,28964.992094661364,0.7750629491833939,239.29277956462963,4994.928355008624,24035.800261035754,0.3248092296511627,0.2734603645467315,19273.208968442643,0.1840806389232273,18132.41553655533,1.0,25874.74574651564,7.282853997523049,39.316102668239054,452.4766505636071,46.5989566657621,0
66.60195382995484,0.4195983925703733,17.530063668454385,106.23954932760526,1.2706411980539136,27.851859274784147,0.9826693731818428,1.78851151189975,1.0190966134210302,216.7192793079417,255.0,73.379828126844,16.586291256045087,-1.5650372180984036,0.7966421377056144,371.38317923866606,2678.002741822356,46389.72572849583,0.5290303864421416,0.1153806305978484,38543.96639673532,0.0741347019661764,31997.022392844065,1.0,125480.01674424535,0.8057145528421362,163.15763813651137,3052.3679636346506,51541.13750058882,0.5728896804835925,0.1179064227003951,38133.54205332328,0.0792059589504043,32577.042314150127,1.0,90329.53651844176,0.7859002860845499,418.1723014309081,2666.4315005860158,44643.09110930799,0.5238220531088082,0.1151208354113725,38442.83322385792,0.0735129761506524,31559.01536409777,1.0,120121.50443697436,0.8106028984536174,149.0876375556076,3039.2738937017093,52535.26546476235,0.5762899395509499,0.1162976899543445,38309.86487941934,0.0786118494000664,32952.071812906426,1.0,88818.65044486069,7.845407993212738,89.61067017960863,558.4961121080065,97.45607817282138,1
59.935094924858326,-1.0799068818263933,13.621060072267388,104.4096200641495,3.280224347831141,23.390712878216924,1.1843815934038309,-3.231609215693979,1.2057872031068964,215.88135829843148,255.0,75.1279985190563,16.16133858615018,-1.5620797494683436,0.8331026846658455,451.7429294334274,3287.286531812582,49235.56259852429,0.5957149621212121,0.1434041057829276,36872.18147014797,0.0938935594614575,33139.034768050646,1.0,288222.6134403688,0.8370820046697579,199.39230788529568,3719.159286484859,52633.593968739806,0.6290877525252525,0.1495005059357314,35989.41326927419,0.1029397111257486,32741.245519139677,1.0,182986.12887929956,0.8288778661209667,364.6978298947706,3255.1105242749604,48241.35852866063,0.5901909722222223,0.1435538718461169,36837.61757745123,0.09369467361549,32840.482360865644,1.0,217079.71934375376,0.8406520452100497,171.02480825442825,3726.5366877357774,53376.97594123966,0.6317392676767677,0.1495430011462002,36052.06409423639,0.1038250478649403,32947.44401986899,1.0,170716.0969595523,6.744768826476143,83.81055622878156,475.61929926544417,90.55532505525773,1
80.80884087750255,4.546185855668479,29.106423822291436,105.04713233055932,6.310350522338674,37.61307785207421,0.5525350631132363,0.8039526332276549,0.583870674623675,204.4685007935178,255.0,80.5516434509705,10.87062750699534,-1.8819541243962064,0.7767304690615934,136.51717227385456,3283.611438162279,44778.59089656555,0.6809327237991266,0.1359153042489375,29579.762569202638,0.087372055343976,23575.104089757948,1.0,119065.3812595506,0.7883574918861673,60.84212222350098,3659.6298078029695,50298.96411554839,0.7410787390829694,0.1348464045916644,29690.81044999425,0.0912409132253084,24355.85147944438,1.0,84008.56210150765,0.7662174312579499,124.53731997576038,3256.101948194278,42277.45328072822,0.6614952920305677,0.1387540486711337,29233.16947098338,0.0892333116331872,22962.21576463009,1.0,140435.56614964092,0.7936651652287325,70.46921253501797,3725.679150268235,51759.19718948837,0.751987240720524,0.1352414469461664,29711.71288094455,0.0919970577916205,24533.972725441923,1.0,80490.39144143634,8.869207566512562,98.09954866237484,589.8250291618064,106.9687562288874,0
27.346116445048136,0.8005091566580883,9.142640209465256,71.8067469731347,2.730218374154923,23.39351089496041,2.330268355931984,3.4400228240768707,2.4138894437328577,215.8144629920885,255.0,75.46221558665624,16.094479404076008,-1.5578208260893125,0.7928404452434306,174.94621219858684,9659.483858088595,63177.09790066945,0.6742099859775641,0.2469420932324867,16394.766659548193,0.1558458717250972,15185.811976960696,1.0,24016.55058913102,0.7984905582602149,110.8014140766478,11163.613615686549,68878.12881787698,0.7224747095352564,0.2520997014335744,15743.875956364644,0.1694255188797824,14825.165246251689,1.0,20738.21449428564,0.797372463590783,304.76537661877546,9507.863048565594,63687.57784573501,0.6714305388621795,0.2464210450289486,16529.459252076787,0.1557348382906137,15352.047027964363,1.0,23896.877229458216,0.7984450835775208,119.2944266273728,11142.02974776805,68832.14676258992,0.7222180488782052,0.2520939972397952,15764.87564358152,0.1691194794060334,14841.915113555926,1.0,20597.78236109907,8.644445238776093,45.03140867546084,501.9456138765922,53.67585391423693,1
47.56819939521304,-0.3083167912602662,11.455887889822892,94.51476593838537,1.792460640697072,21.50053074814746,1.5317067097542905,-2.518926056393189,1.5336878729853127,201.7662025154004,255.0,85.73699080481805,10.099062455536176,-1.8626894990677028,0.8393536593139522,209.3853350047711,8034.391696446947,70876.21604580239,0.8155364990234375,0.2176178474036824,22370.02804647595,0.1527184118540381,20930.565761731552,1.0,56563.1677081969,0.8404333975312209,81.23528619528619,8661.835573512906,74201.17050505051,0.8497238159179688,0.2205869898453701,21996.003483726152,0.1589087011975138,20734.2069726396,1.0,42955.63068013468,0.8447173931602551,138.08560051856654,8092.457523844801,72641.96581164922,0.8238983154296875,0.2165608113944782,22426.758070191685,0.1521640954888356,21114.86934976544,1.0,51267.92790999167,0.8431222565139463,79.3486602357985,8788.015148267239,75121.49580207217,0.85418701171875,0.2231270804024815,21960.260628796,0.1630321221062965,20738.092881738845,1.0,42831.6989371204,6.531274063141684,69.80972169430751,437.6079155987363,76.34099575744919,1
32.423782791951126,-0.1237394933524967,9.258664121451671,79.55937767780124,1.24730963741139,22.27052969931245,2.085616984008721,-1.4698441965680933,2.123065092945616,222.27768595041323,255.0,70.7934419848502,21.12081136867401,-1.386667174196277,0.8055283448283922,461.0971652267818,5363.089632829374,44918.54667926566,0.5032608695652174,0.2102398017119999,23718.00133639309,0.1381715301912936,21285.31327151789,1.0,38404.68590712743,0.8026510752364802,234.1974490641047,6105.491685885756,47332.88083740014,0.5331589673913043,0.2147468546999777,22962.05763178349,0.1482379218136072,20907.693144688845,1.0,34075.19035180489,0.7966670137557936,413.0611235522827,5245.18209295616,43127.024757168176,0.494476902173913,0.2069740489292225,23696.03387967632,0.1339632444062281,21055.38720496188,1.0,40966.70627996758,0.801956706892368,225.27357719423725,6102.882165116992,47135.03640032696,0.5319021739130435,0.2152716963060863,22946.631884132014,0.1491018190223002,20838.41810164436,1.0,34347.94819658731,8.068595041322315,52.29461496381309,475.7817793784181,60.3632100051354,0
66.22527738316751,2.3400012389966376,21.09669896854648,102.23498514101826,3.914092994494556,32.302659240382155,0.9192661748718924,1.3225471876631056,0.9586976087194352,207.88743245902813,255.0,79.4496666350232,12.058629144925854,-1.7789590392140266,0.8018334016831887,327.5329860051977,6911.513037006308,98298.06211642407,0.8993043363764045,0.1451450484606135,30471.578258641515,0.0942777832704083,25559.845622483816,1.0,76151.49317341598,0.8104281547035437,143.86632590635952,7755.526406065076,107356.49628079565,0.959571409761236,0.148824173506896,30083.47995174468,0.1011437882382155,25769.644404519517,1.0,61818.89584512558,0.7897499383980516,272.25663173202287,6971.114532143215,92627.030262762,0.8752633426966292,0.1486786470877332,29939.9687782068,0.0960449590970418,24591.641960160203,1.0,88701.67238742353,0.814182265315872,190.98728296121277,7728.323912463153,109159.77579048408,0.9659355249297752,0.147611807674104,30240.555079715785,0.1002710706662361,26096.09899298366,1.0,60043.72317863492,8.008992789665784,87.59648006962779,455.1575056252009,95.60547285929356,0
