image_id,mean_l,mean_a,mean_b,std_l,std_a,std_b,skew_l,skew_a,skew_b,label,mean_lbp,median_lbp,std_lbp,kurtosis_lbp,skewness_lbp,SRE_deg0,LRE_deg0,GLN_deg0,RLN_deg0,RP_deg0,LGLRE_deg0,HGL_deg0,SRLGLE_deg0,SRHGLE_deg0,LRLGLE_deg0,LRHGLE_deg0,SRE_deg45,LRE_deg45,GLN_deg45,RLN_deg45,RP_deg45,LGLRE_deg45,HGL_deg45,SRLGLE_deg45,SRHGLE_deg45,LRLGLE_deg45,LRHGLE_deg45,SRE_deg90,LRE_deg90,GLN_deg90,RLN_deg90,RP_deg90,LGLRE_deg90,HGL_deg90,SRLGLE_deg90,SRHGLE_deg90,LRLGLE_deg90,LRHGLE_deg90,SRE_deg135,LRE_deg135,GLN_deg135,RLN_deg135,RP_deg135,LGLRE_deg135,HGL_deg135,SRLGLE_deg135,SRHGLE_deg135,LRLGLE_deg135,LRHGLE_deg135,coarseness_tamura,contrast_tamura,directionality_tamura,roughness_tamura
AAA1,16.0447100473759,1.0882367856490058,-0.23597728790134354,35.447668005348284,2.918997121693318,1.3777713128043894,1.7766484505897717,3.1970632778188754,-2.5241986444666633,normal,222.01754385964912,255.0,71.45867381425576,21.079438354578485,-1.3846796076603505,0.8484680807803948,697.122034637115,3059.57773232518,40542.42273710329,0.4706991792929293,0.17046497198918747,29043.771019498046,0.11948241654357954,26474.143344557266,1.0,175225.05879591597,0.8472847180819231,294.15167486343177,3330.092674174583,42433.237572689555,0.49260574494949494,0.1711734787319142,28674.038911939508,0.12378660095604184,26377.735363372904,1.0,129471.00530253272,0.8494903623875097,601.1821376817629,3071.6543631427285,40931.70986225161,0.4737768308080808,0.16958644531935116,29165.104835351533,0.11953087004262519,26629.700884933285,1.0,144399.24876326264,0.8450873591606711,282.829087540528,3386.20097107537,42283.638322339524,0.4940893308080808,0.17340595725734537,28648.60882273083,0.12670353928685057,26280.82717685123,1.0,105816.20434109023,5.533590288853447,63.03426948649478,444.51675814225615,68.56785977534823
AAB1,19.300241539562784,1.8424030185447553,-0.33468353720460875,37.57174641489501,4.136751868982688,1.3377237809890243,1.4512561241888073,2.373190132261162,-2.213158152088271,abnormal,212.97496112881038,255.0,78.39897366638951,14.391844668871823,-1.6081220291231777,0.8579628927972617,423.3892526834537,3267.428029433606,51611.49559170999,0.5328110612338858,0.1529785240537089,31885.864335381084,0.1039529554101489,29975.902650044303,1.0,41562.01697157902,0.8552967078589688,169.78544066261162,3707.433881195807,53631.054458392646,0.555867288213628,0.15959790822390624,31013.04213795781,0.1132569056417602,29437.190791138168,1.0,38536.7266338812,0.8538168032890264,350.3675981596341,3271.4566713263935,50816.09015892835,0.5300486302946593,0.15289190892870608,31735.719086331617,0.10425635816110368,29633.17245028937,1.0,42698.763982573524,0.8544179557375235,168.0988545527332,3748.6000619858723,53605.13768611904,0.5570686579189686,0.1603662368869668,30899.66553456358,0.1135769133594429,29294.427546981213,1.0,38554.08591500187,6.714683227809815,71.81281737424888,470.9731022917831,78.5275006020587
AAC1,19.92465281705016,5.748921249058463,1.9129351199070208,34.50159883588744,9.809515884565837,3.535183825425451,1.1756031597559728,1.302447424891734,1.7657343218293369,abnormal,208.9982355575062,255.0,79.38458152329454,12.678291023792818,-1.7384395140633855,0.8292031774394429,155.84734918800277,3942.1555462155443,55254.00479843088,0.5236025528169014,0.1610739395363213,22482.900715678377,0.1068984448517211,20021.911399937497,1.0,37127.2391042929,0.834719301418724,91.97958751865298,4376.957571438116,58871.983540836096,0.5489412167449139,0.16468392169930393,22106.50591327201,0.1139644635516532,20041.6989156911,1.0,32980.81853716118,0.8146491206357962,221.61667883211678,3697.3646472019464,50991.72,0.502494131455399,0.1595095977043527,22608.829562043797,0.10313158306143404,19683.330125498665,1.0,41656.23427007299,0.8331807371055738,98.1779997767608,4362.578859247684,58487.03705770733,0.5476696987480438,0.16462464304504767,22126.992465676973,0.11395919056598373,20031.14545260495,1.0,33119.21802656547,8.693474666063741,69.71018333190833,517.0041109298531,78.40365799797206
AAD1,17.965283353603628,4.017167044178204,0.5997667371582122,34.73393490984786,8.247652572908192,1.9296101505581478,1.439302946716442,1.877374874569491,2.4381503562621583,abnormal,218.36046821311467,255.0,72.51026832038869,17.757197738607367,-1.5159038561956155,0.8297434346373865,473.05783945986497,2555.859744936234,43049.868117029255,0.521746618236473,0.14178468555298934,28114.641980495122,0.09390891973332723,24924.073421976922,1.0,50449.67480870218,0.8397508484924332,224.37176823962048,2899.2476770625717,47394.94231255088,0.5577248246492986,0.14356314488836008,27633.624947365464,0.10171586828856323,25135.15219224339,1.0,41213.39238694102,0.8364157143558739,535.8411620921192,2578.693014489339,44667.73539286135,0.5316257515030061,0.1400976589514553,28277.004167157498,0.09493785522792529,25330.041247548335,1.0,45620.182854282015,0.8404890683742948,209.48083053691275,2915.144043624161,47667.720357941835,0.5598697394789579,0.14320420148120006,27666.599832214764,0.10068413947316565,25266.110857633998,1.0,40702.1648769575,6.739531350282264,66.24484609595608,499.40936908868366,72.98437744623834
AAE1,18.401045798181432,1.4059135673124228,0.8952256324445066,36.96975581543241,3.5021866530587604,2.4677366493426995,1.5261704388434747,2.8235080901232066,3.283007819997836,abnormal,221.01679286656503,255.0,70.77524423041349,19.735425429479186,-1.4404700755026882,0.8101446085119816,535.9829860999647,2656.341818882219,38265.98600365959,0.4523553671003718,0.1527099135662268,33593.02223042599,0.0960259529897057,29532.85892323615,1.0,65623.5433212417,0.8176570157964592,193.5148735382902,3242.9814190674365,42883.42812344304,0.49548385223048325,0.15802189768258518,32633.365654582223,0.10708943782143349,29548.614623257792,1.0,50451.50543653469,0.8067234064503616,367.91624589750063,2793.0065639989903,38573.520260035344,0.46015334572490707,0.1550438739668085,33205.55965980813,0.09939650185405395,29062.735446780083,1.0,61967.06620802828,0.8147938208286848,185.2063837611238,3246.6518055453407,42376.78574685592,0.49361785548327136,0.15941348230326538,32586.336647789954,0.10823623087013767,29368.901288785637,1.0,51107.113304405386,8.512064653178696,69.36794347871772,597.6387951709281,77.88000813189642
AAF1,29.39481739711503,1.4548665158588356,7.484408820359059,41.94782366168431,3.100012821665394,11.418353141920338,0.7436031845553296,1.4906909597413014,1.0424197308000709,abnormal,195.33448992393946,255.0,85.73505879031971,8.09392642111259,-2.0877868721820017,0.8403716381764883,136.3185538027746,4936.356552351238,79604.2637541398,0.8004340277777777,0.14962222136685618,30138.06071425592,0.09945596776202019,27153.196117070234,1.0,49162.47891518524,0.8508172936095827,53.76706159824616,5436.719416545971,86369.79389953383,0.8436899038461538,0.15239179541284698,29788.293056643794,0.10566430690175768,27464.56624238125,1.0,42169.5828841877,0.8466851160689641,88.32409469944767,4941.37502173715,81524.80665943475,0.806363514957265,0.14911069618733572,30268.858936245975,0.09980642373667714,27425.7763106428,1.0,47296.23609443446,0.8524528838137093,49.37507003906404,5443.565047547646,87001.9494850649,0.8461204594017094,0.15202721821883194,29780.9718344316,0.10501932543504829,27503.39040576712,1.0,41770.213984137634,8.600419509135106,93.97232907521635,492.66064775503844,102.57274858435146
AAG1,9.691205289471354,2.6127618240326007,0.9486682235898427,26.26176905190214,7.010011827613705,2.99706217803775,2.3890468976378156,2.756576775155057,3.657016683538179,normal,220.61291938150345,255.0,71.76292517793813,19.600903515668197,-1.4375283839071296,0.8054251024254534,271.34109532914505,4811.333071565146,35553.28083173996,0.4049778761061947,0.2324315829174806,15138.054168942912,0.1545323533720858,13781.892023001255,1.0,23840.851287216607,0.8074764970408698,145.8937531218278,5361.235212606545,37955.27530090392,0.4290860066371681,0.23454760766651958,14756.46871727116,0.16372747167977594,13651.119940691546,1.0,20709.87198491855,0.8035768846213586,477.5264560865551,4587.589612697528,34634.61241876753,0.3968266039823009,0.23054925606638232,15424.856421067303,0.15094694722952007,14021.397724984588,1.0,24405.20565534784,0.8042027775620972,145.6160131774433,5356.200762224663,37547.13749111815,0.428125,0.23485070051785706,14746.122779536207,0.16325488242080083,13614.921019960855,1.0,20822.73201020606,7.9318827190508605,40.99694080097494,570.4875881891821,48.9288235200258
AAH1,15.501440740585258,0.960055116725513,1.737885099753092,34.36512550220242,2.757355300220845,4.19944890588058,1.788309772844864,3.0709173268787047,2.3704646876554425,abnormal,217.97478546319272,255.0,73.78537303115192,17.64091576529458,-1.5053883859003614,0.8191642680309319,322.02621803422113,4176.920542719045,43890.201296559244,0.4880922379032258,0.19684222622037087,27104.932905927744,0.1251042866673785,25091.285371566275,1.0,38334.61993890108,0.8202164653710934,193.17773895141738,4821.104506115152,46707.29745506752,0.5168640793010753,0.2030668001305413,26195.380615713842,0.13600815794054966,24583.920561816707,1.0,34158.29875529912,0.8167310122629476,293.8305452337232,4163.456573601492,43247.27902202045,0.48417198700716846,0.19740901902640356,27018.33405144369,0.12529880830354723,24799.144491679053,1.0,39349.32102424707,0.8176598775725514,168.2425900839881,4865.486534814413,46366.65789758873,0.5167730734767025,0.20402055513765513,26069.08890544568,0.1364292153772348,24372.098886280175,1.0,34507.30316987266,7.698933347118831,60.61526253172573,545.1385588920065,68.31419587884456
AAI1,19.998169890049976,2.857156350309082,-0.57918181585171,37.409802064628714,5.591227156698137,1.9885732758236698,1.3592327880551653,1.8455093874202229,-2.2021682440148695,abnormal,201.74901386990203,255.0,85.03243475333838,9.876133828948765,-1.8787296736087167,0.8436188070805364,133.60940120310036,7418.341131515055,80402.89220487748,0.7700516550164473,0.19460825138962912,25108.738530081682,0.13097763365986922,23637.293887309854,1.0,32113.253510433267,0.8413950994365968,67.18642217155336,8225.741818940878,83233.38162754102,0.8002415707236842,0.20104834411168068,24418.805774109638,0.14088399258537987,23158.84141356777,1.0,30237.26969395292,0.8339827950636016,124.56875213675214,7143.607384615385,76519.06502564103,0.751696134868421,0.19336453281743432,25279.074452991452,0.12884969703749452,23517.98873585489,1.0,34178.42194871795,0.8398709241258343,68.63690298417106,8123.4062250276465,82438.48126922114,0.7959434107730263,0.20028612454700276,24466.79039770113,0.1396179118016196,23147.000069637197,1.0,30621.2103126236,7.294094611528822,73.04887685142836,250.85017850547834,80.34297146295718
AAK1,2.6368983220747815,0.31637533122373934,0.14378948044995526,14.925751754905622,1.656910904605648,0.9892703649246939,5.645377182272665,7.3223013679178885,8.077804129582702,normal,234.93483238303406,255.0,57.78765587133666,40.022163261615454,-1.0416671509382935,0.7252698946605847,664.2160717975969,5660.897499483364,16513.175538039148,0.24013866833030853,0.3375123117848618,8312.577362501108,0.20948382488886425,8006.460787025978,1.0,9735.099695923007,0.7222740220377873,327.5624359181911,6611.525174032702,17944.541686903027,0.26274671052631576,0.3376474584243616,7729.044169229939,0.22244423714824635,7538.377221041349,1.0,8588.427445901463,0.7257826438584362,897.6455530529007,5343.0997138856765,16034.467340354295,0.23291458711433757,0.3352537921310792,8592.856821087234,0.20358245973269332,8286.286188330923,1.0,9954.472210385342,0.7197931127996947,375.37513194576013,6603.046607302352,17756.367634720005,0.26193143148820325,0.3386103661899966,7693.820201910845,0.22400417814075044,7459.172415377526,1.0,8737.202154437437,6.748863844286089,15.718586715227808,556.4383313727265,22.467450559513896
AAL1,18.48974118949388,2.461409588546462,-0.25932397564782844,36.33814183506142,5.058186429356049,1.518592338706592,1.4832822974481101,2.141901468426993,-2.885446431209443,abnormal,201.48143657838398,255.0,84.40483984558082,9.787955157866978,-1.90220952446075,0.8299521578590837,86.84795844087088,6532.145104008117,58725.09716983213,0.7616431451612903,0.2163232248913637,22794.417675865265,0.14161224561271973,21567.884394357723,1.0,28711.85777468952,0.8268451638073504,49.07301946199522,7329.308137692032,60886.98015764005,0.7950772849462365,0.22255052689915023,22011.812987342306,0.15197281189610135,20944.176196316886,1.0,27034.97991462925,0.8203400952560023,120.17000419315723,6214.972574485205,55690.393737463026,0.7412550403225806,0.21420283503610962,23031.092340121715,0.1371584465857957,21558.183490999378,1.0,30645.313444168678,0.8267341677639004,44.38538842765164,7281.871738393765,60743.85545154185,0.7932795698924732,0.22230701499803251,22057.634244747544,0.15185977347641022,20990.310050004184,1.0,27115.696765926805,8.515835558442184,68.84250703352629,248.5124697639503,77.35834259196847
AAM1,15.927071827704243,3.796130333890526,-2.003372642402494,33.721652463119646,8.554203148771062,4.847231552668331,1.674282350068938,2.3171111554356836,-2.6482264318992996,abnormal,215.33256536716198,255.0,75.36502775028728,15.836739596240992,-1.5790122746695392,0.8238005871788893,408.8733308050061,5374.4359168845685,63777.7246452025,0.6480106581125827,0.18385959024825016,24335.145521866703,0.11994043778851461,22036.042934915335,1.0,40367.92332182279,0.8315015920942903,167.0415596304565,6197.406385741376,69704.2987080924,0.692331074089404,0.18838116288789744,23691.599097626364,0.13006390325555264,21933.774014630682,1.0,33949.915414148396,0.8303422763382291,402.64665536678626,5469.317375537073,65739.16744846072,0.656275869205298,0.18408563568945766,24282.9308112263,0.12113859011400524,22144.9228964928,1.0,38755.93092948086,0.8313733966151428,161.29826724580823,6191.983531829434,69670.4708701135,0.692356943294702,0.18798454565753284,23663.73478118724,0.1293299290787751,21866.822592401084,1.0,33815.53161459063,7.174838885993569,61.343704387162674,508.71398188953935,68.51854327315624
AAN1,31.180998667077144,1.7800273525308008,-0.8416836492088822,44.95208424528309,3.2819878332451577,1.7744900119487301,0.7577624854315319,1.9191520399092457,-2.1251257971932405,abnormal,201.34055334454564,255.0,83.74309255238605,9.770272526912358,-1.9222879769535859,0.8125219215902475,167.50338764713402,5284.003274561671,62764.85527027426,0.6168296292701864,0.15818536535181896,35906.486316658964,0.1043798941581647,31219.21323711125,1.0,94362.93622963232,0.8157702033152704,79.90658365495676,5762.081762778075,66343.93506493507,0.6459324048913043,0.16227749945038564,35475.88825346743,0.11145600248379421,31172.24699027306,1.0,75678.27194786414,0.8021076395520241,136.87402113431008,4957.406738475675,58813.91565674613,0.5940957395186336,0.15416164397281082,36151.225473480015,0.09972696623830607,30907.031030246028,1.0,101253.73703609168,0.8127681839167534,75.91029740513314,5724.692087118104,65514.50304196497,0.6430573078416149,0.16212605922520046,35561.8645688899,0.11122699662401875,31175.384738824676,1.0,75602.95897827706,7.9349907581636225,102.10642478461503,525.4322661196825,110.04141554277865
AAO1,19.13278503931856,5.121122703909766,-2.536534863343181,35.831230491201694,10.106496813117033,5.0546429452332795,1.360740235213788,1.7262578810874247,-1.7294363239145807,abnormal,218.07288914394113,255.0,72.74022451309753,17.80548350567158,-1.5229721011959407,0.7894217693557832,346.95241735398645,3481.451418225709,43307.886635821094,0.5118972429701231,0.16359923645396854,26688.501991550995,0.10472788836200225,22489.427908155034,1.0,76292.96881915108,0.8064957459592544,152.08659751188725,4038.7347715581714,50068.98776617091,0.5645252086994728,0.1647358709757446,26552.35766316839,0.11241533451825453,23236.848217178158,1.0,52543.34837226837,0.7930889455438113,299.9431120656511,3453.3037558498722,44226.031539593525,0.5178287016695958,0.16242418163096217,27006.80824351377,0.10442048291975399,22863.06254798682,1.0,69890.8031393761,0.8037528368990188,248.62764134080948,4024.7468965010653,49357.041771748976,0.5607562609841827,0.16468074335830857,26488.88400137117,0.11231138156500219,23040.737693376268,1.0,53320.94099067114,8.296789131587023,70.06184463714936,586.1976177990861,78.35863376873638
AAQ1,4.131957372084771,0.5423895715853695,-0.3168809443621458,19.01392510548986,2.74546963033333,1.6395926604825601,4.441298815508366,6.670632511198852,-6.924243562529791,abnormal,240.5759067497967,255.0,49.49116318106584,59.19526702268569,-0.8743435589156825,0.7685285210822663,2101.142050594217,3106.17664306435,17670.274337939423,0.2376289729601518,0.24865872621073604,18696.2413986712,0.158490291263756,17236.12516024529,1.0,28011.403880345613,0.7571113417131106,1005.5933012985527,3781.682684056976,18717.492706366913,0.25914670303605314,0.2538304066932069,17670.184228591042,0.17134990609564946,16533.00360470847,1.0,23617.225358961157,0.7696276958545026,1923.0602896914975,3058.2347002758966,17612.78354652621,0.2364207779886148,0.2487470318865414,18904.168861299222,0.15630892825465784,17431.134948747986,1.0,27551.457957110608,0.7603556902387635,1066.785114828466,3845.8375956903883,19063.768018145733,0.2614296726755218,0.25466708060324705,17527.76450240998,0.1734385682410542,16424.59491251917,1.0,23441.117805500424,5.597292852624921,22.66641760816242,474.89048612721234,28.26371046078734
AAR1,13.798393202102778,1.6780442415149674,2.1425582395069873,31.95380832607597,4.2673133174225155,5.621601025074144,1.9213157568346706,2.7586673008098224,2.555171860133143,abnormal,213.37485760322954,255.0,77.08014422426817,14.688860985389248,-1.6200725679363115,0.8012488429828266,177.3443483193873,5932.189463776898,46552.33533605807,0.5498596302177858,0.22847001313100504,20395.629839739046,0.14557728722181992,18790.656563566026,1.0,29384.171774474285,0.7978891251287524,108.48300326230641,6873.0643001807,49136.001249135916,0.584569249092559,0.23407655761274354,19609.544477727784,0.1561513268836731,18304.732762062475,1.0,26179.203815321926,0.7982459254403007,228.85482717830726,5851.140259200041,45800.64603725513,0.5453791401996371,0.22773802607545354,20474.718948640955,0.14317998113116454,18819.553678555803,1.0,29961.700776040245,0.801699237438097,99.1607353827607,6985.508764315853,49940.387751657625,0.5880643148820327,0.23558766094598216,19472.032694394213,0.15878975838010315,18179.205499130392,1.0,26172.15162145871,8.16362525934621,54.56918808738677,473.18664988178944,62.73281334673298
AAS1,4.508648854869116,0.4073706370410805,0.2741870095075934,19.67962223025759,2.0379812078048682,1.5003807763087789,4.218814466935857,6.863365123735475,6.57490740999057,normal,232.73291877875772,255.0,60.48881174296045,35.030203642275296,-1.1043570164279348,0.7475042569066355,647.8864510739332,6256.990019126344,23606.43535515642,0.3346207038606403,0.3069246183262543,13173.10884428518,0.19107909089823297,12445.605971762405,1.0,16643.780486732474,0.7395204211744888,407.4941928459088,7420.429850385127,25218.813525829737,0.3648334510357815,0.31106223544748623,12218.4024075493,0.20700103690217522,11643.800668337673,1.0,14959.69941928459,0.7416740312425621,886.6650453589123,5927.607470081216,22569.882021582245,0.3251750823917137,0.3036815145843969,13459.767617582516,0.1852325051085264,12700.45920177406,1.0,17641.177589756353,0.7383837637879723,370.18085729876117,7388.942159616822,25086.41561407409,0.3640021774952919,0.3099532715548658,12307.88807825226,0.20585730657769624,11775.547057261234,1.0,14857.19971302116,7.231985224436137,23.882536761850368,257.46361940298505,31.114521986286505
AAT1,4.904844055216691,0.43284177761426845,0.09832653184405989,20.662952623285964,2.1853077640748695,0.6289229521329217,4.027468968025187,6.4519910767690405,5.912353812575404,normal,237.9845426065163,255.0,53.74604775739481,48.77167948096107,-0.9497697842057183,0.7730896602040572,1797.926777429897,4556.209543615879,24385.323513952055,0.29986979166666666,0.26245538165687565,18712.987133487215,0.1665578622970847,17379.04019669987,1.0,31304.413236739263,0.7654874355863727,807.9190221865698,5444.74752485698,25924.24384116865,0.3246367872807018,0.26713999518893056,17626.85478457284,0.18017735923111663,16526.460093753303,1.0,26076.554263156784,0.7730804019450803,1405.7436063600805,4430.725507440924,24078.03756335779,0.29610060307017544,0.2590256074562589,18889.153262202883,0.162335688866124,17476.835250193937,1.0,31630.097854514315,0.7613255143624268,673.724958705688,5447.078607428741,25545.25390707721,0.3236156798245614,0.26739665116343464,17618.417750201177,0.17921188348579567,16456.302701335335,1.0,26624.153403074837,6.208342731829574,25.72060159837755,531.4893444286585,31.928944330207123
AAU1,21.923173285602658,1.5450638241002448,-0.35807859105255646,39.94638932023369,3.6615735789707182,1.7407860425028316,1.2850338701462904,2.550744921643011,-1.7774640950022058,abnormal,220.25527044293014,255.0,72.01780447714196,19.294332981422766,-1.447339160475142,0.8378686068693108,641.5172146030078,3140.231800481895,57835.083566477486,0.5827499467632027,0.12379909302597432,37933.597960512045,0.0844535894906827,33350.75068989441,1.0,125078.64384328145,0.8423379981744105,329.245455720193,3529.3618194348724,62208.4587568918,0.6179727427597955,0.12759275150430083,37438.470192970366,0.09126862500694925,33505.45826705592,1.0,95254.29585199863,0.8328121881311906,651.2616540836551,3144.900947449219,56917.82232176613,0.580860040459966,0.12321158055196284,37828.602174436055,0.0836128151371724,33102.018821009275,1.0,123959.40211027989,0.8413484165488738,363.7168624658835,3534.323214343506,61924.352147318685,0.616861424616695,0.12807354486753783,37372.383205497485,0.09198485791330235,33321.42344476707,1.0,94471.15917451482,7.1424021695560675,79.57783671048597,490.55555814767297,86.72023888004203
AAV1,20.91784095669756,1.7001687016596592,-0.5986208709325096,39.07066584549364,4.089861312855626,2.5236772394021925,1.3506824652847762,2.7788929487839633,-1.7624236303061396,abnormal,205.7726082483868,255.0,82.48842673110049,11.148208798785875,-1.790338125083421,0.8330684136507576,164.4294236054303,6635.6998722391245,70998.73955164205,0.7352738429930796,0.19248007812350415,28966.252874619706,0.12709102982579842,26829.765098837976,1.0,42739.78064652518,0.8314119460564615,81.64571509023872,7458.297660216644,73958.79891414341,0.7680241673875432,0.1994060091545402,28135.664959566362,0.13814264955391328,26256.634362600817,1.0,38974.16542153938,0.8235719099361852,160.23247459229498,6255.211467738123,67314.04092649491,0.7148505082179931,0.18813190447199615,29360.849624202318,0.12150227843038976,26924.404695221732,1.0,45132.304240132355,0.8311438863743262,90.88790279978869,7419.538034865293,73864.82669484064,0.7675983996539792,0.19858662547342507,28195.2323560486,0.1369157459177755,26341.360047551734,1.0,38721.57306744145,8.275654813717097,76.55274805441105,239.35247020749404,84.82840286812815
AAW1,11.04660569067312,1.5514397609607813,-0.9615815806166842,29.038729776040764,4.478575751536573,2.823464858470102,2.2730994353306975,3.0942862594199974,-3.0994624906300836,normal,229.7033143159117,255.0,63.27078396762407,29.51361033267755,-1.1994486600813754,0.80023809552295,908.4106106318037,3223.3989837505956,33956.67698794968,0.37005915305362946,0.18452612438300056,25123.981545193106,0.1164196825573825,22402.367578121564,1.0,73104.08119409304,0.8048603402518603,456.16311689153076,3802.4346058534848,37519.49610469542,0.40310912628458756,0.18911041013277277,24672.96324970441,0.12639365344811793,22435.538379485977,1.0,42218.608704102626,0.8030202842119412,953.0979482511117,3201.49371520605,34454.34042925668,0.3729515153889346,0.18568703871740136,25458.007510241237,0.11773365399869691,22602.406304781634,1.0,51492.21147718917,0.8047043753732357,439.01143329765495,3783.0534851286043,37465.05980993156,0.4025933325498492,0.1885783129258597,24700.744802309364,0.1270518211690052,22428.43027146761,1.0,42262.78664331355,6.311044358918197,46.59859088790403,503.26882857034997,52.909635246822226
AAX1,19.013510224666497,2.3904111101024617,1.3331488240807128,36.624768452514914,4.895335567424496,2.8643256654318052,1.4266971254853724,1.871181349929628,1.9917001706788109,abnormal,214.83639891889013,255.0,76.08017088846513,15.61950868375061,-1.5837346556433378,0.8166749075122062,339.7176722105197,4894.689397512078,59612.29325829744,0.6550760654657294,0.16437601952260084,28226.17060185913,0.10769306659024382,24923.467412281065,1.0,57307.29863447249,0.823849503929851,162.9504199777456,5504.896192136126,64767.02128937599,0.6971729459578208,0.16853550304725748,27686.012870126928,0.11579900624287671,24960.1781731963,1.0,47495.8155741337,0.822040742960956,323.23069182389935,4791.941970649895,60424.667127882596,0.6549318980667839,0.16248205047454437,28525.21037735849,0.10653786707361841,25330.48888146343,1.0,62503.30388888889,0.82479475909287,188.44545176834615,5468.057755791839,64875.95397077228,0.6966649275043937,0.16788039890545267,27725.16799534879,0.11523029239494685,24996.399694938587,1.0,47403.23457069936,7.731160462267668,70.18219602505307,473.1151266956744,77.91335648732074
AAY1,31.581379996965403,10.15009854901381,-5.676001251916294,41.199835893134015,13.553145304113869,7.752024346442491,0.552306996082687,0.7371151003503214,-0.7919322144374008,normal,204.4685007935178,255.0,80.5516434509705,10.870627506995339,-1.8819541243962066,0.7767304690615934,136.51717227385456,3283.611438162279,44778.59089656555,0.6809327237991266,0.13591530424893752,29579.762569202634,0.087372055343976,23575.104089757948,1.0,119065.38125955059,0.7883574918861673,60.84212222350098,3659.6298078029695,50298.96411554839,0.7410787390829694,0.13484640459166444,29690.810449994246,0.09124091322530846,24355.85147944438,1.0,84008.56210150765,0.7662174312579499,124.53731997576038,3256.101948194278,42277.45328072822,0.6614952920305677,0.13875404867113378,29233.16947098338,0.08923331163318726,22962.215764630095,1.0,140435.56614964092,0.7936651652287325,70.46921253501797,3725.679150268235,51759.19718948837,0.751987240720524,0.1352414469461664,29711.71288094455,0.09199705779162053,24533.972725441923,1.0,80490.39144143634,8.869207566512562,98.09954866237483,589.8250291618064,106.96875622888739
AAZ1,7.87798390796502,1.411403834998681,0.26515794662569936,24.973072149794838,4.6813735540843435,1.2653145726577222,2.8989796380271606,3.546034719883238,4.179996513079943,abnormal,229.14279246374164,255.0,64.06124149434567,28.915336085053987,-1.21089789706342,0.7809576973385992,776.1566850113305,5133.776195100896,31601.671486637173,0.3693797831632653,0.24456143368478678,17945.874303082623,0.1565899488310503,16253.105151643447,1.0,29011.833495198014,0.7757819898670879,297.1799635209079,5921.324799027224,33259.23711409849,0.39336203231292516,0.2485287980753815,17120.546527730865,0.16845834856685118,15615.320302528788,1.0,25996.209214348444,0.7746071497944855,615.7562135850726,4874.363448631905,30296.85127959289,0.36030505952380953,0.24054937049453082,18195.59467881112,0.15028936393317593,16352.461822008816,1.0,30581.43281215429,0.7786644164902089,320.9851112043643,5924.081527486362,33723.748501888374,0.395773543792517,0.2475405091155689,17231.876475031473,0.16668964148763865,15860.467606538095,1.0,25115.019890893833,7.25482810573894,36.08375310985451,560.9475491131033,43.33858121559345
ABA1,19.290748468987896,3.1366166453164523,-2.0495754186488617,36.24492285112116,6.919720473268277,4.628610222265954,1.3693904693409775,2.2591395449676885,-2.3205158374244617,abnormal,212.83696157336027,255.0,77.6001465585796,14.415087477340549,-1.6300112936569493,0.8248401503298842,259.80443364035773,4438.860545507259,57302.41979080711,0.6213399847571538,0.17180320604244587,25650.194573920024,0.11079900942901111,23184.59255613866,1.0,141747.55575503467,0.8252612784785187,123.85753646005966,5062.504101756712,61854.82202933377,0.6689115222060555,0.17492514130784143,25412.32815089493,0.11931800992777619,23032.458585034998,1.0,55289.311868163735,0.8178433607816658,304.793255506559,4412.824323273612,56430.62052227616,0.6237719115914917,0.17101309572427392,25906.812204956183,0.11031357605085464,22895.367491283323,1.0,74870.14380921703,0.8227882999106952,114.85592719046087,5076.088801486078,61320.73947966501,0.6676435945402897,0.17519501525726197,25332.650595157793,0.11929215947543509,22854.669318146054,1.0,55107.498894781085,7.888279469153198,70.39459002412204,564.3913786875376,78.28286949327524
ABB1,25.59567738469958,2.607746711961344,1.852376274281336,40.92862736210849,4.876545347754586,3.3041027260179328,0.9871664649316834,1.7120831333515694,1.6999315132088963,abnormal,210.91321892393321,255.0,77.71501219160658,13.44941470611936,-1.7018635074277813,0.8022562635402757,207.9432587659508,3543.0427291215055,53729.76112365075,0.6620945785984849,0.14303804981663165,33468.70148836794,0.09182490574072998,28404.900877195105,1.0,77114.36109683331,0.8159882352313693,121.11639567664284,4005.7374881669425,59935.56145387968,0.711181640625,0.14558356050476604,33079.64973109051,0.09871400783203464,28890.77695264413,1.0,60969.24896753321,0.7992031294642234,367.0189545588202,3508.805184230169,52657.34339870168,0.6541637073863636,0.14365369896273236,33414.50147022234,0.09231010922326804,28148.290446883188,1.0,80633.45038565063,0.8163763696516891,121.55669846536706,3999.149170468685,60194.89744919121,0.7134824810606061,0.1450380769991406,33137.22613023641,0.0979117540692401,29022.227821918143,1.0,60116.39180837826,7.341871521335807,87.38559475074806,467.1050009962144,94.72746627208386
ABC1,29.76598567347431,6.086572888304168,-4.024957959126597,42.50220838275809,9.140954719393408,6.030923967976007,0.7357519020432493,1.067160762516384,-1.0523852225176409,abnormal,217.80708878423164,255.0,71.32268988499979,17.688257272802808,-1.5644212778179547,0.7218041981841642,368.83538471015834,3169.050489743116,39119.95082855911,0.5032552083333334,0.12097694904075144,35986.28603462083,0.0746704543641528,26258.9550185867,1.0,217748.01032464733,0.7576076935645499,189.5702826948481,3750.4061188903565,50376.6408348745,0.5867125496031746,0.1188110989078583,36423.01851519154,0.07902526082156945,28512.462488035828,1.0,119814.32598150594,0.7384902355749459,323.81087988316904,3259.7447738166743,42874.53825860627,0.526469494047619,0.11869170025120704,36467.48433028301,0.07478183081272478,27355.04593543042,1.0,176453.17930961383,0.7582459780719435,170.2394461616632,3746.028517593259,50381.10168522674,0.5857390873015873,0.11859388821653041,36434.19177922683,0.07907756442729713,28561.024304057402,1.0,120715.6167591142,8.127664399092971,97.39868851424815,501.9081167631482,105.52635291334113
ABD1,10.443955415623416,3.255834726784143,1.002642421102981,26.829120564232458,8.223708255611918,3.273320078153864,2.2333591918180744,2.543090564214928,3.40601331860435,normal,216.962941400969,255.0,74.67262122253746,16.84134050248611,-1.528152807935077,0.8169100471656615,346.052982346182,7244.210863888018,59844.94235871723,0.6458468264248705,0.22524520533270134,15266.098370416797,0.14765843910653695,14182.703975263177,1.0,21038.70155646088,0.8220116025349048,160.29758323009457,8184.506636776591,64619.32039407705,0.6861641839378239,0.22788664903611636,14783.165919414783,0.15689751256476678,13974.588812720549,1.0,18530.042731008987,0.8210750284573054,275.5594514261876,7188.314533034364,60640.43630390572,0.6468925410189983,0.22411622592002955,15355.473880168953,0.1477388030917517,14330.55223471818,1.0,20646.62900349377,0.8184596518314502,173.42561433598485,8215.43796512602,63843.73383209628,0.6844438147668394,0.22878227800869233,14696.19965303447,0.15733296854341486,13816.610625631622,1.0,18915.579402864438,7.426241809137542,42.995280437370205,588.1262786941413,50.42152224650775
ABE1,13.151153169352181,1.5512652332167476,0.48418230781314486,31.77157614830851,4.0835149279458856,1.4361010692340195,2.0371313060806435,2.8374703939163,3.686669869743324,normal,210.75242625524012,255.0,79.8678300942991,13.420578816355121,-1.6620298946090273,0.7932307999226961,106.16726444935611,7253.2576597800335,44400.25359662242,0.6200515362394958,0.2526531046376524,19006.374723718516,0.16323481331016185,17679.653690800635,1.0,25969.17791865744,0.7913762372087083,65.23768806419258,8215.441098294885,46690.29119859579,0.6545430672268907,0.25953772679365694,18264.564593781342,0.175593139785184,17156.4527433397,1.0,23834.492527582748,0.7934018498577621,197.9057113018947,6843.412662245189,43310.69874272694,0.6050666360294118,0.24888170596836137,19414.059771330918,0.1578891730084154,18033.36546427846,1.0,26791.47704493361,0.7892711941875261,68.34147016982867,8152.51818513716,46227.493900519934,0.6518595719537815,0.2590424778403847,18311.474336862513,0.1742914028334042,17171.164438092048,1.0,23915.094205179208,8.655007561111004,53.37986749125171,531.7585363011306,62.034875052362715
ABF1,18.045231600525213,0.18704748393246065,0.010476736206582774,36.323203629497016,2.0433705074118094,1.2589865772301716,1.531651660324526,0.5951096351629815,1.2431068432877097,abnormal,215.63016270337923,255.0,76.69930863242591,15.963168328968138,-1.5399032141983293,0.8032980196914191,299.8248172852903,3906.9035521654487,37830.65860275109,0.5142627363445378,0.18120045549800598,28788.17542207896,0.11898915478419295,26057.552005448277,1.0,47936.535282290235,0.800868669893819,118.01494759228315,4401.530305331916,39577.036639829865,0.5402278098739496,0.18937099618095474,28228.615676743128,0.13055620273371502,25935.893246486332,1.0,42082.41707428224,0.7991695967853312,212.41986945888604,3840.535623471487,36884.68683089581,0.5066882221638656,0.17937273613365556,28716.30086001652,0.11642621465911147,25770.34990962999,1.0,51670.142591062955,0.802536188662063,121.00460299194476,4416.737296347889,39896.66667676095,0.541983981092437,0.18903820952372952,28224.643692084064,0.13063982383667375,25985.155265520745,1.0,41626.35209860093,8.558316943798797,67.5755975899485,469.5165669433186,76.1339145337473
ABH1,6.746768163048747,0.7304152025139949,0.2500036858895239,23.819318343723218,2.8588891741718268,1.5262495761942632,3.284498728675947,4.419025804184714,6.023227301148226,abnormal,235.17183977881092,255.0,56.96471405009359,40.536437512054256,-1.044233814835932,0.7917758931363111,1247.1705013453407,3025.5066717917744,21321.85783317775,0.26057406135531136,0.23252034843107403,21759.28109384438,0.14515822975270581,20063.051163754593,1.0,32698.21259129098,0.7859222555897225,853.7825335502237,3658.822997153314,22734.97468483123,0.28147893772893773,0.23985209741395203,20498.91927612851,0.1607323637482327,19095.86232006269,1.0,28893.5451148841,0.7893299176800979,1778.6852439291183,3065.8865674907024,21291.791839859987,0.26161858974358976,0.23120099810641212,21621.518950995407,0.14489295112143358,19973.77255457493,1.0,35200.69221723911,0.782944113354208,718.037455848347,3661.2440474677915,22558.200365918736,0.28154332646520147,0.23922142110194317,20563.14136152263,0.1582035084262954,19209.097657804115,1.0,28874.753767184204,4.479712595097211,32.58748765194308,588.220194721695,37.06720024704029
ABI1,25.597655629761803,2.9038618091348507,0.9283905125075446,40.82138552211058,4.990368593136892,2.2007692092442603,0.9864400566731834,1.6265623314122135,2.3543565005090805,abnormal,196.75203581064508,255.0,85.54456128618205,8.353285490619252,-2.0427235810290023,0.8355186256447441,100.10156284354855,5932.27614926607,74590.97020307292,0.8225043402777777,0.17751715157464748,28563.13448193979,0.11665037387411388,26253.94790007554,1.0,41350.089461139985,0.8390299973114352,53.574792664014566,6609.646921987728,78652.26134448116,0.858275462962963,0.18289437633506658,27866.339761310766,0.12511477088579476,25882.666668008635,1.0,37900.63180163172,0.8279225421782332,102.41235048979813,5699.92666558424,71266.23936064656,0.801953125,0.17608345853280208,28672.86011437643,0.11382529301952629,25969.539599714768,1.0,44232.680034637655,0.8416970057995786,58.49882056663169,6594.410820566632,79517.00152780692,0.8617259837962963,0.1821230266278022,27996.129141657922,0.12456187954285639,26156.148661626044,1.0,37034.46557817419,8.611965497506336,87.1886028572215,454.42712114233075,95.80056835472783
ABJ1,19.34676243150634,1.7035313532314698,-0.6297445583682815,36.33591589967202,3.7516351397523677,1.8241432516465041,1.364429963783066,2.4017588601611815,-2.937503962925373,abnormal,208.18843189814038,255.0,80.9211335380384,12.346578748106532,-1.7354515213206332,0.8223954631008359,133.45660445732923,6444.965613738399,63039.03648003865,0.750589337524178,0.19823547151901605,23475.48289746532,0.13081934790607064,21284.990595112708,1.0,57487.62835457309,0.823062016105966,93.25249851336058,7117.185340776122,66350.07552128292,0.7877629352030948,0.20136601004650231,23081.8961654294,0.1383381070662945,21116.993709602186,1.0,45979.464982448066,0.8162948415500005,310.52510148289286,6070.222309667799,60275.220652804244,0.7296300773694391,0.19417711975437574,23870.440901747992,0.125976150531738,21450.51754634534,1.0,61787.32996437744,0.823704322448671,89.20284677056294,7100.866971905861,66548.6586174197,0.7887980536750484,0.2010265193465432,23124.769605072845,0.1376410849616493,21201.538609593354,1.0,45388.75433672736,7.486764952253309,70.37915550327754,460.3570771212958,77.86592045553085
ABK1,16.120627913901853,3.1001834586408346,1.409972081604308,33.46676985609356,6.585810487193565,3.142265814078217,1.6227232665950748,1.9604274920710945,2.2565562006503797,abnormal,213.5310199456667,255.0,77.00167606469003,14.8895513567367,-1.615639379829656,0.8090033395196246,192.15795685319668,5635.320570754166,57572.620099733125,0.6153881386097152,0.18977683237564882,22672.80158637335,0.12368127446423535,20298.806998190757,1.0,37467.18142284505,0.8204632666155267,135.02001944405865,6428.343981270213,63739.54790579552,0.659560824958124,0.1940298774080595,22130.20644431658,0.13276568757246157,20340.019191441057,1.0,31439.41259102002,0.8191482014597525,349.0879062784157,5558.34007908816,59440.70750068726,0.6188363693467337,0.18850970398082378,22936.694855040285,0.1223486269464715,20726.507090642575,1.0,35824.68212480704,0.8197820658283559,135.1261052944971,6424.7437006897235,63611.66888304471,0.6593187290619765,0.19321284234509986,22130.866034833525,0.13231531632065566,20320.92232886492,1.0,31406.449977670818,8.479533521951494,61.13184802563164,297.28283537738395,69.61138154758314
ABL1,19.682103157124693,3.533116433739484,0.2595089203555791,35.20694320807716,6.337415157195691,1.3971561936691592,1.2516646404238423,1.5019363405951514,2.3999399280749723,abnormal,209.28456945794846,255.0,80.4981931274946,12.837465373479725,-1.7037188823473297,0.838324408631172,223.48919529022754,4112.626991108238,62367.66687156226,0.6775404986213235,0.14879358204942236,25407.619593670846,0.09991837404160074,23183.569834629387,1.0,37565.83765910319,0.8592491264559321,126.61763430688582,4699.375231563597,71121.32608095858,0.7287166819852942,0.15401151866916798,24858.18654172086,0.1102309165116728,23475.605865767826,1.0,31303.349000827715,0.8593492450459663,248.40838849824468,4179.016410488712,67901.74310481505,0.6974738625919118,0.1471166991597269,25491.04974622425,0.10092241873266679,23775.697061497503,1.0,34077.40191284115,0.8552094650648571,117.46095732868021,4678.651332487309,69915.00977553934,0.7242647058823529,0.15445818596687957,24812.94025618655,0.11039359531552759,23291.17654930567,1.0,31976.22761342005,7.570411248176956,69.87060684515437,646.856111707841,77.44101809333132
ABM1,25.085735712323487,1.033460299581116,0.043246870750661096,42.10011097141852,2.3063209841788006,1.2470330039118218,1.0988234981520724,2.7777597541362877,0.1157171006700525,abnormal,195.16792127429645,255.0,87.74467960304548,8.047527915817598,-2.0456651843638465,0.806625426970751,45.57176441474883,10414.103346943826,78644.34522704776,0.9459269662921348,0.2224825935197954,26825.077162212325,0.14667396224631718,24276.276339104264,1.0,62941.285549678294,0.8060390781309019,28.299486678797024,11498.90856373615,82148.82100326927,0.9889834971910112,0.229208338710736,26255.70928564032,0.15732110425164542,23927.67360203461,1.0,53461.68964777586,0.7979345979983498,69.31454072264533,9922.681659242227,74440.2373584966,0.9163009129213483,0.2199145676540787,26960.556353882264,0.14249770454482857,24114.768111764697,1.0,70836.54098609315,0.8051354238304392,29.436183055718082,11432.144372273531,81829.87466208459,0.9876740987827716,0.22805787207451578,26349.39102644813,0.1556481960407351,23998.396287914682,1.0,50738.23036017153,7.960892510843659,87.70166603246238,545.8852713178295,95.66255854330605
ABN1,24.77750863807635,4.484825697646899,1.9391970249386432,38.068990550579265,6.515626481004222,3.3354004733846403,0.9098971824170226,1.1582683954960242,1.865053348796087,abnormal,187.11274425972763,247.0,89.90837466459726,6.430061636170837,-1.9982762216650498,0.8604962868644358,51.46082486117748,6590.847748356375,84883.96178879203,0.9914235305649034,0.17712436685912236,21972.9133945196,0.12262690756858559,20580.236555931348,1.0,28628.63762790621,0.8685911795139061,34.498860088809806,7087.031440895406,90035.32734118693,1.0282533407390466,0.18077795712235278,21570.59825875587,0.13014259291306687,20464.072675844356,1.0,26611.854440887462,0.8601370249380832,98.91433214223534,6569.509314607393,84247.1092217515,0.9852076322409906,0.1784635187204574,21962.331595048792,0.12418518875318382,20474.116668302948,1.0,29200.860392813618,0.8659248665778183,34.34343900769071,7085.984379727083,89186.63318631276,1.0259581141568923,0.1814119091728779,21577.241819658295,0.1305382332358807,20435.06384571859,1.0,26750.93291721733,7.745335325514622,82.24719533638087,547.1431061104062,89.99253066189549
ABO1,27.684676989801567,2.141148630835507,-0.6860268149543549,42.48299228209491,3.5781462264588364,1.5200464671935718,0.894175654052249,1.491103696004276,-1.7006879168758606,abnormal,206.18148581456566,255.0,81.59591328402428,11.406294029566519,-1.7948882077771615,0.825284228622134,151.96585261455783,3389.141678358262,53739.933322236226,0.6245989781368821,0.13870040162942698,35912.18174684327,0.08996982613996027,31871.975254761706,1.0,68522.42887546668,0.8277973919659162,74.71160653085074,3829.690706010585,57360.43568595283,0.6608914567490495,0.14271248996709723,35281.68150303957,0.09647410333354273,31897.635092356562,1.0,56218.21285943838,0.8121095889017999,179.672332227858,3253.9219176746,50614.82639972688,0.6090779467680608,0.13519919251993548,36027.37638997269,0.08477609263424056,31563.37979453322,1.0,72588.3533578814,0.8286172271775807,81.8166720974393,3843.142653288239,57491.18782233508,0.6609360147338403,0.14371977057207383,35182.73388465039,0.09783851696538842,31792.2351795483,1.0,56825.20908100091,8.905299429657795,93.02345407423579,542.5278764651579,101.92875350389357
ABP1,12.306118289410088,2.021709450461036,-0.8830790579710744,30.794131786666473,5.497909653739786,2.693281215222068,2.138666890884595,3.1117191357628613,-3.393931643450955,abnormal,217.02592453048922,255.0,74.75964719698537,16.851817322434407,-1.5238464958021656,0.7937876056183956,229.00240144562272,6757.915830519759,49488.582671548815,0.5404245476973685,0.23046331554669477,20716.447132531266,0.14399874734867538,19138.89977278951,1.0,30801.810452232632,0.7968575000011673,120.56760969785414,8060.081445612638,53759.613113992906,0.5811382092927632,0.23903258956669116,19666.969884912607,0.1611631972055236,18379.35580787882,1.0,26979.623627740373,0.7964501545667829,254.6832928397885,6836.515911581154,49758.94840645991,0.5394479851973685,0.23232461842658328,20443.340788909532,0.14784591958617402,18737.041966321816,1.0,32033.088966700016,0.7953161883516814,122.21942162959022,8012.1848723661315,53392.00100865671,0.5796348170230263,0.23824553870046133,19721.69314667642,0.15969358222051214,18430.224432555395,1.0,26984.06936454627,8.37211265360538,50.856025977402254,607.0276991454801,59.22813863100763
ABQ1,15.332847733296648,2.2424124145688196,-0.0023413139815256813,33.78702524089679,5.482384143479993,1.8127214132443834,1.7718294209413392,2.45480604385704,-2.53842136122734,abnormal,219.83516843677398,255.0,72.40746604266984,18.909286666739554,-1.4569560358252278,0.8174462957464603,439.1184031274063,3846.476070603566,42296.35165551146,0.5034291507633588,0.18188281290323888,27311.81913759403,0.11713704325028823,24628.981756887853,1.0,43463.93121779305,0.8222021567477112,223.26483892321272,4552.9656608561345,46077.090936672554,0.5405534351145038,0.18996126654322623,26280.415807038837,0.12941243615561937,24177.299964468108,1.0,37594.1333434466,0.8179784096307929,412.73676317066355,3922.4075664230786,42648.631353751596,0.5069999403625954,0.18315764481863345,27155.477952095986,0.11757040771021833,24519.34159500636,1.0,43211.564938024734,0.8166918366862458,303.4290170303427,4471.714773091223,44935.28925124977,0.535342616889313,0.18933622954576784,26386.216562460835,0.12695716320632616,24154.28218572974,1.0,38243.928634091324,8.091217225356788,60.089386253823776,581.5275076550355,68.18060347918056
ABR1,16.49941300999468,2.142511255694152,1.7398436800742592,34.484896453856045,4.9282752299858625,4.012971746204745,1.6325571662184282,2.28577194057311,2.3025880472738445,abnormal,219.4763093067153,255.0,72.53313659948648,18.40777583428512,-1.4692742803653769,0.8171248316412085,330.55105121986475,2975.0195628081783,38985.80628322706,0.5035342261904762,0.16865946582415456,28419.95920399608,0.10589614534792478,25709.629221416024,1.0,44694.096657618735,0.821037481494619,186.88479145473042,3568.883011190234,42377.93130273472,0.5405991200828157,0.1766437172600347,27465.236715337203,0.11814699144105792,25390.955227589704,1.0,38141.31715636407,0.8011367209114101,398.07596412850666,2966.701005190198,36488.80536758426,0.4923977743271222,0.17155256686621181,28190.326341896063,0.10561590589040071,24973.361030130425,1.0,48322.980093292164,0.8151372312051037,198.4807474774897,3583.2695805619655,41361.244996455665,0.5362237965838509,0.17781785815687315,27255.089860187323,0.11881356090489249,24945.086973629597,1.0,39799.2605764445,8.754299608316309,62.91423135812542,496.2241800892684,71.66853096644172
ABS1,17.774072588450895,4.1702803234435635,-0.42552220078865244,34.70578738297637,8.307501254203286,2.1298452702032487,1.4587532770602591,1.6978121836054496,0.5683527215471487,abnormal,216.85177490976136,255.0,73.8445223829711,16.802506071671612,-1.5498058837348159,0.7910576452332215,235.63943752865853,3270.5019615169062,34325.783282101795,0.4742509664948454,0.18106511645153994,24745.812713346808,0.11694678868950231,21034.978142463613,1.0,57725.093184790174,0.7980908999816089,148.84891460734556,3733.809309238091,37628.15378899271,0.5094152706185567,0.18304621246989947,24331.673939508924,0.1251035899360338,21182.419710249862,1.0,46199.637496245,0.7859563427788523,426.4327127154763,3221.015495315169,33327.52280296102,0.466760631443299,0.18074897249620722,24623.178334167344,0.11602468775024173,20725.680197108162,1.0,63052.154539023,0.8001722933613955,151.2279363181575,3697.0222445961676,38027.60437969984,0.5119684278350516,0.181192141885579,24511.940990466603,0.12278804386399415,21476.408343577,1.0,44751.107290060725,7.410563764314835,66.17786748093907,568.2829554995802,73.5884312452539
ABT1,8.586937321149493,1.6201856619465524,-0.8759838731656046,26.25937249710154,5.23994816171121,2.890297054578363,2.7656605704360206,3.604631673920343,-3.7163853703265617,normal,231.80928160321753,255.0,60.80474616399656,33.353660783875966,-1.1441895506430413,0.8080554602973277,890.7404016814572,3472.8789350770667,32748.35039701074,0.33346416467304624,0.2011621786212216,22998.292050443717,0.1311415190502067,21008.59903201415,1.0,40557.06497898178,0.8093802069756565,449.56450774508784,4117.838028901133,35534.26711023322,0.3595619019138756,0.20614148951897118,22082.23020410992,0.14264364068967325,20482.160403611844,1.0,32274.347142807637,0.8199405077092592,990.5159786339691,3547.7200205583804,34398.454395271576,0.33940764553429026,0.20154906198867473,23024.875474953653,0.1329603835898652,21202.66716515864,1.0,35769.541125938435,0.811054407837213,448.17685498928154,4102.3866606735355,35787.052728027105,0.3603718102073365,0.20570394986288176,22204.309107253994,0.14209436073636694,20690.96703508503,1.0,31438.16874697462,6.7739893211289095,38.93043517708019,487.3015179113539,45.7044244982091
ABU1,14.115709663881994,1.19593614029347,0.911271923700373,33.03075405675139,3.2535612900555706,2.458564531054283,1.9367765650208626,3.001971402383631,3.023288667520376,abnormal,218.45830908169205,255.0,73.87542188724943,17.869270751917202,-1.4839180603562097,0.8079811194050003,284.968714796099,4235.631240142908,37978.16720847147,0.5035820798755186,0.20710444942685644,25165.313125623612,0.1324180848444335,23145.348191076777,1.0,37144.973719785,0.8122172569262129,200.04670951664616,4862.147346188327,40742.98264727781,0.5333490015560166,0.2145417507104463,24268.046937442068,0.1453591414215323,22620.400081940847,1.0,33490.97976022246,0.8074935537416507,449.7717158154995,4087.3147708480014,37230.804594501664,0.49495105031120334,0.20690613702434338,25413.4370998641,0.13053510502264615,23233.568470244038,1.0,38335.19160676567,0.8113810337197591,208.83382649732175,4882.238645847559,40698.80200603936,0.5340783843360996,0.21524664783100875,24256.357460433075,0.14539191434922724,22605.618599111833,1.0,33087.47817180316,8.031922983045757,56.6180809834081,477.01699570815447,64.65000396645385
ABV1,11.204758155892113,2.511551358229132,-0.49033858719753975,28.280962132695798,6.230278736015037,1.8295801330506067,2.1686251392126548,2.702684642242987,-4.083097400860861,abnormal,217.32330649165272,255.0,74.50963182744249,17.123466321809158,-1.5169861634373554,0.8191126703791164,485.94952818158634,5738.73494006631,49327.38492731446,0.5868881903906601,0.22021369716466221,17537.099910737055,0.14347036901272475,16336.548211965357,1.0,24375.824611068605,0.826572707460291,166.18742679574518,6530.266475439225,53811.90675271901,0.6261787157611136,0.22370699928462093,17007.902832556472,0.1538563967615269,16183.10320475024,1.0,21079.285167921596,0.8255557727225328,410.41320553780616,5737.061945331913,50476.189132308944,0.5903008531656938,0.21962424746168616,17593.36936457224,0.14436809954711732,16491.33364080986,1.0,23777.278994878037,0.8230759824356081,183.86449701291193,6462.155641742147,52870.76609173251,0.6213441101631493,0.2231283079266612,17036.589949894005,0.15281738850998755,16146.861086554256,1.0,21511.574388128734,6.869011046980699,46.13729738426064,629.4314045984526,53.00630843124134
ABW1,19.676681563618914,1.59872438661314,0.9163316680674384,37.72087854243554,3.7294829560138334,2.387425879898923,1.4143397379449842,2.5548051041167144,2.9032966396860362,abnormal,212.44787418158904,255.0,77.89409614637765,14.12932998717394,-1.6388453524814326,0.8465766433632749,240.6577699363089,3818.3127870165295,54082.62641240287,0.615731323964497,0.16858585802074705,30688.321571130047,0.11190577545308308,28657.062845964054,1.0,41146.405796013365,0.8439112138641556,109.40691988570472,4334.7736570902525,56346.305500759176,0.6444387943786982,0.1739088693532636,29830.997728441114,0.11988365172216528,28181.528457051056,1.0,37854.39125808496,0.8355423271947245,205.5619575513966,3664.3382063032846,51324.344555672185,0.6018706854043393,0.16606982170987913,30861.050641337464,0.10716258224231065,28490.701851820744,1.0,43661.62907396503,0.84448635926314,114.26545319820251,4331.2435223252705,56465.36451859643,0.6446622287968442,0.17371337054763855,29814.391803709725,0.12009811744794255,28144.1764656826,1.0,37781.83657615451,8.123746757646774,72.5378294136702,246.37273972284768,80.66157617131697
ABX1,14.23399483300785,3.2843178285821937,0.43510772361060795,31.74059628613793,7.46076692157565,1.6594540817423107,1.8069097425472318,2.141015480813339,2.6237428569368224,abnormal,217.06262295977848,255.0,74.15921020069645,16.932092990345467,-1.5346998816823392,0.7813368273822858,191.75653712853034,4995.479020721185,38535.59907086498,0.4535330158390411,0.217313039643587,20544.19364353661,0.13793034142308663,17905.789410540987,1.0,38320.300995501806,0.7852153020487846,107.87739198916783,5718.446564516352,41629.750459400086,0.4841141374143836,0.22060993875987117,19965.638573027343,0.14886833459463827,17713.572778741218,1.0,32807.07839507026,0.7782587472645899,268.2922892553208,4681.984997193611,37136.3001623155,0.4409313463184932,0.21385809905451755,20872.136542224784,0.13450601785908953,18012.268536142892,1.0,40318.62794860515,0.7880597613277508,112.32528326854685,5614.719901855375,42063.60168720536,0.4852445419520548,0.21786307857560683,20237.88570010752,0.14584317980735106,18158.571869101983,1.0,31779.83118297356,8.501288800641213,55.899451050162114,450.71398830177463,64.40073985080332
ABY1,27.905556235593494,4.6014792169186896,1.1054501622268398,40.9922827311881,7.472026442891629,2.000437390288409,0.8080985698268253,1.2240779668811426,1.8808802621138982,abnormal,199.9549218202686,255.0,84.04920888362818,9.433813006439271,-1.964744662473089,0.8129669276665784,121.24209762669707,5172.255432341866,71497.3132276229,0.7213666267942583,0.1555883981930011,29816.916122568833,0.10070016380672228,25967.03599343306,1.0,57070.4746260407,0.8249995428720036,118.20348283413796,5747.032874437235,78355.09660427742,0.7652449661084529,0.15917505243464067,29463.666598822772,0.10823688104715114,26295.905653461166,1.0,47790.554990189776,0.8155266906056728,125.65110501077211,5009.002223921051,71574.93248314685,0.7171551036682615,0.15245315216255256,30108.150097296548,0.097773432519952,26283.45480721271,1.0,57015.084578497466,0.8272659944094997,63.11055981190968,5814.823973407921,79178.0165308687,0.7684472188995215,0.16027993894566395,29393.893753293607,0.1098762981980959,26282.54437959617,1.0,47483.863472374236,7.769932477753432,91.3105774249728,462.13391496048223,99.08050990272623
ABZ1,9.20937229388631,1.5632450549443069,0.42392719470415463,26.744682521920737,4.73456376842778,1.6208861633606508,2.6133999520637197,3.4233397216409727,4.051356198777851,abnormal,218.03816467570712,255.0,73.57719304247638,17.615753900091413,-1.5070635530885776,0.7893500803452855,249.44557208758366,7984.170242349425,44716.500955103635,0.5639877462476548,0.2690018463950471,15404.972399454227,0.1713678718017229,14454.155484195928,1.0,20209.535078942237,0.7844239700487389,150.19119158306827,9125.213653046245,46937.689209689255,0.5990560506566605,0.2726850606358324,14623.327342794226,0.1819691655811139,13785.75002708452,1.0,18643.40452654759,0.7858404673615711,254.52368335182405,7954.937218560334,44104.254793447755,0.5614959545028143,0.2686177930172753,15428.788905566795,0.1702918238401031,14450.773681389472,1.0,20459.46274228284,0.7884541855125713,112.12733711219347,9291.78536638426,48068.662343940734,0.6063921787054409,0.2738873757426519,14611.012895662368,0.18486036711789652,13884.345665439296,1.0,17992.90255133489,7.143748862026108,40.39081640511181,410.77331983293254,47.53456526713792
ACA1,4.688622001629462,0.22087109790815848,0.12056281330705601,20.453654286866094,1.2380180627559483,0.7488696555424513,4.179763154867963,7.543347156704874,6.996191743152472,abnormal,239.07903286495147,255.0,52.108692681622415,52.8477216035422,-0.9166014142202901,0.770889459828652,1803.8981961235847,3355.5539563743364,17317.24416298855,0.23175106736242884,0.2653353482733651,20171.97905072603,0.16569347035160562,18841.721436753523,1.0,29026.706550246276,0.7598654651308708,1130.9715407551737,4071.7369291175864,18238.135712809613,0.2510747746679317,0.27398503668563845,18809.001859888405,0.18338569078250516,17661.68817903576,1.0,26015.91665928616,0.771858034289224,1670.0234507470327,3377.6198931439358,17372.356624116197,0.2316843572106262,0.26542161162019806,19985.591899414532,0.16770054761478828,18585.325399118585,1.0,30312.978052916147,0.760701640627508,939.720092881077,4100.898065957322,18367.840808888366,0.25217919829222013,0.2754905423345423,18808.612721180412,0.18538138413005098,17709.2358548655,1.0,25342.28214096761,5.475682039787508,25.01700555501507,457.91446257737755,30.49268759480258
ACB1,4.526305623853721,0.23284642196883015,0.11490170337088648,20.136089830706794,1.351468529780485,0.7193097811668355,4.273120433836573,8.140272322371422,4.913640564629065,normal,238.79577373332592,255.0,52.39873841572639,51.75719985472872,-0.9277452142899717,0.7517344720311417,1356.7554376657824,3442.597312113174,14848.796852343059,0.23154972484276728,0.28254321889431133,17829.30157382847,0.17445193615732668,16401.76623556702,1.0,42603.44940760389,0.7408104777827337,726.8751497102903,4154.186482374648,15770.627941604895,0.25298905922431864,0.28690464467408433,16712.24015149063,0.1903553420016511,15526.19217150016,1.0,30795.084647007414,0.7461187236925917,1916.5445101716923,3305.7138940989757,14340.609219448854,0.22703747379454928,0.279700942936712,18224.13414370221,0.17167511824851706,16793.128075182165,1.0,37659.6004905497,0.739792078217896,823.058504910758,4070.753907397135,15601.143961888603,0.2509745151991614,0.28408435410255434,16889.320814435345,0.18817243356607105,15693.398258200908,1.0,30801.84383463308,5.34355114005306,24.394778851574834,560.5732899022802,29.738329991627893
ACC1,13.234453614732898,2.321117030157225,0.8439359950376597,31.07949838026199,5.650131927307783,2.335700398524353,1.946921993128798,2.350034578906382,2.8819962202729403,abnormal,223.4825499028066,255.0,69.34754855011154,22.045385111490813,-1.3634562759382232,0.8149139866105336,495.4163344027595,3103.076590694138,33557.34078222651,0.3836734403460838,0.18361730191577308,24368.385605400294,0.12228856175907266,21870.43073517662,1.0,42073.61250301356,0.8128630033107352,256.4435629345523,3521.7853727736037,35417.129319252526,0.4062713456284153,0.18733271440992583,23783.59347799436,0.13089034780822056,21659.01669968838,1.0,36012.74202700573,0.8085377548066124,474.4214393653192,3029.085870797129,32380.441820929354,0.37667918943533696,0.1825971950332081,24366.137344163202,0.1199832130185923,21604.38071043393,1.0,44542.53299962221,0.8136195361806479,226.74027980129543,3494.7968017693834,35418.75625340097,0.4053463683970856,0.186107052284221,23798.213133458547,0.12997061382922115,21629.764689828215,1.0,36082.61501869438,7.551065361968908,53.05503150878322,459.94715392538853,60.60609687075213
ACD1,13.06560184227225,1.3154683921138701,0.012102132322807954,32.19827921891683,3.498778518961642,1.1981403713784606,2.076603501287786,2.8205109280564957,-2.271438523919796,normal,224.87513120027086,255.0,68.37003498120825,23.54880062823004,-1.3218452560983363,0.7833094993151718,499.2393725526976,6029.261131562287,48784.2690567188,0.5048413825757576,0.20227341532098822,26796.029590377264,0.12807253123264262,23652.842110942034,1.0,50493.03501840606,0.7842215909188853,317.06609049313676,6903.229017926217,51947.52019186137,0.5355232007575758,0.2086964314674419,26021.189993589884,0.139645165758917,23260.66399580957,1.0,43385.51713047899,0.7829642387401374,602.7612171347024,5662.999540430061,47213.132380330404,0.48938210227272727,0.1997453922537933,27139.17091164163,0.12486611259148904,23700.096551823834,1.0,54726.849829475366,0.7848422503014475,320.26792519329473,6932.900588144591,52221.6265832544,0.5373697916666667,0.2088477830340487,26023.2678260678,0.13978756778169182,23323.51647734694,1.0,42934.60121814217,8.174865978217934,53.90921110365693,465.3176699147012,62.08407708187487
ACE1,11.748476290549211,2.546812435240637,1.453667123411582,28.17462079780856,6.399390484574038,3.8808538264988997,2.0238882185593456,2.5652507193312455,2.6418563575560348,abnormal,218.17367798763146,255.0,73.70330086373234,17.562054611505722,-1.4989690385966106,0.8169868806103182,315.1977677377166,4556.128674612846,42120.850280890525,0.47018951252236135,0.20972619064649275,17591.087209820766,0.1371625734636007,16246.31268323289,1.0,25706.362660880422,0.8178129966050823,184.2714912404038,5209.520992098085,44703.3596636765,0.4969951923076923,0.21572430729990896,17031.039270549198,0.14827983283354257,15919.772671688424,1.0,22790.686229296138,0.8146139085057238,540.0020017458836,4459.181361187201,41279.92441527949,0.46429170393559926,0.21083922161137153,17746.64620270311,0.13621517813857528,16330.027543287146,1.0,26106.34538394389,0.8179891216784951,173.0348090143538,5159.02572717943,44731.91352574827,0.4970580836314848,0.2140194688022169,17121.56360799089,0.1460600951689212,16067.972584859559,1.0,22591.6325652669,6.889571145385099,46.775287262883445,464.605100671141,53.66485840826854
ACF1,26.109403210577725,2.8039919392677253,-1.700192517271082,42.03623266621792,6.021654409549056,4.123705915135721,1.0025530201062567,2.1702693596708205,-2.25003665260516,abnormal,209.67962818930388,255.0,79.25427797067867,12.908922572453031,-1.7155050668985874,0.8037178633408922,253.0254836398376,4035.2757821829473,50525.68406973967,0.6581677565392354,0.1627902885136344,33161.11576307619,0.10348628899959036,28687.870163509542,1.0,186179.02288034392,0.815356718975766,111.47910638061977,4637.446587948334,56187.93645989246,0.7089018485915493,0.1678305974407976,32576.890171295527,0.11228403158602404,28887.120178973924,1.0,161537.68641277234,0.7970182009548047,176.272,3968.3891836115326,48815.08538998482,0.6474393234406438,0.16235459455980047,33013.778682852804,0.10139050325641598,28321.94690390112,1.0,246049.31090743552,0.8101192822984141,121.76757910738037,4610.617177283244,54944.80361474063,0.7031800176056338,0.1679729328615889,32519.208792068584,0.11214521994941122,28624.987369033046,1.0,141992.00125185822,8.993397358943577,89.89620501538877,566.2478167320593,98.88960237433236
ACG1,21.06244636708729,5.018867124691084,-2.2532379939680776,37.24859478879748,9.125294315542655,4.191332618461838,1.2248487940892854,1.5844950768432817,-1.6509525360461392,normal,208.1181083836562,255.0,80.17173016279972,12.206422922396321,-1.7543050968643317,0.8350377673450666,256.36551389001374,5838.2999271078,80866.46600793715,0.7754094654340836,0.15991136045692997,26795.199651737265,0.106151793289751,24000.196159662362,1.0,49502.89234631894,0.8404751015716366,120.45691211110771,6544.5301936431215,87031.96809324238,0.8211665996784566,0.16392025661021206,26279.682240203125,0.11443859684965732,23960.277180037163,1.0,40880.07712074398,0.834567856668041,204.8961832554681,5829.008309219354,80983.13302833863,0.776966941318328,0.15886220445729304,26843.595960167477,0.10606104651354806,24090.86059617613,1.0,48562.16804345366,0.8388716230879328,129.28336873749032,6534.908005429489,86403.79537419765,0.818924588022508,0.16372058675121512,26250.043949723542,0.11418477785609286,23866.602577979735,1.0,41862.57164548808,7.920398400125481,75.22981336737676,587.5547732375392,83.15021176750224
ACH1,2.918531526828509,0.30590591021401586,-0.0167383101859223,15.78904258706723,1.3275681432114779,0.3803790612433497,5.355487191633157,5.821079135295879,-2.0104991707176154,normal,236.52571240421457,255.0,56.327792873778336,44.61534744142095,-0.9839345722554785,0.7781467665566196,1416.5412978369384,4137.002529118136,16961.380299500834,0.2529801993534483,0.30411186287403796,10651.798169717138,0.2017266074258411,10395.20828582434,1.0,11752.87547420965,0.7710198482730892,554.0362180474284,4768.504896827841,18032.467446874038,0.2733533135775862,0.30573403334870314,9926.844287034186,0.21382115790884176,9739.910644208794,1.0,10735.13908222975,0.7855712565560565,1270.7444853550933,4124.382426112051,17387.36859388994,0.25379680765086204,0.30094796540485125,10661.041065445981,0.20189764941673885,10438.913888753286,1.0,11631.292533253723,0.7667352233544475,612.6473905592771,4691.795700264839,17606.400716622527,0.27019632273706895,0.30475645701014736,10018.713039414239,0.21200146756096563,9807.678273403735,1.0,10896.291384950928,5.370794420498084,17.071234023270048,605.3269716531013,22.44202844376813
ACI1,12.872312519527117,3.5993033304609487,0.6618770511195281,29.79201351619617,8.41822896946214,1.9034364018326748,1.9211097712921432,2.2260503040477992,3.1552730574640906,normal,215.3347506932066,255.0,75.78258358816244,15.863943707148653,-1.5702255358178088,0.8098311091543926,261.791087521002,3759.1800824805255,32129.631663357264,0.5014552696078431,0.21423020269164678,18148.21072628685,0.13947839863702677,16517.363810339135,1.0,27207.906655720177,0.8120171299345222,110.96774077537222,4306.0891534201255,34396.66417320003,0.532437193627451,0.21876209540063035,17519.689347622814,0.15047999737590356,16187.776585286718,1.0,24207.010699129685,0.8053338136810977,326.42989604909116,3741.7166611819816,31305.746936642212,0.49459060968137253,0.21634487926366563,18043.567819740994,0.14063676336387446,16244.711185742586,1.0,28878.38268259161,0.8087906307440208,145.5867392129571,4284.941288118436,33906.66746805011,0.5296511182598039,0.2188489663799782,17502.592758626924,0.1496821718518882,16105.932714573815,1.0,24649.868277869162,8.45941027926322,50.9782242677333,471.39275259917224,59.43763454699652
ACJ1,7.587808862436659,0.5837068825914193,0.20202093656849807,25.357674567688477,2.2729537965124536,0.8379192234613139,3.0857963964094863,4.868212884351137,5.368688473071576,normal,227.2750621497183,255.0,66.22688038399036,26.480461532559282,-1.255907164411019,0.7742708624637744,415.5518104455198,3246.940864341732,16738.022326047056,0.27032512990762125,0.27062797640136876,18659.276856332388,0.1672839302763134,17495.551657576358,1.0,25185.959085599865,0.7655728057707539,209.2560505719446,4092.398615291993,18146.701023479833,0.2996896651270208,0.2796879942057166,17099.872636965683,0.18400957643809732,16192.397988279361,1.0,21766.75099337748,0.7706323354130047,362.79923344268684,3461.069444895573,17031.553545327573,0.2777406899538106,0.27341487921398133,18164.43092863871,0.17129719802600107,17020.310320677923,1.0,24297.615032318838,0.7660496891736741,206.07242289145665,4039.3433718496954,18041.985290995664,0.2974613885681293,0.27977121709985675,17193.088496648772,0.1848537699106061,16268.71737934287,1.0,21981.998604919176,7.237360438946176,35.68979305921355,577.7483443708611,42.927153498159726
ACK1,4.906198198030447,0.2912021988681819,0.22508798700689792,20.7324133579822,1.5563038747514388,1.2126177002417171,4.046368528356992,7.485997348781309,6.792109216177043,normal,236.09419628844947,255.0,56.38893917789937,42.862138047308136,-1.0058251132498865,0.7698298873420155,1253.554587670136,3655.2754203362692,17242.169319455563,0.2584166445974576,0.28074342004292224,17438.990904723778,0.18020824915419958,16417.865733134568,1.0,23024.45482786229,0.75510529797978,685.4852734503484,4281.501091409264,17773.437520557367,0.2767727092161017,0.28458454275587086,16337.580898842807,0.19196885813824827,15405.241369443063,1.0,21302.055138594027,0.7548010981617648,1244.0896138482024,3415.1243009320906,15908.0862183755,0.24860963983050846,0.2740112759050248,17707.864913448735,0.16842348873819388,16528.393949108886,1.0,27468.73721704394,0.7556453701213319,689.7325418369478,4286.877994212929,17840.909972257854,0.2774347854872881,0.28285642920085163,16348.40485636727,0.18951298073613726,15445.445490279986,1.0,21227.700146168303,6.183007689893283,25.702493140145346,234.75276913052923,31.88550083003863
ACL1,21.23056523820605,2.008399000073395,0.9442354836578385,38.746420881284074,4.238338999527707,2.076820734448661,1.2915290309339635,2.1346534042506717,2.4018190661081396,abnormal,214.40134711913853,255.0,75.82521480415228,15.245623832794362,-1.6062725170930172,0.7846980795263366,230.38313586705647,5168.33356780164,52163.932868793,0.6213532561188811,0.18049932510446773,29659.128316444287,0.11542398434642098,25271.160074794923,1.0,76488.24655441496,0.7899718179699287,108.34018802613522,5859.733773016816,56845.530958769436,0.666835118006993,0.18286534480112476,29267.559848841734,0.1229378891622549,25526.92964790727,1.0,59597.11968744239,0.7755114317742485,327.4133505218758,4895.97933982427,49442.640578530154,0.6039048841783217,0.17837971509582748,29902.450520744987,0.11250668778231958,25125.78029170994,1.0,82743.23695310469,0.7937292590298431,113.4420229341915,5884.231521274212,57757.05896490621,0.6705774694055944,0.18277327357725848,29314.437521640833,0.12341013019714575,25668.81724485898,1.0,58250.06038047131,8.419019119939366,76.87599920284434,454.7556574047551,85.2950183227837
ACM1,13.099038684086738,1.7651557741247583,-1.1358462948362567,30.44089043584642,4.24420336699484,2.8133017598417704,1.916665372183787,2.4933955123119134,-2.58011665867608,abnormal,218.4143722599605,255.0,73.99073725909423,17.963459260832394,-1.4833868033478512,0.798481854606587,293.6849806161157,3462.80416024011,28584.296552586602,0.4611495578623606,0.21031798574188257,20500.784630455626,0.13419472863756005,18535.08310445891,1.0,36507.80586935679,0.799490735830165,134.54276214042685,4078.041099597897,30952.1756495515,0.4971933871587851,0.21721639088924674,19644.668612743582,0.14689063777487796,18031.87138613254,1.0,30150.229237550262,0.7906833736668201,286.89243822250506,3478.480114540248,27499.658860960866,0.4531430219146482,0.21359823458105037,20191.835804433133,0.13478712157387526,18086.24307444177,1.0,42031.94985682469,0.7989496646352316,181.0606589147287,4083.138565891473,30818.268178294573,0.49596309111880044,0.21761078323221658,19615.60089147287,0.14705289825254883,17955.02273422646,1.0,30526.9592248062,8.348731753143518,52.08692941536431,570.3604855898434,60.43566116850783
ACN1,8.502432761209382,2.0042982383725683,-0.41574983139786637,25.32795151769972,6.129223628196575,1.8004349918471827,2.7049675553762387,3.4526453985042367,-4.206555463576211,normal,220.96415970650222,255.0,71.67306016887744,19.86917498032647,-1.4246290117919571,0.7892368903754942,303.4938635661527,6804.258685090011,41408.47920352739,0.4994249326750449,0.25504788093501185,15034.904737832449,0.16230445958659795,14122.865068014478,1.0,20178.15460443171,0.7908738056413264,174.35921196075378,8054.674998702175,45125.83265846442,0.540366921005386,0.25994026553723887,14188.12168405752,0.17623227906678915,13497.378652776171,1.0,17742.85604526813,0.7935338593505146,298.2831548198637,6886.117373765475,42305.76745027125,0.5041657315978456,0.2553410769927077,14979.955348449019,0.16354466249045002,14141.003925469047,1.0,19947.638948393378,0.7906668426686421,159.40389632302362,8057.232429555986,45095.66990278661,0.5403318559245961,0.26043892561347565,14207.104663387283,0.17738839865595,13515.074780601493,1.0,17619.957428582555,8.03502068534853,37.65560249546005,510.4811729882288,45.69062318080858
ACO1,15.944446057036876,3.121108790111873,1.0221132720352641,33.25041961663113,6.57919722853792,2.3183600787043743,1.6290071529033576,1.9589991741171133,2.351878850558895,abnormal,216.05684603659896,255.0,75.51131542212791,16.36788654541313,-1.5471782108031893,0.8220529691161219,335.32345700095345,3854.1421537235483,44538.180748267376,0.5309251088007737,0.17826200076366785,24062.000270389504,0.11645972104396694,21817.25792067315,1.0,37865.26392861717,0.8295045727552549,158.3280631353665,4399.513402889245,48428.18991439272,0.5648573500967118,0.18349261063091757,23402.62277956126,0.12686594705174975,21643.992397499063,1.0,32809.69538523274,0.8265598584429316,364.4203646077554,3849.5506344402293,45128.67915654262,0.5317411146034816,0.17806671199512905,24062.083137957005,0.1172864112870833,21821.065679184623,1.0,37593.07334782671,0.8248521978093865,172.03293642785064,4399.785092499159,47538.67566767575,0.561570660058027,0.18421915530191801,23333.354994954592,0.12711227242383458,21407.998926246637,1.0,33399.94630339724,7.219161415111999,60.727703394322056,553.9591418507846,67.94686480943406
ACP1,20.237800381806803,5.3492176695436155,-0.39044645901750247,34.62585279244399,8.251179753921535,1.6099004758447968,1.1655830954639537,1.3603951387293662,-1.4352340681954698,abnormal,184.51703648915188,247.0,91.84018187195345,6.165112344447488,-2.041033529244222,0.8697513964223613,39.0090777951012,4028.018432441096,49209.0319981349,0.7446723090277778,0.17942381358621823,17090.822072301795,0.12827353113373166,16355.084885289903,1.0,20344.99232103047,0.8809921597136382,25.093982024228215,4356.400882040975,52988.206498074025,0.7774739583333333,0.18417319368481588,16704.63872606487,0.13663632419767352,16229.704681277324,1.0,18736.820660972477,0.8823225341382244,51.82320188278514,4086.0250846679296,51630.65667872108,0.7561197916666667,0.17965913482004095,17063.490456919808,0.12980266012139705,16496.768572783403,1.0,19521.347741231846,0.8791834158237289,29.609822379111336,4343.749369641957,52542.84879811733,0.774609375,0.1846996743748557,16701.85613828655,0.1371379260467656,16178.433099845053,1.0,18939.793270577688,7.176947731755424,70.11961821470452,674.6829621582473,77.29656594645994
ACQ1,19.496364697563465,4.3356598609425125,1.9310449456813246,35.40520993454957,7.85029290061698,4.070059039042661,1.2898675283211363,1.5271638016307594,2.246703382212643,abnormal,207.24629294755877,255.0,80.4595018963287,11.783754112025408,-1.7805370127932716,0.8341649993532496,204.9211500630517,4946.41659520807,64769.51373518285,0.7001935465641953,0.17356927128057226,23325.03446153846,0.11576091283420711,21020.38771832335,1.0,36561.99333165195,0.8391484686951178,103.3275966912155,5427.266594596682,68704.87660588979,0.7318249886980108,0.17654036058825118,22939.039622404758,0.12239348560800814,21019.246719480856,1.0,32860.107593409455,0.8300419693034358,269.36175086803775,4812.431327429992,62895.24557763031,0.6876271473779385,0.17361367797978705,23427.80216958067,0.11519744659056262,20944.20115187473,1.0,38438.159770303864,0.8399079160321402,98.68910466145734,5446.109723238,69066.52182532045,0.7340359403254972,0.17652415892496348,22951.98788444513,0.1221598241725483,21091.376005949387,1.0,32570.026704261134,7.915362927531159,69.78297103339071,449.53091537132985,77.69833396092187
ACR1,23.804057423911257,3.385714520655356,0.8273333437181514,39.54002079267881,6.038932803883832,2.5591325196491743,1.074479372393443,1.589588618304719,1.5850123976235952,normal,206.81258102876353,255.0,80.68201656156073,11.722710209477366,-1.7917531449329576,0.8102197399649066,214.91720863608535,4498.580463687086,53089.368985872214,0.5850386570069204,0.16584835232910053,29256.584010073122,0.10749575946563135,25613.96173775348,1.0,52925.90652327099,0.8142520849304374,68.47747263004162,4973.631732680335,56550.76441521078,0.6154506379757786,0.16901597893507342,28769.561531619576,0.11463162710794882,25676.191225184568,1.0,46307.87795798697,0.8044548650431623,165.22612957973817,4223.703348089773,50910.24670947221,0.5694271734429066,0.16126127996658546,29684.893955398366,0.10251175317431477,25824.81462714608,1.0,55923.093060517225,0.8158619374418286,73.86391860961747,4971.548465169253,56946.22742654387,0.6171131596020761,0.1680660412324918,28827.797016854118,0.1137108313568436,25787.29130754963,1.0,45615.29830363694,8.518874672532032,82.70136110405608,477.12053370966703,91.22023577658811
ACS1,30.00872257590945,8.45757473621822,-4.408533359632227,41.17873873938446,12.248749452953906,6.6592594655965405,0.6590895643467732,0.9670469231555185,-1.0559209545014347,abnormal,206.52427827013045,255.0,79.08495839087988,11.698210096039082,-1.8388726269644138,0.7944233772282558,183.4243367212916,1655.0837357796681,29094.9639515852,0.44852994489559167,0.12217088451363667,32438.842005294107,0.07818347056455156,26743.80123519592,1.0,97060.05651760998,0.8149621934109095,110.04650514659433,1854.206867080376,33428.89312920367,0.48780089907192575,0.12310881511562807,32413.12193898406,0.0840883561010198,27674.219520988343,1.0,69986.36481364498,0.7958566664299446,225.53349214105384,1637.6667888264517,28982.490593696555,0.44514936194895594,0.12292807118160261,32458.4196595814,0.0787857656600297,26717.594357552356,1.0,99530.17226565682,0.8182084945515168,150.49143797618166,1867.086988682595,33876.22538649308,0.49010295823665895,0.12285426355300276,32398.609198165545,0.08329145478641063,27824.438949627387,1.0,69877.06962423256,8.368095546004335,95.65763829860481,486.5257359691535,104.02573384460915
ACT1,24.334148099610374,1.6842551572458977,-0.7793500356925673,40.28370968823779,3.60584244294384,3.633381443064906,1.068086123635143,2.1061962333622017,-1.8193935699825807,abnormal,204.2568755264218,255.0,82.66489503156207,10.762834606252158,-1.8415238217215701,0.8328504868375849,275.6799019836329,7089.541873364452,97824.49284520472,0.8915451652735562,0.16234410196879506,31118.323760312695,0.10471610339783334,28369.276316144795,1.0,57652.148635961086,0.8457647502742862,146.3560504343373,8164.342829843439,108102.80006120066,0.9506138392857143,0.17102181723668428,30341.652617577078,0.11739521031700723,28310.04174967222,1.0,47260.00126148293,0.8471287819350325,260.42670973994507,7516.477615894039,104772.33773542239,0.9188295497720365,0.16533465665817268,30751.344952350184,0.10995341619155824,28451.489916303442,1.0,57650.5778064933,0.8480160174452457,148.30000062276972,8164.391155424635,109065.85924781875,0.9532496675531915,0.17046247763947775,30366.792405946206,0.11730107813691602,28410.838403457594,1.0,47871.38162704813,7.058030646249784,84.05684480019256,497.04221315992504,91.11487544644235
ACU1,25.18398208360882,1.5267005434780527,0.004304988164189083,41.95981810566727,3.5020241812954356,2.6783597002671318,1.0776655561570267,2.499286389747454,0.5242651296565972,abnormal,214.17144633972993,255.0,75.89483512619323,15.311311193039042,-1.6138866469259556,0.7957705933364273,289.66277470599795,3587.273625417497,42125.27472003143,0.5798990885416667,0.1610431486035969,33693.328973588934,0.10088263494042135,29142.643261468053,1.0,427442.83704285836,0.8075215258216104,109.94631646380525,4316.798206278027,47711.55077514414,0.6351725260416666,0.16891003773329474,32752.797168481742,0.11384393602444154,29063.545802314173,1.0,240839.2048942985,0.8099832068293153,248.73112772990842,3817.207093697502,45347.45290738633,0.60068359375,0.1636837627986245,33379.97421828429,0.10592641238077344,29329.84884765113,1.0,316536.58857638325,0.8084147171761821,121.89793195463642,4282.404757017499,47762.34458870016,0.6343424479166667,0.1678988898012002,32797.99802432391,0.1132640604372213,29061.3850682301,1.0,224218.97839585366,8.065391791044776,87.93325035925793,511.1170348970815,95.9986421503027
ACV1,5.418229961653038,0.6597331511114622,0.1820459293423349,20.974863745850104,2.357782236627688,0.9497795871746185,3.7021123528398228,4.543112293722411,5.722474838442334,normal,223.20839450153477,255.0,70.03904041057606,21.92453263501457,-1.3617379098328404,0.7637654771432436,299.05190536391547,7805.500451508037,30020.868593100957,0.42576587106299213,0.315146873697095,10897.19338992234,0.1965181881192409,10572.73787657536,1.0,12306.877984468123,0.7627689613526831,170.6045007456559,8991.90809162352,32315.310427453544,0.4588997908464567,0.3194225908323961,10239.75118550914,0.2110458213081142,10027.809293222039,1.0,11129.909851036378,0.7624708293597721,371.79275804712205,7700.078104151054,29555.085068270302,0.42068313238188976,0.3164311127580926,10963.886910745947,0.19759442711112823,10588.3150547896,1.0,12592.784002632108,0.7615528080990883,157.11222397741403,8959.720465163176,32112.958525190737,0.4575695127952756,0.3189746863911133,10234.110291399187,0.21058650414952074,9996.805058891718,1.0,11239.02325815884,7.106427904139101,26.998515230658384,534.1459544238397,34.10494313479749
ACW1,24.558457745762603,1.9972611895348342,0.8093426657336033,40.917319029323366,3.7119373300524123,1.8951353869079834,1.0828481278452617,1.7737156338409348,2.6858497062961124,abnormal,198.93319663868851,255.0,85.75246660363592,9.107798243964092,-1.9614643956702549,0.8071631760160147,70.65425496431034,6083.089702252562,54753.756843299016,0.661649599811676,0.20381980709605674,27050.863334148675,0.13193899481947666,24354.524760662327,1.0,116691.704153788,0.8156107170263328,41.59975580230422,6895.894347971281,59755.03377024545,0.7049199623352166,0.2098994898150666,26404.259715728836,0.1440803265107619,24223.053691916106,1.0,69345.44929245283,0.8093600596486176,67.3040246233166,6023.236410507134,55142.62673896617,0.662046845574388,0.20162490016749185,27178.62763900618,0.13051436856504234,24517.149296471314,1.0,96508.06301391173,0.813161263114233,38.02821539458691,6906.426513480456,59267.681601973716,0.703691443032015,0.20988399802945068,26375.2925661478,0.1434521218112141,24169.982290549815,1.0,87427.36170902287,8.370127794741682,85.45456791490784,592.4415138470724,93.82469570964952
ACX1,20.039942038772985,4.805357681960601,-0.6743136072615361,36.036756497811375,8.745745345483561,2.124612630481529,1.2747314238668543,1.6352891209321878,-2.3181106136133485,abnormal,199.90693853224303,255.0,85.59639066468469,9.431492377050827,-1.9309130106984955,0.8583727707572516,144.2171349009901,8474.790383663367,112523.55167079208,1.0165056360708535,0.17412691423741158,22654.464350247526,0.12025707270544451,21237.397194506902,1.0,29628.79535891089,0.8619669826490933,75.58187862196466,9407.909162015145,118821.88918121377,1.061556461352657,0.1805826175612411,22051.145714082555,0.13007565107172236,20905.10808268382,1.0,27379.516810656427,0.8596536831750365,149.00457312362883,8574.904236319253,113062.46085344374,1.0178580414653784,0.17532624321965296,22528.156654203874,0.12173898017113377,21091.5533104584,1.0,29998.348805734946,0.8617718115086843,78.62005314690303,9364.90230243798,118376.56240005231,1.0581031099033817,0.18027373661446763,22029.725788137657,0.13026604155400062,20820.24527773916,1.0,27690.708411359406,7.495487589161465,71.52599119056528,613.5825192233225,79.02147877972675
ACY1,15.839131393650812,1.6080676705287684,0.5609426153013096,34.57766524472206,3.9958974542107177,2.66045360567138,1.7479019662151438,2.8560716235264065,2.8004157238415917,normal,213.91674903290672,255.0,76.96409625759802,14.945316920103235,-1.6013928428232849,0.8178830828478,274.76622790619723,5284.955212912708,48662.7873322418,0.521507906626506,0.2078309298846985,25158.25026106463,0.1358628160723497,23271.62328210479,1.0,36464.423182538965,0.8135090571122712,128.3271648814922,5982.26439373514,50689.66820265203,0.5486096170395869,0.21211742056843566,24349.697725434446,0.14315855502319996,22761.434471913406,1.0,32917.08788205593,0.8116321628178647,222.37523412562322,4998.610177539768,46771.03864721555,0.5097219234079173,0.20284708148294953,25578.676576885537,0.12865979705865924,23545.463440558644,1.0,37805.82822433851,0.8135961461534288,111.95677751550213,6048.979134816482,50794.25592260558,0.5497189651462995,0.21324898101893186,24201.598522559103,0.14503902458745443,22555.292741073004,1.0,33181.91080317503,7.276844293723692,61.746123712067615,255.35657763253835,69.02296800579131
ACZ1,17.19662694200295,1.9706234031601486,0.10322897028870552,35.57839448220602,4.301327122873315,0.9370400549591008,1.6093051431299745,2.193740264981365,0.6847907898007073,abnormal,205.58732581401765,255.0,82.72345673370508,11.267710879405985,-1.791970843712924,0.8073997122478666,113.15754694349334,7512.124790090071,55914.521710684145,0.6996612548828125,0.22704752918954488,22553.79494253375,0.14983172079829968,20723.771068780447,1.0,33055.711741870764,0.8096049011568692,55.774224496322354,8461.746918101448,59538.100529209696,0.7395706176757812,0.23336323532875783,21868.220380246963,0.1605013191660526,20394.18419530709,1.0,29474.561962924374,0.8082037549613632,173.34463289296664,7309.166957058733,55384.23786418473,0.6918487548828125,0.22445931903984861,22750.510884188705,0.14615152076450974,20849.83518291353,1.0,33452.19508833065,0.8076845976692545,59.31461105292086,8387.901510987587,58903.21628796914,0.7356796264648438,0.23267437513711983,21890.999595548965,0.15931446419438083,20344.53517559181,1.0,29817.862600723864,8.051928118101545,65.55137963972274,562.3336090432865,73.60330775782428
ADA1,22.326264043088745,2.5427904303030235,-1.666995247891333,37.54472307489044,5.094488051623103,3.426704299758912,1.1035415133845161,2.070170771415277,-2.1295041609067162,abnormal,207.37745945209213,255.0,80.75144984500835,12.030208581386601,-1.7692267063679845,0.8106302050170783,161.1532985835367,7851.847437804121,85165.36729861241,0.8175872693574473,0.18322457153717406,23684.956314885138,0.11914847372013247,20870.593734804777,1.0,174739.03750523413,0.8188279200894297,92.92489953621745,8873.832587287377,93443.51764595015,0.8768902950099753,0.1874097592009628,23292.276357859733,0.128854647758703,20835.980149625157,1.0,109588.20166127046,0.8101883818633969,198.14436195097855,7804.488209568919,84482.58940532058,0.8125110673009952,0.1840832856891488,23709.459921251833,0.11999729299635682,20748.999725103913,1.0,196975.61546340826,0.8179307467668102,86.74969545641157,8854.710370634595,93185.64168848388,0.877020151341652,0.1870297489532591,23332.22848508914,0.12787382003287498,20883.00362438,1.0,132988.9247020184,8.579021398391713,77.40268559172083,484.6218259082517,85.98170699011254
ADB1,21.964840765850422,4.333760961409198,-1.1301080287781389,38.14846685894508,8.039809484412162,3.653611643550797,1.178693911561064,1.6039037111979906,-1.811002165406496,abnormal,211.789152113863,255.0,77.75051713548656,13.768403890091278,-1.6672885073229264,0.8399342131450215,273.2968901281902,3943.267243716355,68524.62296193022,0.5855633164005806,0.14021266587026365,31054.3901669184,0.09381270027190848,27879.29962552953,1.0,50628.204310444984,0.84341700969187,138.07911237068527,4367.174302834968,72418.58102488585,0.6121473603047896,0.14404102463777518,30527.42803293416,0.10045976543969284,27810.297048364548,1.0,45177.537087975696,0.8318595741707697,392.7355032170943,3774.293013742156,65388.9411986655,0.5709814949201741,0.1389721066427669,31210.33206569227,0.09117816911306642,27666.61233119872,1.0,54333.86315434109,0.8469703615474924,148.60970023825794,4343.998042221525,73338.94773100862,0.6139218976777939,0.14279662661883671,30595.23396376263,0.09952931956073363,27990.61835244065,1.0,44686.71076593465,7.887912756750249,77.8837048182938,458.51671677960775,85.77161757504405
ADC1,32.07832878220548,0.3314802151124521,8.43225737800098,43.594088983914524,3.2126217717711727,12.393705159922055,0.6407198745883581,-0.3460117278340417,1.0265809973822506,abnormal,191.02440382599582,252.0,88.74831516831551,7.0800276556951225,-2.061186042519038,0.8824933803841989,106.15613774998974,5931.718411785043,126379.58913493148,1.0481586576257862,0.12653179510806678,32985.556941701776,0.091090912626561,30784.868150422913,1.0,44067.43305577855,0.8873706350066222,50.13462128878933,6313.549833414825,132152.78420113027,1.0802746658805031,0.1299306266635216,32546.53101440706,0.09641723146899463,30720.42974339615,1.0,41247.53517050817,0.8773784161636057,159.9439177809913,5758.954677188034,122736.87056576152,1.0320791568396226,0.1246610821560781,33193.10933771327,0.0880826191898235,30805.330595341333,1.0,45802.83197948095,0.8870753352258453,55.84298071283362,6286.275857159941,131810.7778929326,1.0785733588836477,0.129513916229754,32563.948658667836,0.09593260428757443,30709.836999420786,1.0,41372.778052377726,7.298054245283019,100.01709781011117,542.7248127111127,107.31515205539418
ADD1,18.62789640743454,1.1258637362385961,0.16803008951634318,37.295217299911215,2.5190862810110595,1.7892775919117805,1.5304020585476839,2.8359052864138445,1.7006557335987866,abnormal,201.7662025154004,255.0,85.73699080481805,10.099062455536176,-1.8626894990677028,0.8393536593139522,209.3853350047711,8034.391696446947,70876.21604580239,0.8155364990234375,0.21761784740368242,22370.02804647595,0.15271841185403817,20930.565761731552,1.0,56563.1677081969,0.8404333975312209,81.23528619528619,8661.835573512906,74201.17050505051,0.8497238159179688,0.22058698984537015,21996.003483726152,0.1589087011975138,20734.206972639597,1.0,42955.63068013468,0.8447173931602551,138.08560051856654,8092.457523844801,72641.96581164922,0.8238983154296875,0.21656081139447822,22426.758070191685,0.15216409548883567,21114.869349765442,1.0,51267.92790999167,0.8431222565139463,79.3486602357985,8788.015148267239,75121.49580207217,0.85418701171875,0.22312708040248153,21960.260628795997,0.16303212210629653,20738.092881738845,1.0,42831.6989371204,6.531274063141684,69.80972169430751,437.6079155987363,76.34099575744919
ADE1,22.54104600337399,1.1790732608427075,3.3256140071233857,39.54278236731958,3.061563182039624,6.789985305124548,1.2025982033081168,1.8286317505545007,1.889313763406208,abnormal,205.33979114357453,255.0,82.26425407063549,11.099117678437416,-1.8110007591068107,0.8142331187386073,154.42093377656005,7498.014599635207,78535.30663181916,0.7339982844955489,0.1920536282686431,27899.801866605605,0.1244278960758256,25012.197140560977,1.0,47926.894067763154,0.8198595702596895,107.95731396915706,8403.87625393023,84162.70715675999,0.7741793397626113,0.1967269228887923,27266.228851624495,0.1339836267716197,24791.657104832946,1.0,41355.66835604132,0.8073558214746673,217.96880782875013,7350.050174142822,75335.7311251,0.7172025686201781,0.19223401508912152,27747.693516715288,0.12411161024104535,24508.887430551888,1.0,53623.39712644143,0.8161414332408509,100.31792173329615,8427.244072703148,82734.67567037822,0.7687836146142433,0.19847108705797087,27132.346025978335,0.1352948588740885,24520.936849384998,1.0,43458.369509004966,7.967698267772452,79.70532565636661,487.05088779399466,87.67302392413906
ADF1,21.52034779225009,3.0760875417701277,-0.25437979682503575,38.51140666556143,6.132605816139606,1.642112931843025,1.247303128157906,1.82267155394888,-2.4252052836685065,abnormal,216.55416239344515,255.0,74.44690191086937,16.55909710717484,-1.5492587315151267,0.847621361790766,584.0282333888164,3786.0929146610283,75195.47205002475,0.6499403536676647,0.12428275404625236,34750.25342570516,0.08330612073529396,31050.949714489278,1.0,59133.133267353456,0.8503757414350563,360.2383586668045,4184.110019646366,79211.4102471306,0.6786349176646707,0.12813925530923817,34106.05947333954,0.08934361281891069,30857.83922109495,1.0,52977.113337124734,0.8368343816699003,671.615314577911,3718.5883862304913,71533.38703981313,0.6358357503742516,0.1239518302858073,34610.216309676,0.08151646979965547,30535.21912114583,1.0,65461.79865358263,0.8528031709423558,304.88433309325376,4188.36005075968,80117.85394587921,0.6820031811377245,0.12799715375450285,34175.95073224269,0.08910280919070011,31075.69290788237,1.0,52037.680994272385,5.659906705925167,77.27967131488334,448.51336383337355,82.93957802080851
ADH1,24.738009007891314,0.5609987403595721,0.7985004514663282,42.12061532834155,1.831148464903967,2.3042481716098417,1.1295239949847953,3.119641284960932,3.3970151738718566,abnormal,208.34169546504972,255.0,80.24587902798142,12.294285480502811,-1.7443252575754342,0.7777677121965394,97.83310647199576,4982.1310016763855,39324.13687619102,0.5837878078158458,0.20016936867865537,29529.17987477254,0.12697380833280572,25547.109588572006,1.0,214879.6591778545,0.7873529308283388,54.18701428271372,5938.003098088637,44108.04497479521,0.637178800856531,0.20959744381142476,28736.467470069314,0.14221255202050562,25374.32035220262,1.0,130685.58389781558,0.7878496302991522,90.50500421703683,5181.644560022491,41202.31771155468,0.5950548715203426,0.2033240435986061,29243.22386842845,0.1310842704741149,25457.039970069953,1.0,178524.2961624965,0.7847283564011825,52.846002716280545,5930.099882646132,43586.33997020003,0.6343599437901499,0.20967427594870341,28725.248895686917,0.14133047202355972,25297.12132799134,1.0,138950.32565039097,9.098320859923252,87.00498710842396,606.6429356185454,96.10330796834721
ADI1,8.030158402673427,0.7006395877447977,0.13097224710976224,25.909615515162564,2.658581154023097,0.6678136457661277,2.960406485350359,4.807295697007118,4.965536658799718,normal,225.78180754917597,255.0,68.03211780772924,24.703352094182694,-1.2884293503871127,0.7796644946514832,496.7752130762101,4770.606131169036,25048.93204168833,0.34906092171717173,0.2693702076135154,18502.05984219926,0.16869694900931376,17389.60281454545,1.0,23962.869735265525,0.7716622464913442,269.070176909533,5679.510228892429,26479.87394147732,0.3764835858585859,0.27795488273069224,17357.94451664291,0.1839008981930794,16449.683126895354,1.0,21674.4829588329,0.7707674399064666,535.9425772213907,4797.653014015512,24389.680999682496,0.34796401515151515,0.26897285587204917,18364.27001406087,0.16757324078502747,17156.35061327783,1.0,24703.500136072937,0.7720728333736651,285.9838584575394,5687.793283441293,26502.667316520972,0.3764441287878788,0.27808601656957466,17370.0501226338,0.1847639686061141,16471.77727996821,1.0,21666.412280150096,6.724635832004253,37.13984571593448,563.1810737033666,43.86448154793873
ADJ1,28.75554666331154,2.896555245826582,-0.06176494310457754,42.63391319268646,4.65375960076597,1.7453355167379043,0.8209176456840637,1.4197904255125393,-0.3642240984595496,abnormal,199.35217640320732,255.0,85.15882077515435,9.072720277011214,-1.9603779064902798,0.841369947230401,142.36971743309329,4462.592035935897,66849.99803786815,0.808642074742268,0.14982476529989955,33359.726367267256,0.10027411519899013,30145.308686285418,1.0,53065.94451250486,0.8439879567897383,74.98249618752578,4848.137930042297,69993.80178011375,0.8397471005154639,0.1539838067116614,32885.89832442957,0.10676823764200204,30105.926669092805,1.0,48003.38780775539,0.8269839407875741,131.84603274885296,4201.365125889408,61909.76175779106,0.7776498067010309,0.14622212575418939,33525.407796754116,0.09554935563390896,29677.184215086607,1.0,59543.335794848426,0.8432822737995758,91.40680196317604,4823.342845068529,69763.54404179913,0.8385711984536083,0.153645557624533,32907.78070824169,0.10617675745515753,30109.121157707446,1.0,48185.9252667672,8.440259053661116,95.09066164670972,240.25361914171572,103.53092070037084
ADK1,12.660542598365192,4.397983557371328,1.7516597047160654,28.912084299316632,9.861943435796412,4.340666442971974,1.8770059752792816,1.98928713593034,2.5615519626537377,normal,222.199661765721,255.0,69.63023039235534,20.759968325906435,-1.4131938692197745,0.8149711445173616,407.6656035484212,2608.337036645897,29427.53395289893,0.4212788297266515,0.1834834067924923,19496.693209420213,0.12035446777111636,17280.76616596636,1.0,32358.994825219135,0.8168455995354478,255.9071936949616,2933.4468615545456,31127.136153444048,0.4425718963553531,0.18629869757526352,18963.140174514454,0.1271735705542974,17032.829564623866,1.0,29384.764566327558,0.8062348163036991,459.8958188757807,2537.9260496183206,27986.221027064537,0.4103075170842825,0.18469633168107094,19431.362703851493,0.1194219803739551,16935.867825663267,1.0,35539.64074427481,0.818282581638221,236.92245273214215,2941.260622776512,31435.13894551705,0.44520572323462415,0.1865201198882743,19049.235659751368,0.12738804082189073,17210.53921806294,1.0,28500.896470400126,7.640706610524378,49.709525953472394,406.44535500772486,57.35023256399677
ADL1,11.447866705190389,0.8647516884576072,0.33692446789266217,30.224203356508553,2.151125238919169,1.1616479857458186,2.303404948169473,3.0952320831016222,4.583990324172514,normal,213.13348590424877,255.0,79.30940906188114,14.83573221904414,-1.5836650880761787,0.8397950725328077,331.7314998921975,7342.4589032891745,55477.40330115229,0.6381941046966731,0.23845546658805206,18371.81450782167,0.16986823858062763,17616.91895476864,1.0,23650.803104712166,0.834812144030393,148.60588939652868,7804.951708343506,56529.017112498404,0.6575571795499021,0.24216035894924642,17987.704646647835,0.1760759169309298,17342.731251535104,1.0,22217.535939734244,0.8395943059613846,232.30206581791978,7298.434830650973,55294.874345423974,0.6364664872798435,0.23877069659479397,18472.74138842181,0.1689664926602593,17761.21297041486,1.0,24120.33077107855,0.8328799183624683,127.40160289076253,7940.782104141574,56450.95684703048,0.6600415851272016,0.2446192253636085,17906.752779579358,0.17867018506198792,17255.951185957587,1.0,22093.518020939497,5.67652645972701,48.199852920029436,280.5073848827107,53.87637937975644
ADM1,14.04666305287933,2.08555076905789,-1.4163393843809777,33.080028752839574,5.657619950738441,3.846962508755293,1.952459711393187,2.983393137395266,-3.0134732831058297,abnormal,222.70588752011582,255.0,69.88149605404527,21.462940536610446,-1.3863804141331666,0.8046958784187563,561.7836925188744,4181.507096774194,44114.89062457104,0.5289411013011153,0.18757862282570006,27621.896705559368,0.1178814834007744,24777.428959563655,1.0,50068.67441317776,0.810115850000134,198.9349285460001,5021.604587295937,48445.607282713725,0.5710676115241635,0.19527380742222428,26422.347251182422,0.13184753668245996,24072.961962725934,1.0,41891.76375680212,0.8077826375470166,433.5813336977316,4363.506203880842,44691.598797485654,0.5313371282527881,0.19219615108476015,27078.57231484012,0.12327306775175259,24200.653343650774,1.0,53811.166643891775,0.809726392626797,211.06864342071773,5025.816747263935,48345.73290913719,0.5705448420074349,0.19568712024072069,26372.73072028506,0.13217659508545163,23999.736236231685,1.0,41931.51352761517,8.055941279400708,56.886253020188505,496.23998976589485,64.94219429958922
ADN1,26.49758312778731,5.086942609829377,-3.341529399888452,41.11727956628963,8.619300539627265,5.803053148381107,0.9262593164056542,1.5116015115105998,-1.5686437331337841,abnormal,197.88658800393313,255.0,84.39306825550044,8.847907601930036,-2.030264327746293,0.8078223937899585,78.86722752132066,7523.636863446803,84483.55712203639,0.9582273230088496,0.18172920833746337,27598.346296483356,0.11691747986335096,24142.848407043333,1.0,60655.032150536084,0.8191982660800411,49.075610117244814,8574.558413762468,93429.0990052363,1.0272262168141593,0.18547978194982945,27074.168854069918,0.12583532344737164,24254.992923330436,1.0,47477.95968447549,0.8111575422237288,87.71875472812813,7510.060022911158,85367.55519931988,0.9596031526548673,0.18139354521448672,27636.869730613773,0.1168566263954126,24270.71357808683,1.0,59584.08877713495,0.821004893569976,44.615437319057186,8552.292336420976,94088.12248695196,1.0292657632743363,0.1851834474695054,27151.213289179366,0.12561065495520432,24434.99098613206,1.0,46739.505000906815,8.056624057686005,89.64934479808603,475.90122441349655,97.70596885577204
ADO1,17.36164982749381,1.8520317896497207,0.18484767934877958,35.90539696990406,4.568479637405286,1.2347335360701504,1.6067107955895992,2.6616775737723515,2.345795978075966,abnormal,214.99097020078847,255.0,76.28310004845922,15.5063860186368,-1.5734427326811153,0.8300566096906067,300.6943567081023,4161.495302905014,47797.71168105844,0.5617157041910331,0.18502513018349626,28271.331819599018,0.12084521864487392,26102.364360602765,1.0,42096.48874188345,0.8254106917825749,164.4474695583535,4761.343560346278,49537.85378951591,0.5884426778752436,0.19108230550483746,27297.206382070162,0.12971281030980344,25324.864196351515,1.0,38341.71534310744,0.8172946051990461,318.561177887983,3909.998739177944,44687.4100193326,0.5435398391812866,0.1811904912297658,28590.775853856714,0.11450805262548502,26014.843638856466,1.0,45427.29940321089,0.8252042952126023,154.40798249135577,4759.16705733045,49472.561014776154,0.5879858065302144,0.19159809117605048,27284.471619679094,0.13059980529009968,25320.020779845418,1.0,38610.42271979694,7.735242440930428,66.17172666588797,233.5343558778338,73.9069691068184
ADP1,12.430885630893894,2.5185233359012718,-0.8933016838459081,29.20817983233398,6.334961614337909,2.266003572621636,1.9436291683450868,2.4867280418608373,-2.457829179661153,normal,231.12050864331613,255.0,60.99705302815389,31.809690249805463,-1.174457953517624,0.7830523322875758,1103.1170022371364,2933.25832534356,35730.44304889741,0.39899263604195223,0.16199175992018225,23208.391434963247,0.10216120115259926,19390.726160992617,1.0,149228.46305528923,0.7958443187721372,658.8173107633344,3442.4480706135128,40790.15867715804,0.4391724313813,0.16180192777635144,23027.286606079964,0.10808636033312219,19967.643363971496,1.0,110614.07999187015,0.7839914404048207,901.3095241872788,2968.8485459074395,36089.819495787655,0.40185533488475883,0.1617705109490297,23167.574021482174,0.10241964207788855,19369.63328965515,1.0,270142.3941043012,0.7952027626528503,432.913863012106,3419.6564548242236,40685.951706898806,0.43870700372979693,0.16137294586921322,23030.997253266287,0.10810054644352098,19915.02974303778,1.0,101604.78710633784,5.772745648173289,49.70672833484932,502.5295298566694,55.479473983022615
ADQ1,8.495457329372092,2.3932060686487633,-0.07473938837365454,24.055802100625606,6.590146813056539,0.9569040875202498,2.5463866246148736,2.851898301622444,-1.3295522204195158,abnormal,221.28071589307544,255.0,72.43315814891137,20.439380086298964,-1.3965682969781434,0.8261543828867236,540.4012139264338,5572.440694635681,45622.502571163626,0.5206431413857678,0.222474521744654,13586.079045718941,0.1508683291763703,12742.687122147348,1.0,17688.88449433782,0.8273750437769632,249.43878314798974,6159.929560521813,48225.85484388366,0.5472846441947565,0.22637156746876713,13244.099497433705,0.16019873481576774,12641.57764818936,1.0,16048.091704982891,0.8320666451441283,613.1827896591915,5471.530436858438,46366.58313791022,0.5209284293071161,0.21998895405690344,13768.873716877537,0.1495525009510655,13037.153666908782,1.0,17182.183941134343,0.8253357712284474,271.7218450452388,6112.122165010823,47676.41309170106,0.5441172167602997,0.22574202178476732,13254.535928908486,0.1590900544479324,12604.540303277925,1.0,16283.201282551121,6.586142322097379,36.33740632400384,599.0411168600558,42.92354864610122
ADR1,21.10269661831482,1.12504612620274,-0.10434322736590146,39.6312814011945,2.6741117034098854,1.3095053315141443,1.3568311711519518,2.5882149721076857,-0.7543975953359734,abnormal,215.02769750634874,255.0,76.53029203793274,15.620657393757927,-1.566920813806854,0.8047141713099921,223.48217731122665,3639.778769743942,37043.66149972203,0.4885448619631902,0.17630992861717656,32968.29587298473,0.1138152846541299,29309.365486488667,1.0,147263.48615062624,0.8057735301362741,139.96640707801484,4200.168978388093,39597.11815123727,0.5200584739263804,0.18402921319448387,32039.733821790087,0.12534253604370613,28766.303743457447,1.0,76088.90942045681,0.7933899565258364,270.8473651518458,3545.63105410714,34979.8142092098,0.47583557004089977,0.17626850133939695,32890.02190810348,0.11251181721617708,28615.683975470205,1.0,100034.3745362365,0.8033608367397498,128.44638912489378,4172.183965397389,39107.46333513555,0.5171188011247444,0.1847014933971886,32058.768502355757,0.12618488732454503,28648.729507514854,1.0,81788.79153471846,8.321470332194938,77.63822157235442,526.7522717116043,85.95969190454936
ADS1,29.33820250952951,5.569811409017055,-3.8126772118951475,42.45701353628757,8.907152554556962,6.098378843064487,0.7705095010944115,1.317799549873974,-1.3165374957215374,abnormal,207.59617227493004,255.0,78.91832488519519,12.084310407195847,-1.802008385024506,0.7946196082750494,173.76166185650044,4966.438306821487,78909.14287312348,0.8222809556514914,0.13161060309174621,33447.84172688697,0.08522846147725581,27501.510255073255,1.0,121504.95861765517,0.8118051948417213,115.43224423116193,5610.492492001906,90513.74491865769,0.9008904042386185,0.13365559581913627,33415.92167313321,0.09160063345551435,28354.684334414025,1.0,80497.77264992172,0.798113257709685,263.0122116788857,5057.505449021378,80894.04367289727,0.8356002256671899,0.13255732227514463,33478.82550655717,0.08665725160295329,27513.954676490368,1.0,106226.85618252937,0.8165534586683183,97.59180379896416,5646.669991154207,92429.77165024681,0.9081448685243328,0.13328404420368592,33456.1786377479,0.09144112563835924,28604.860439341384,1.0,78441.18653818883,7.561826496484882,96.26596196871776,466.62670483246336,103.82778846520264
ADT1,8.039042813430141,1.0667867566293059,0.5836265993993516,25.481473711324725,3.658886280738624,2.1635399999826674,2.885298493408996,3.6488600330458283,4.111962826544377,abnormal,234.5406388914655,255.0,57.90071689241065,38.93225153056123,-1.0600573985923933,0.8104271900104071,1270.770335441003,3155.6888007716216,28694.94714392884,0.33874738615241634,0.2018421454569098,23610.268867216804,0.1333314998847944,21325.044774636688,1.0,38590.27885542814,0.8033268884906128,649.6661720163438,3541.035696135629,29758.09722928059,0.35717501161710036,0.20332950508536501,22965.81137560222,0.1385724488901808,20995.162476837384,1.0,33898.60703758665,0.8013374845405302,1632.6665934210816,3062.315124480872,27313.31439934958,0.3304266380111524,0.20034569655974407,23574.76266233053,0.13043814627565825,21003.62016668965,1.0,42620.45278955811,0.8052535793274855,618.2814913934676,3564.0103197291323,29998.717292135516,0.3581189010223048,0.20435615276180985,22913.786326865764,0.14023483557032565,20978.15552145411,1.0,34001.53980901405,5.075537463699349,36.88746959326728,466.50269085110625,41.963007056966624
ADU1,24.64190704402334,4.397456088727458,0.8782532832649912,39.210790273615416,7.005403016490736,2.4479901409283036,0.9849450585232645,1.3225267182337839,2.1870885955583526,normal,193.51396706703005,254.0,87.24795070450563,7.75628448955344,-2.079797832885249,0.8469041320597075,79.49791720665013,5921.258395971415,72978.7234605843,0.8225816276803118,0.17715818415751444,25005.63556670493,0.12008876701208829,23082.68912291751,1.0,34975.73100492465,0.8492999244612213,35.763794746639824,6466.058955562879,76426.85775489663,0.8548900462962963,0.1816411151382338,24437.365241246625,0.12806903590180427,22770.794641350043,1.0,32459.98634553892,0.8493673923380878,90.06574740763392,5895.165614893479,73383.30763670735,0.8217059576023392,0.17615037197199981,25011.121635020805,0.1204120910326932,23065.909284066507,1.0,35039.12080101563,0.8528846044416128,48.31786617001463,6486.118087889672,77487.38605826792,0.8585754751461988,0.18130533039047353,24439.860290009314,0.1286364438807721,22828.706756457006,1.0,31958.66209924172,8.429699019862955,83.66001385531136,465.24149825653336,92.08971287517431
ADV1,24.927570189269407,3.550242767935339,0.5642873271099278,40.066315793403206,6.428831171564186,1.7030351221100613,1.0067793484422176,1.6196903771982312,2.126827209719331,normal,202.4518826761474,255.0,83.722318930458,10.044918276351051,-1.8829429713061512,0.8543354070952188,269.63454887641353,5068.192738912928,85644.66914922708,0.8895232371794872,0.14873002028755647,30632.11151414738,0.10042182350469407,28253.1922684178,1.0,43089.86858783599,0.856962152812947,100.68913241016162,5566.0116419046435,89473.76996559463,0.9211810325091575,0.15382620439865152,30020.45564193571,0.10803416389574876,27960.77555149712,1.0,40197.87018383181,0.8489736963211874,173.4892877917694,4868.217922773786,82922.68555674808,0.8732328869047619,0.1465253661188027,30830.160892042244,0.09761509766134303,28208.38688110418,1.0,44951.32624101854,0.8580238718013755,93.59823444081576,5561.686783905175,89849.08456997463,0.9222684867216118,0.1538976191934872,30063.465747686387,0.10831344534859012,28061.735585850674,1.0,40018.52748795681,7.398513251454428,85.0247804056194,458.4423641534086,92.42329365707383
ADW1,6.207526756414236,0.25319870737152245,0.19460165228952211,23.458509426748567,1.4152019700026635,1.0072402791898774,3.550156149949917,7.426221984571278,6.442131583567659,normal,236.8509813868186,255.0,55.05444968718981,44.99403032758573,-0.9889673977108712,0.7517429874189991,1340.335368970434,3965.3482284576685,19526.63939630357,0.2776275693116635,0.26070609936927785,21296.56277743402,0.15844528489519616,19177.56950231435,1.0,50885.51639719136,0.7435525993807383,584.0211710384124,4861.40126731506,20948.25631201493,0.3041049235181644,0.2672567318387193,19994.624963159447,0.17504926726232886,18160.50081649548,1.0,39711.479271048236,0.7444624509809146,1304.4945536154141,3908.2164322075646,18805.754173736932,0.27289973709369025,0.26139843979307786,21224.18410969402,0.15827839322091086,18955.172132456348,1.0,57046.51283595161,0.7413903249633814,572.258961300957,4864.515880630797,20787.214874406476,0.30358956739961757,0.26807874521898617,19911.306615494377,0.17540411877029827,18063.286720853182,1.0,41466.53273304303,6.6724353221212,30.992907629781566,556.8443218851844,37.665342951902765
ADX1,23.553756292424094,0.8002672354613494,1.0542173440906595,41.129896603707834,2.4093407070999517,3.385925487792316,1.1837691985552161,2.5939807840650024,3.2168083111606505,abnormal,215.88135829843148,255.0,75.1279985190563,16.16133858615018,-1.5620797494683436,0.8331026846658455,451.7429294334274,3287.286531812582,49235.56259852429,0.5957149621212121,0.14340410578292767,36872.18147014797,0.09389355946145753,33139.034768050646,1.0,288222.6134403688,0.8370820046697579,199.39230788529568,3719.159286484859,52633.593968739806,0.6290877525252525,0.14950050593573141,35989.41326927419,0.10293971112574862,32741.245519139673,1.0,182986.12887929953,0.8288778661209667,364.6978298947706,3255.1105242749604,48241.35852866063,0.5901909722222223,0.14355387184611693,36837.61757745123,0.09369467361549001,32840.482360865644,1.0,217079.71934375376,0.8406520452100497,171.02480825442825,3726.5366877357783,53376.97594123966,0.6317392676767677,0.14954300114620026,36052.06409423639,0.10382504786494039,32947.44401986899,1.0,170716.0969595523,6.744768826476143,83.81055622878156,475.61929926544417,90.55532505525771
ADY1,20.266682231537306,1.185749545021161,3.3281011984824675,38.00465922629091,3.5947343622867693,7.538933788858199,1.3592938391836862,2.6773821388521144,2.3737441957260494,abnormal,219.85530626780627,255.0,71.31618389099931,18.630818275241893,-1.4784032942330196,0.8265574699410903,436.0852406820372,2440.6443463810415,45922.35030512924,0.5180049189814815,0.13211599648654482,34329.55114580569,0.08622691026602379,30255.495718366015,1.0,65905.2043737519,0.8294402796358613,244.58716423052968,2777.813241276951,48876.26457375333,0.5458695023148148,0.13560386469824356,33693.08270497343,0.0930342055874142,30225.876890448493,1.0,57108.45019281483,0.8098718697190245,579.4989836217911,2314.968753629922,42193.61723196655,0.49820601851851853,0.13152974453844468,34332.4366651179,0.0833583674457066,29455.245400014996,1.0,76835.80427459635,0.8333812038846116,285.75459232787836,2780.3753642873157,49623.024474832855,0.548560474537037,0.13572395326247697,33776.69513272586,0.09328833937443483,30452.458670865155,1.0,55962.32392230295,7.710434472934473,73.66203594304558,239.5293949055995,81.37247041598005
AEA1,25.538750399927032,7.052549879873717,3.868677509926196,37.61085955240704,10.237319634032566,5.983396454686942,0.8209732624840529,0.986154645630729,1.2121572533127913,normal,196.35166536050156,255.0,85.66563944838785,8.384493052714491,-2.053857358112634,0.85684964674795,93.43555831779574,4893.368328154133,83626.58317795732,0.8127357219827587,0.1388078412897975,24078.837223948623,0.09633634883620906,21826.343930297357,1.0,36592.92970374974,0.8613973860601504,61.05411205335418,5261.131901620251,88035.91825354405,0.8442281788793103,0.14177064765354436,23733.90348700848,0.10153104366716635,21800.90861461429,1.0,33290.711282718126,0.854777032516282,193.9421887829482,4800.628650904034,82218.05938636325,0.803838900862069,0.13840471893637132,24194.058959062957,0.09508981285998384,21843.194816848678,1.0,37518.885550547115,0.8620365946340147,63.20859981817892,5256.1842613119825,88207.47865197212,0.8445447198275862,0.1415857117635371,23765.472487599483,0.1015551306622201,21860.865282251547,1.0,33197.80991722356,8.383103448275863,82.7438424848742,483.20555754818497,91.12694593315005
AEB1,25.66383978093967,4.363070477868084,1.3850459673998965,39.49099621535806,6.800087563065106,2.2804472688446062,0.9125578148452066,1.3240244897564901,1.576407705184335,abnormal,191.8840262163064,253.0,87.97197997718253,7.31129794109949,-2.084162723160671,0.8622098575632895,88.62903426656344,8848.88129876177,129852.57258025219,1.1308471297021943,0.16779975845905457,25728.633701319442,0.11517804665140119,24101.4117693102,1.0,33641.07231224858,0.8652137106593193,59.43712487190748,9685.991728883033,135703.97604408473,1.1710668103448276,0.1737731841226066,25138.63457034109,0.12409221784464719,23745.79544555666,1.0,31687.832313821444,0.8565868952286677,115.34093510561972,8751.124509143487,126427.40417549797,1.1179283405172413,0.1678661794684873,25722.403874275013,0.11419869815235877,23908.570858215277,1.0,34862.45523552898,0.8664822248248651,50.26841231905989,9684.338461056785,136401.31143092705,1.1733321904388714,0.17322938111595723,25164.002473413413,0.12361994812950075,23807.59574405514,1.0,31396.843731410263,7.91649843807273,85.56632212517233,458.10129436001085,93.48282056324507
AEC1,18.05660042306012,5.816716583068587,-2.614630326084555,34.167136801496,11.351187088252923,5.479487069195314,1.388506033540472,1.6798309420021174,-1.9056437406748914,abnormal,216.57481587676392,255.0,74.4559070014635,16.435829733312463,-1.5482391795649255,0.8126215541004183,394.083542684453,4633.964282072437,66618.9570791579,0.6964940599173554,0.1558553175976085,25340.359283602014,0.09948464131332711,22070.762026222295,1.0,55549.79082810342,0.8255587031889273,180.7078975343781,5354.582335996708,74668.6599739378,0.753125,0.15876176911789094,24963.067041596652,0.107912401752388,22380.223296091786,1.0,42561.074568773365,0.8122239618590643,382.8863049334827,4689.335539776146,66647.09457770536,0.697423811983471,0.15626147346431496,25239.7842746975,0.10084672992856304,21936.44784790023,1.0,56151.54912652638,0.82511563329497,182.96635024268716,5347.485357158198,74431.82795412568,0.7515818698347108,0.15849176769238005,24963.04157037928,0.10770854513015415,22347.501534481955,1.0,42712.545801297194,7.720408163265306,66.1502004543764,559.1241016736604,73.87060861764171
AED1,11.109063073798374,1.7281540082690336,-0.33405773214412127,29.515288139051357,4.862243847286975,1.4108927457963882,2.3111187217535964,3.0347923198013773,-3.190866256596137,abnormal,223.39768447482214,255.0,69.68190520494188,22.121402689542556,-1.360567658084208,0.8022661173195823,408.52715722926354,4883.524664903803,39626.10601501474,0.42626710199004975,0.21678421708041234,22391.994589830098,0.13742320880875267,20629.189915617346,1.0,32561.75743898362,0.799545498869803,235.97616403246477,5763.340452797949,42047.62503203759,0.45495180348258707,0.2251100734078548,21361.61594760074,0.1509954638594742,19886.685643975638,1.0,29276.449992880534,0.8051675427669108,687.1697208010081,4913.63728422427,39953.14334947697,0.42668817371475953,0.21796922857124898,22362.79472269877,0.13916444651138216,20601.401185238698,1.0,32650.75839191097,0.8005167045855737,245.83369305918436,5793.015335681018,42271.354879018516,0.4562085406301824,0.22488689289957028,21342.364336021812,0.15040695115712904,19876.602116172788,1.0,28838.76219754629,7.386075851273229,47.222324838853936,593.3956673560024,54.60840069012716
AEE1,12.428234518529724,1.8128552524517756,1.2321707103593618,29.22044710790544,4.180284672719796,3.1195180113388266,1.9635412470404066,2.3819557900505246,2.622376524914976,abnormal,212.8281184327278,255.0,77.48127219361602,14.480399917590383,-1.632854509482883,0.8204856811079503,244.5106500183621,3281.7170400293794,27505.98182152038,0.42653508771929827,0.22130238245161632,17074.069362835107,0.14554228779107498,15983.746761309389,1.0,22493.529494124126,0.815527391900354,107.20598164819944,3786.5074878808864,28858.576739958447,0.4523809523809524,0.22759829279122545,16267.46435682133,0.15671117986558422,15333.386443767526,1.0,20693.64164213989,0.8216406385399412,226.10121734372862,3324.385902521315,27790.342907946928,0.42945253759398494,0.2225250356710339,16994.641658687822,0.14665890398284498,15931.934091900399,1.0,22239.104568458486,0.8223133375837051,96.74805909804512,3769.591453579647,29589.325770446678,0.4552298715538847,0.22607956231526982,16413.20200434418,0.15601013665091687,15631.331877695115,1.0,19931.330114626122,6.788742041439002,49.189391336143494,466.9389571638093,55.978133377582495
AEF1,15.032101127211089,2.514051766463994,-1.5893257482309748,33.68992942483217,6.371149148267752,4.083845854160273,1.818200630321831,2.8565038863244565,-2.8800991524985453,abnormal,219.40162866449512,255.0,72.90722271752836,18.694685532848442,-1.4648084239922494,0.8308712062880592,402.38495276653174,1752.1607062528115,23090.723515519567,0.3308035714285714,0.1730599049248728,27999.72787336932,0.11357738455560265,25695.40274783783,1.0,44755.73917566352,0.8353373143012638,184.33429015353013,2037.2939456982592,25020.321465251625,0.3531715029761905,0.17855364797529263,27074.902061991415,0.1244974749168712,25236.35397874009,1.0,37587.685487056595,0.8374687756507714,324.19198441413863,1774.9485666573894,23740.77645421653,0.3341703869047619,0.17322845477702267,27916.450375730587,0.11600735220968363,25630.453640288266,1.0,42061.20993598664,0.8352842831725523,195.9629258517034,2031.7647927433816,24980.907499208945,0.3527157738095238,0.17931268690341404,27092.70074359245,0.12700750017601325,25194.913556902666,1.0,37428.16730830081,6.905390103924306,59.49185455099104,503.0105852026545,66.39724465491535
AEG1,4.185205688008367,0.43108499115064547,0.3697115388599381,18.93587249888801,2.137215005603826,1.9583187822112358,4.362511725747749,5.8380069995165975,5.90531020799794,normal,238.80492346853333,255.0,52.21393658340198,51.32692063132839,-0.9305030950270183,0.743748973985078,1188.7666633206184,2442.4240112427224,10246.833868701064,0.1902888141809291,0.2790170505148068,16080.830957639027,0.1730358583679012,14865.849212140754,1.0,23275.392441276854,0.7297869189947154,619.2699335928555,2988.0699335928557,10820.249278681016,0.20854026589242053,0.28078976459185184,14883.764094343944,0.18444453366331193,13861.2601927937,1.0,20398.55933134875,0.7333362265913537,1300.2455214916174,2310.8621193920717,9553.976654306158,0.18286789425427874,0.2801226551454604,16269.656813077767,0.16875762289438992,14777.12619939339,1.0,25625.518305739803,0.7270761634912721,466.3854161910415,3032.842929546596,10774.207616090589,0.2091706143031785,0.2841766418475306,14791.709921921374,0.188147967477174,13758.066509165837,1.0,20450.375918907812,7.164222795324379,22.63100253946724,230.92759180061944,29.795225334791617
AEH1,22.60903990078603,2.0303724730866133,-0.1174870681792721,39.97282156498075,4.23167216471056,1.3259622902779598,1.2141529182098705,2.0049013552995425,-1.271629406039115,abnormal,216.39494018526275,255.0,74.83019329465534,16.426854478698335,-1.5477065385648776,0.8326483765480062,503.6615913555992,2398.1401031434184,42413.71337794695,0.5473118279569893,0.12722090336964403,37144.478834111,0.08185812477260772,32907.59018498497,1.0,77935.6686671169,0.8389824034659952,207.58005386911262,2678.702642498362,45573.65854262211,0.5769909274193549,0.13087796772257757,36510.276523258355,0.08845487101760345,32962.939242540364,1.0,63554.22419742302,0.824310386472843,450.4257306275954,2335.2311682206378,40641.17980098723,0.536080309139785,0.12685601437739785,37155.08800438768,0.08104588156783796,32520.703682309355,1.0,80528.14869544777,0.8352788843144533,198.7159963783989,2692.788165542218,44968.62907795204,0.5752520161290322,0.13199076884424613,36396.045576681565,0.08931215986076332,32696.84294219881,1.0,64598.306565612314,7.156533072662105,80.98493249141202,539.9413390010626,88.14146556407412
AEI1,10.85974555411342,0.8752290863029217,-0.03609525960671501,29.671697345592033,2.826504252353405,1.2715879412341318,2.3942765513168074,3.8608440028985487,-0.43240877079161044,normal,225.61090916321984,255.0,67.72120067471272,24.212840673996755,-1.3019153770447305,0.7625266007660009,386.44089424598496,5332.895424396485,32123.53661492879,0.41435546875,0.23606613829901194,22712.25584997138,0.14538326597252738,20337.173784011284,1.0,42595.75928419919,0.758687857983036,234.54326138787803,6296.297276948174,34141.72440080311,0.4446986607142857,0.24523920846345096,21853.667398669844,0.15998450062205827,19812.184954444114,1.0,35831.01529363784,0.7669798597039583,486.12639896900225,5204.890219087024,32278.172997354675,0.4113560267857143,0.2364377995211418,22934.57600217052,0.1451317144245348,20489.08513584386,1.0,41988.11407108458,0.7629553144226268,208.6309640637413,6312.42327523093,34805.14925931118,0.447802734375,0.2449530696690789,21937.856332850446,0.16140459711386626,20018.965977417472,1.0,34461.75589201988,8.48444559338212,46.68147395037864,452.7575732147352,55.16591954376076
AEJ1,7.394505414410773,0.8424865024824812,-0.4480174879559089,24.890029404401698,2.9776797808905724,1.5470975768831103,3.1060426087470403,4.443896499208937,-4.12185499530595,abnormal,230.51247947454843,255.0,62.799060922925456,31.12986748140139,-1.1698035049682796,0.7870099197799808,846.8481917577797,4380.870100925147,27484.369343986542,0.33175223214285715,0.24748914718701975,20165.472371740958,0.15539002585193107,18827.122507233875,1.0,28160.539676198485,0.7889602978727299,468.3486013986014,5212.121794871795,29973.206060606062,0.35909598214285715,0.2542199158650657,19072.445124320126,0.1710762941423134,18071.478322607254,1.0,24562.736305361304,0.7915372215827448,928.8467489023625,4443.739159523312,27981.808948358772,0.33363560267857145,0.2483742778467246,20024.418879364417,0.1569616483009513,18708.031320027745,1.0,28532.034392640602,0.7894102142653637,653.2098107482543,5196.432011358995,29964.32822437905,0.35862862723214284,0.2540329688977728,19064.914826989283,0.16993317516178405,18036.683167920826,1.0,24649.791045066424,6.123866995073891,34.984907287743425,502.4222140492828,41.108774282817315
AEL1,14.390239487798945,3.046744358320292,-1.5377448951058266,32.58416292379589,6.969617512096381,3.697551493978942,1.8489228543952976,2.323584413130305,-2.5204800473109126,abnormal,215.35143740623948,255.0,75.42142152592314,15.851621857528688,-1.5770809588943993,0.8123494250964546,387.72729173703937,4070.15527031157,38428.326545384356,0.4547708918539326,0.204404816916079,23202.502951631843,0.1297110094784611,21449.98906473902,1.0,33038.25964709099,0.8155657014040187,134.24293479893083,4776.838694176652,41619.943208096825,0.48714009831460675,0.2086504060699662,22271.935774994745,0.1405727618345864,20946.92952108448,1.0,28790.43421329249,0.8182299175798363,277.81181388817976,4104.8748085269335,39384.821579014555,0.4584503745318352,0.20302926909827806,23124.023136328822,0.13101487261680198,21430.596963633965,1.0,32328.33731171815,0.8158417413798369,120.3318450151329,4819.6780138443555,41759.72017620089,0.48822272940074907,0.20955706589569034,22160.74888376135,0.1422337743260328,20808.567502903672,1.0,28949.648167570645,7.683505291410261,57.169053147941405,487.3190474520394,64.85255843935167
AEM1,28.359136619580273,2.863158000701768,-0.6083142103176018,42.89507194290968,5.219633457258965,1.9947967176776749,0.8634846048322886,1.626183224071953,-2.1970513767135427,abnormal,209.8641910566225,255.0,78.53722837564628,12.75240280195897,-1.7241177162819408,0.8293962617951849,326.70949747043596,4561.3355862058115,82030.66762394077,0.7247776003649635,0.12525139777491562,37574.30468067696,0.08093391972431963,32871.649005527746,1.0,114901.54929699363,0.8319097680038678,135.69677715974012,4987.340930674264,86323.00789882272,0.7566035583941606,0.12784165075881737,37153.485762522796,0.08637114010889468,32959.45509859758,1.0,86437.71189647116,0.8053821561135591,325.1469528382753,4296.096994865223,72748.19171777865,0.6852246806569343,0.12474952598197526,37440.6251362755,0.0794688974799881,31656.526069365515,1.0,130394.17305947853,0.8324410121455089,128.76410032584076,5019.55263494548,86574.80255404967,0.7577953923357664,0.12856114861765477,37094.55718016059,0.08736166993298684,32867.80920974035,1.0,85881.36129944991,8.010235986110127,94.82415289124728,205.3794361458481,102.83438887735741
AEN1,27.15971339635414,3.733207132445886,1.716641547845259,41.11201327149161,6.432196178951301,3.861314148037799,0.8655569718162922,1.4858227607380499,2.145920950351585,abnormal,212.19018303222597,255.0,76.26521009588984,13.965543696901726,-1.6839847519182738,0.8247253509216369,406.61082868795944,2578.7480629667284,54513.565859131224,0.6212897885687733,0.10573872924386281,36636.21186410967,0.06854266232734844,31530.340063045245,1.0,78635.54468323808,0.8357060027888552,152.23607441595317,2866.315083811132,59894.53596369098,0.6622981528810409,0.10683711435635045,36287.55967637611,0.07253546253977441,32072.248034694876,1.0,63979.22092373132,0.8166239256980883,368.7575793631907,2504.766598448432,52394.33342058922,0.6102172397769516,0.10411793087263152,36680.5635024511,0.06631045098391829,31186.80962688218,1.0,82930.76225548523,0.8366394858452173,141.85741769052512,2876.5613003366707,60215.688819902934,0.6642367565055762,0.10746668779379075,36273.618621835514,0.07323562545169611,32067.923970718333,1.0,63055.87443706003,7.803439648300302,90.4436654321991,474.23342304869095,98.2471050804994
AEO1,14.822000594176608,2.013013648185658,-1.0364797682710631,33.71551358524423,4.946423425719622,2.5512123208837294,1.852386751283263,2.511394543396568,-2.510748190474947,abnormal,223.81862442731557,255.0,68.99179672221159,22.456060668180555,-1.355873178585262,0.8019822039931791,604.9911901916181,2811.997956587115,31186.7500481937,0.42839918076109934,0.17638934573202994,29110.562786752515,0.11289977029010084,25594.66797682913,1.0,63150.224621197514,0.803238135784769,260.3826304606187,3252.15356358267,33560.579032664675,0.45862513213530653,0.18143808250014898,28403.50678863399,0.12202089152834594,25440.070183386902,1.0,50161.9704685418,0.7986526159089358,603.4935418215977,2722.717562331207,30445.859563975107,0.42199061839323465,0.17523738517673507,29263.816196328622,0.11143573201908445,25587.77270545029,1.0,65838.34510156953,0.8037532743603665,356.3826418228433,3215.848734337197,33506.22485826743,0.45740288054968287,0.18010636034765942,28537.79166215289,0.12025781911217368,25619.453374258188,1.0,50408.4494276532,7.223611784703617,59.12963776468011,580.5412765957448,66.35324954938373
AEP1,15.419454100360483,1.0487133548179302,-0.22650027730087272,34.75562194530536,2.6607605961207406,0.8201534709554368,1.8231493930762042,2.6031311883794954,-3.152615565799305,normal,226.56163854539085,255.0,66.68390631944199,25.401590078958783,-1.2793954204652445,0.8046362669583559,593.6713742248163,3101.7460176837426,34891.36041482099,0.41720054499072357,0.16299607813378097,32821.68747720048,0.10652598021164453,29072.46422456074,1.0,78853.2254764014,0.7931734483745325,320.4247849569914,3430.528572381143,35315.25061679003,0.43474605751391465,0.1676688557055595,32371.916116556644,0.11318157422803714,28844.86982905182,1.0,65029.40319730613,0.7891277290455798,606.81603081438,2814.5473954512104,31690.1907190022,0.39511827458256027,0.15787683800147664,33196.330685986795,0.10113701301229086,28698.92565804637,1.0,97756.80885913427,0.8007660719609796,337.73142310104646,3478.7146865612517,36412.2021589146,0.43907989332096475,0.1675954257501577,32314.64277225762,0.11378133937228774,28981.030697943108,1.0,62912.63960320866,7.503097454354352,61.223716417571524,387.57105038080886,68.72681387192587
AEQ1,17.413345207839107,1.1591363026839043,-0.3359620569295815,36.7205041747545,3.300542662878338,1.6588042170468817,1.650153819119127,3.323285187241717,-4.13176136065981,abnormal,221.2038043478261,255.0,71.83816241493604,20.17426675176383,-1.4113471663000359,0.8142547998830169,498.880511168292,5125.292451402253,57458.57584275737,0.561032123447205,0.1750657679785537,31183.01473609099,0.1129976078732899,27974.957948229905,1.0,146717.17736285596,0.8191066184879641,292.22726306519695,5988.660886904942,62298.31784640612,0.5992393730590062,0.18352499974346279,30191.057433218954,0.12666245349732885,27407.815445286767,1.0,108614.4519247315,0.8233822042725358,566.6742582710779,5261.802646744931,59671.30578441836,0.5683472437888198,0.17590859474319345,30920.179114194238,0.11582967078488947,27905.388552035587,1.0,214198.85279615794,0.8187803606485001,286.64511620841563,5954.774084763785,62214.00393943997,0.5989482239906833,0.18229799049118414,30260.230249632892,0.12518347404713243,27477.006502648605,1.0,111492.41935287863,6.734020588911894,67.20064291850437,633.3962440120397,73.93466350741626
AER1,10.663763678016503,2.653583806082406,-1.0723425142270964,28.29425234392184,7.341725966343035,3.288364145456749,2.329218546348928,3.0178294619116093,-3.406566661626899,abnormal,215.81446299208847,255.0,75.46221558665624,16.094479404076008,-1.5578208260893123,0.7928404452434306,174.94621219858684,9659.483858088597,63177.09790066945,0.6742099859775641,0.24694209323248678,16394.766659548193,0.15584587172509723,15185.811976960696,1.0,24016.55058913102,0.7984905582602149,110.8014140766478,11163.613615686547,68878.12881787698,0.7224747095352564,0.2520997014335744,15743.875956364645,0.16942551887978247,14825.165246251689,1.0,20738.21449428564,0.797372463590783,304.76537661877546,9507.863048565594,63687.57784573501,0.6714305388621795,0.2464210450289486,16529.459252076787,0.15573483829061377,15352.047027964363,1.0,23896.877229458216,0.7984450835775208,119.2944266273728,11142.02974776805,68832.14676258992,0.7222180488782052,0.25209399723979525,15764.875643581521,0.16911947940603342,14841.915113555926,1.0,20597.78236109907,8.644445238776093,45.03140867546084,501.94561387659223,53.67585391423693
AES1,15.845510870845162,1.4130241753627066,0.6343333339626596,33.309606879484576,3.0859073815247986,1.5264963680310442,1.648572874059939,2.2810848895532057,2.979712204700215,abnormal,212.5368114635068,255.0,79.01381708743362,14.453732267605911,-1.612244165707312,0.8335356784395361,264.0816924805785,6203.459744955294,66911.11515121904,0.6335120344690967,0.19343743200575939,23385.297845311965,0.1271922296609036,22031.19805113624,1.0,30286.768671520007,0.8392828128816393,127.80866452636629,7080.364570648363,72139.11592678697,0.6710330824088748,0.20052856982011602,22570.42962839957,0.1395927584845314,21581.071634901975,1.0,27241.570888224658,0.8397006803050288,271.7569598051157,6164.529179049939,68208.28800974421,0.6353072999207607,0.1921148105802452,23424.8367454324,0.1265245296289425,22151.55302199252,1.0,30069.672457978075,0.8358246429759935,120.08763988781206,7096.369322336694,71221.2049558931,0.6687859053090333,0.20121482186991616,22509.548693454777,0.13932978568244003,21425.705108732534,1.0,27653.708440939343,8.440693194703234,60.26737788888717,570.6995559231226,68.7080710835904
AET1,26.536505904361114,6.095717775063766,-2.7818663126621614,40.31013513171414,9.931401070533894,4.758925743712682,0.8807616103501126,1.3106954602007508,-1.445885228483392,abnormal,205.46762719172176,255.0,80.19013366271234,11.22847140211541,-1.8530598670635585,0.8216580201060628,213.82435080842725,4673.352492650662,82585.5414778295,0.8677721088435374,0.1368013790043102,31083.29817644537,0.08717600959392593,27120.353822911213,1.0,65500.17992099461,0.8393721433397964,87.31873376554812,5494.287943741685,94269.7669348651,0.9437380420918368,0.14113765953303087,30518.813112861557,0.09666378377514319,27531.635655998114,1.0,50546.16818364201,0.8291488816729908,161.18931269303764,4940.45843039482,86683.53717858074,0.8926246279761905,0.1386887346486677,30853.62706806088,0.0897774112244312,27200.86586342711,1.0,61716.465880251555,0.8366300807933383,87.24729375710544,5481.585438188918,93270.33608253246,0.9408017113095238,0.14128305959233894,30523.165530974387,0.09578401594977651,27478.017550490546,1.0,51479.296172069735,8.683580650570088,88.63001360480581,630.7218079096046,97.3135942553759
AEU1,20.610371821490087,0.9397042989923179,-0.4305090029636191,37.88742781371597,2.3863588340041533,1.5835049815078541,1.312269261023211,3.150138655012663,-1.3934145244795835,abnormal,209.38471067270746,255.0,80.96708910362246,12.653342211767155,-1.6901418773588486,0.8418590320882731,246.70342926347325,6312.900787200816,83861.0795327788,0.7450845364741642,0.16727668847282207,29972.649098065463,0.11260581274049097,28041.353520546,1.0,40593.884907734966,0.8407156706653637,138.11236818052643,6961.104979377405,86939.12310575512,0.7729210201367781,0.1734291650520691,29488.57503629116,0.12101012069401552,27926.032843344645,1.0,37172.12827484504,0.8417835666268135,302.8912401456641,6282.332058105567,83490.29040777942,0.7417422587386018,0.1666818069026745,29938.489967585738,0.11218793171174664,27890.309990524267,1.0,41169.89829925167,0.842077449930566,135.45496674006614,6963.420663357297,87369.41946646002,0.7737521371580547,0.1734321701529432,29490.266777660985,0.12133181917886511,27955.864426602962,1.0,37001.64569538964,8.043777599357687,74.26168174906906,574.7034796801493,82.30545934842674
AEV1,19.566393297615296,3.8758170186945593,2.928717106279664,35.64713797988286,7.441753739057564,5.83494937269625,1.299474758624648,1.6123319493303452,1.9876594175132276,normal,208.62910988535583,255.0,79.56376089603013,12.452479588316242,-1.7484426173081216,0.8242594773306253,189.72765546402275,5487.574542538456,69873.97481227673,0.7765511775362319,0.17111943029258198,24048.459056280528,0.11082105630732225,21533.080011121685,1.0,40541.19663556171,0.8301443971152184,96.43508963913516,6320.382725337483,75804.28410091563,0.8277357903079711,0.17718672569906446,23363.132676179157,0.12183383572095363,21301.467011740988,1.0,34509.071275295166,0.8253311158719321,214.31990247426404,5626.933989525013,70725.29833845042,0.7836560235507246,0.17321962420154674,23920.64042802962,0.11357402131829433,21423.75117445708,1.0,39215.00742279213,0.8291121046819079,104.38798302434667,6222.715228260683,75204.71369907733,0.8237233922101449,0.17532327697296954,23464.773354409717,0.11904882237205787,21394.809628480816,1.0,34786.35523444614,8.499428807051698,69.93329788198764,583.4270158984331,78.43272668903934
AEW1,19.482391220044647,2.3323016996107895,0.6508115867494795,37.17489741168211,4.993925786184259,2.075513041504229,1.4025220548818136,2.185171599946242,2.984167704364132,normal,215.17097238821978,255.0,75.1196515209687,15.624255876338058,-1.590623497527639,0.8542494758047187,507.82864334581126,2432.1664515296243,42696.39996127533,0.5415967561521253,0.14396940727129334,31741.102878533628,0.09681211804097974,29138.481509704434,1.0,46399.746224344904,0.8568130383513065,196.64664658511097,2747.5607979344686,45244.43658941415,0.5686171700223713,0.1484444728228349,30885.677429765783,0.1040031260792983,28741.9741429381,1.0,41959.627220753675,0.85397521493731,464.5355497567733,2433.316291356593,42737.500499339585,0.5425230704697986,0.1430800830168997,31695.19870493863,0.09540247694078482,29082.913280572742,1.0,46110.59679134048,0.8626399483593361,199.7299423657488,2772.4314030433325,46326.89567895587,0.5731438758389261,0.14902660944075558,30883.481306986247,0.10543416320146966,28910.137153933516,1.0,41059.462476748085,6.067052802549723,71.74099101595138,452.044803026273,77.8080438185011
AEX1,25.544677765975333,1.069082573440021,1.0163964514005537,42.11910119883033,2.6063665663988003,3.0208543617005517,1.0562626902137784,2.651316854186585,2.9299071656330145,abnormal,207.27849637583168,255.0,80.97691424264626,11.682368456277018,-1.7679669843125214,0.81507549375239,155.7932006559993,6276.496423030894,70248.2720003546,0.7925261353417267,0.1784814141525289,31538.644084925312,0.11597642327557443,28106.72142876943,1.0,127465.94335357475,0.816517250366217,116.39668437832094,6850.2350605738575,73585.29597449522,0.8263896695143885,0.18196216425199052,31149.23477151966,0.12264729575569186,27996.059858490262,1.0,106605.58944102019,0.805187979002107,318.66731821000997,5590.85802619956,64462.06982164001,0.7476253372302158,0.17346317120575538,32098.246762644012,0.10799577348471463,28149.21453211665,1.0,229500.04993703836,0.817729342266169,90.05015152415473,6893.7404395473795,73939.1405566921,0.8276402315647482,0.1827580203681929,31080.1458961147,0.1233746463942271,27923.462345888664,1.0,103465.97378674567,8.384053659328176,88.52618263505026,237.20876044937017,96.91023629437844
AEY1,19.420924702165955,2.634096169671637,0.7742193922245011,36.83840351616404,5.198175448642429,1.7643205155251749,1.3869806618145153,1.8149977070082528,2.3744986786016145,abnormal,212.61393418386112,255.0,77.85067679777323,14.281341096753184,-1.6333602054446592,0.8229193957728798,262.0869033572884,4822.98459723265,59176.49451893167,0.5817566892971247,0.16842313957633034,28191.48225892953,0.11290688721248093,25136.549794623013,1.0,46465.893939718975,0.8219803703865857,167.25611420712872,5362.2216303868145,61787.30058396707,0.6080084365015974,0.17389146550051837,27592.26852222462,0.12070398131374005,24935.89786617566,1.0,42191.27405400413,0.8125727896449968,277.65356847616425,4737.813381096721,56040.25833011849,0.5661254492811502,0.16941663654409136,27973.86601267567,0.111496686844489,24599.08089098089,1.0,52848.89829705153,0.8269595844073431,145.36039626160604,5413.453315939134,63075.01948693906,0.6122516473642172,0.1743420496799356,27596.295769336608,0.12224930244588385,25082.486088372083,1.0,41448.57841148833,7.020481901643601,71.3612237425085,443.1963452179958,78.3817056441521
AFA1,18.009335430594184,2.9357419394345508,-1.382653824757295,36.1523087567813,6.39068509244203,3.105663009998919,1.5280825736762709,2.2735989019453733,-2.34188995188057,abnormal,217.28882201945686,255.0,74.12679608250721,17.114733038436587,-1.526216428074209,0.8010283034532892,311.71593930861883,4316.210410424864,49796.52014823906,0.5357170482673267,0.1750345237747104,28722.35138192013,0.11026431030618261,25107.025845662873,1.0,56883.986583883816,0.8134986255353288,159.58288343218226,5041.675261903442,55989.441638490105,0.5814575598184818,0.17900815747043292,28248.010875228647,0.11987060134066035,25530.75254354942,1.0,44205.858998946846,0.806982933630571,382.8593336419423,4422.497916889221,51305.66787736353,0.5430654393564357,0.17523200364788058,28629.728162945554,0.11143301258601945,25213.28684727628,1.0,55088.79928545146,0.8071191390453645,242.85979134751932,5080.876552873165,54532.893303217,0.5764683890264026,0.180617771334817,27999.246256890787,0.1206323269495416,25049.409898455888,1.0,46511.742404758974,8.30190470027395,68.0603329468454,563.9087281035795,76.36223764711936
AFB1,26.10379290616052,2.973714859884619,-0.7369871076390466,41.71191436650108,5.479067361186731,1.6885907811255503,0.9823143486138162,1.6459771451099823,-1.9591325859066189,abnormal,216.7192793079417,255.0,73.379828126844,16.586291256045087,-1.5650372180984036,0.7966421377056144,371.38317923866606,2678.0027418223553,46389.725728495825,0.5290303864421416,0.11538063059784849,38543.96639673532,0.0741347019661764,31997.022392844065,1.0,125480.01674424537,0.8057145528421362,163.15763813651137,3052.3679636346506,51541.13750058882,0.5728896804835925,0.11790642270039518,38133.54205332328,0.07920595895040432,32577.042314150127,1.0,90329.53651844176,0.7859002860845499,418.17230143090813,2666.4315005860153,44643.091109307985,0.5238220531088082,0.11512083541137257,38442.83322385792,0.07351297615065247,31559.015364097766,1.0,120121.50443697436,0.8106028984536174,149.08763755560759,3039.2738937017093,52535.26546476235,0.5762899395509499,0.11629768995434457,38309.86487941934,0.07861184940006646,32952.071812906426,1.0,88818.65044486069,7.8454079932127385,89.61067017960863,558.4961121080065,97.45607817282138
AFC1,13.338023947230807,2.7764678101362743,1.4000475809795128,30.686553951796483,6.365417628185143,3.3910486104673714,1.9065240479029502,2.2821170959209773,2.4668026120579913,normal,213.41805990725655,255.0,77.41806896353687,14.731932285733624,-1.6113269414790543,0.8314882169533718,240.04300060826495,5427.33221197413,52367.70054743846,0.6231203589108911,0.2070863192500541,19017.919696612338,0.13888530290031442,17710.24508161151,1.0,28315.189666943905,0.8281746864566815,114.63989008255653,6067.331410567709,54552.50939865209,0.6530553836633664,0.21158246319955862,18406.498643798786,0.14760942622262976,17283.77583774868,1.0,25498.167268764733,0.8262064482189841,275.60234960400635,5334.697061739862,51072.92205640556,0.6162824876237624,0.2057080546677669,19112.78665294391,0.13676342304335276,17724.394090131755,1.0,29006.98324400989,0.8277634397327125,129.54481581971777,6073.7246359640285,54463.42814658594,0.6528542698019802,0.21160093626612075,18397.34667835689,0.14782439710950787,17272.674649102217,1.0,25625.500195495315,7.6745498600492965,52.59348453376878,255.3588886297074,60.26803439381808
AFE1,15.419490781935837,2.5519547782481227,-1.0785137572148067,34.1157037504026,6.20972406494545,2.616422107604284,1.7737920192122285,2.3653675454552285,-2.2715454686029437,normal,233.1242902930403,255.0,58.41037128674403,35.51547557796668,-1.1235526786622716,0.7742355214350397,1512.6348285402867,2048.4701098348287,33235.484480590254,0.3733160556891026,0.1206350631265836,35263.53894525027,0.07841306390610389,28197.667610554265,1.0,213907.32070093066,0.7929550489491872,617.5904881328278,2328.767914066867,38846.680409723376,0.4143567207532051,0.1181216239213392,35525.18488918433,0.0800614437315242,29777.360203517917,1.0,136737.11084588539,0.7793972832847943,1711.983231504848,2015.4148957364855,34031.296520122196,0.37705328525641024,0.1174959625977322,35669.46701089122,0.07526718315514391,28765.376050508057,1.0,195485.14576969054,0.7915631945590264,582.3282662842479,2346.905140010567,38727.39338818024,0.41469476161858976,0.11865196972084407,35396.990746471434,0.08049450941882244,29544.291404452022,1.0,135215.48690467206,5.205872252747253,60.90154490975953,600.0856710511,66.10741716250678
AFH1,25.894906947133045,5.9879467882218735,-3.0059639942361387,40.1198974604383,9.69329526149658,4.907194425659237,0.9190852288539602,1.2610998152040305,-1.2868670011687073,normal,207.88743245902813,255.0,79.4496666350232,12.058629144925854,-1.7789590392140266,0.8018334016831887,327.5329860051977,6911.513037006308,98298.06211642407,0.8993043363764045,0.14514504846061355,30471.578258641515,0.09427778327040831,25559.845622483816,1.0,76151.49317341598,0.8104281547035437,143.86632590635952,7755.526406065076,107356.49628079565,0.959571409761236,0.14882417350689603,30083.47995174468,0.10114378823821556,25769.644404519513,1.0,61818.89584512558,0.7897499383980516,272.25663173202287,6971.114532143215,92627.03026276201,0.8752633426966292,0.14867864708773326,29939.9687782068,0.09604495909704185,24591.641960160203,1.0,88701.67238742353,0.814182265315872,190.98728296121274,7728.323912463153,109159.77579048408,0.9659355249297753,0.147611807674104,30240.555079715785,0.10027107066623617,26096.09899298366,1.0,60043.72317863492,8.008992789665784,87.59648006962779,455.1575056252009,95.60547285929357
AFI1,11.44708440533318,4.053200947941748,-1.2826083686596268,26.674651452349305,9.509029482821218,3.1488031424093412,1.9425358475236585,2.2105235035756823,-2.345056529592377,normal,222.08087401369983,255.0,70.46102179505725,20.752686478885465,-1.4015887854443267,0.8090418604371409,394.4065620918482,4285.115357722398,46444.7385453634,0.4916330475165069,0.1865234963932478,16797.706091109383,0.12018358934403012,15070.692495661911,1.0,33240.995052705184,0.815745894189237,212.18022999215378,4992.000049038838,50999.29268830914,0.5290508373438493,0.19101860768315582,16340.264258042369,0.13092619131499206,14962.58885948257,1.0,26308.934631227934,0.8111259426187163,517.7342497891185,4369.86058097849,46735.711962252215,0.4921065262229371,0.1898568831971198,16657.980427562212,0.12370239959157808,14905.016426250493,1.0,33850.63061471953,0.8141962768625441,233.21700804052227,4951.1587204012885,50633.71081167474,0.5275590551181102,0.18992938305027912,16374.563979935578,0.12961917067942322,14970.159321088182,1.0,26551.590597260813,7.584344056186595,45.084095678028476,608.0138036809816,52.66843973421507
AFJ1,9.568568724926058,2.6818410025697523,0.640486433895762,25.78964865988224,6.862338205817032,1.8872815707677413,2.373240412566067,2.5932702329045503,3.3302797049917983,normal,217.6941337719298,255.0,74.668068398057,17.351341941303147,-1.4988682724129885,0.8215518045402844,277.08630480585936,4065.4090699307717,31556.178368616434,0.4506202980324074,0.22853777540174675,14509.083615932577,0.1533784047502568,13628.245471284881,1.0,18678.75495133942,0.8176999966529493,126.04918938484693,4576.971614181479,33001.16467584919,0.4746365017361111,0.23274577353868278,13951.352612828867,0.16387367202376582,13225.896731393124,1.0,17281.441599512298,0.8175082716005754,291.06864075506854,4060.895529945517,30924.27332752719,0.4464427806712963,0.2299545346355414,14447.10286998967,0.154864258289738,13443.68628453742,1.0,19372.21122880927,0.818282845325208,151.76266722647378,4556.008950552491,32990.81530181874,0.47380461516203703,0.23217326721374137,13962.588389091396,0.163126410490681,13229.528073170035,1.0,17352.462165308498,7.892616959064328,40.35381163892486,251.1314056435082,48.24642859798919
AFK1,26.76114504159143,3.0007640538153826,1.350926198418495,41.5058175295289,5.140548804606428,2.480027019186808,0.9159062905519718,1.413085204407821,1.709072747254315,normal,216.13901893348282,255.0,73.69507239096741,16.254048200885258,-1.5819638873689577,0.8014706407374741,314.9733584281148,2190.9808219622605,36915.359125793,0.536200236636971,0.10761646768466461,37784.59301023802,0.06985164416369982,31399.68912895711,1.0,110780.76437947204,0.8099569119492093,168.22621557973804,2367.8857147254844,39829.254552171034,0.5652230651447662,0.10871567684032024,37591.5250350167,0.07333360365877759,32001.477965978407,1.0,95562.17825424433,0.7825610311198303,589.7072472709201,2035.8755333915994,33204.555429883636,0.5076646018930958,0.10675471364755226,37999.190444364474,0.06720991313181045,30716.657817112384,1.0,138048.23249875757,0.8129071146881015,160.62625660769396,2393.6128273291165,40445.930668866684,0.5694425111358574,0.10960737592504256,37538.5656949919,0.07425442086080405,32077.54379826599,1.0,86460.28901213066,7.905721457105485,90.37360832768518,224.91933144118573,98.27932978479066
AFL1,11.092569498337385,0.45166298622385204,0.5435392213069731,30.254092350254705,1.7065859214890717,1.7472307041048065,2.391239217408536,4.766850011771836,3.8154863570010056,normal,222.37126061893204,255.0,70.6902618022579,20.94860375344536,-1.3847199833128547,0.7997140286984271,379.94643532939364,3026.420278885622,20563.0111204914,0.3256883343446602,0.24059899972609256,22907.714011236938,0.155417085681997,21390.595789046183,1.0,34395.84015021397,0.7922501727580854,217.7165887207703,3479.512627235213,21349.088803301238,0.3446412317961165,0.24797313596147053,21961.01122420908,0.16867777280120225,20616.10302466627,1.0,30544.926409903714,0.7933737639120004,504.97127656394775,2857.241683354754,19674.58017754132,0.317212151092233,0.23654297315496403,23288.422930926263,0.15020561808431476,21535.10781121157,1.0,35223.74352153511,0.7945580085191027,232.1577407802291,3511.771863637606,21620.245578063917,0.3468124241504854,0.24759810627323203,21912.347057054594,0.1686677053001934,20622.490791923246,1.0,29949.432160529264,6.708055218446602,47.555555483123655,404.34480756951297,54.26361070157026
AGA1,11.789399392860858,3.19479997936176,1.3271224799683352,28.749643094161158,7.952256447048363,3.552709860468455,2.064439684499286,2.3559744273746945,2.755436570881526,normal,222.49403580024068,255.0,70.26543270999551,21.00270314598039,-1.3878501681155333,0.807164999514278,414.97758860319664,4394.048673847579,42068.52443826731,0.48702617328519854,0.19721704370638746,20136.931781329626,0.1273404934603817,17999.37812014275,1.0,32619.428132962705,0.8070059665302632,275.80283658787255,5017.0192394655705,44514.62000685166,0.5145461981046932,0.2019034767137286,19457.164426173345,0.13706171926042293,17594.67980051073,1.0,29403.77197670435,0.800202025270772,575.8610979649787,4273.629377662091,40415.53451845717,0.47675992779783394,0.1973580311441063,20117.77074952674,0.12699837504285233,17757.13509440911,1.0,35126.17427827733,0.8097858146827122,294.8466192316622,5014.116288597845,45014.34788249594,0.5162948443140795,0.20183644308091128,19553.159021072614,0.13799615237748813,17778.191936116367,1.0,28808.76904797673,7.459690884476534,47.71515911514142,455.37882190361034,55.174849999617955
AGB1,20.327759510225512,6.7281289303882,4.017095751721435,34.24169565785875,11.112902039642208,6.96465592087819,1.1171098166835396,1.2326395004183177,1.415089152184081,normal,206.7543691037736,255.0,80.76444020158888,11.606225958415099,-1.7920868680252648,0.8442755504282219,185.02825982164376,2704.685406121957,44549.3107977826,0.6115860849056604,0.14340591996453872,21810.48941009882,0.09745430079591406,19569.756227243462,1.0,34690.602705471196,0.8488866301496187,97.21494411798594,2961.1583419748818,47269.93346007605,0.6396668632075472,0.14595868176625917,21463.569334024658,0.10324007893667243,19594.21479447127,1.0,30975.75795022468,0.8384156430297686,222.98444039059984,2629.773933438597,43078.69073934972,0.6009820902122641,0.1424386664779943,21919.238575567582,0.0954615402884529,19486.51543821944,1.0,36042.33124338908,0.8460586468991764,90.07586516073985,2938.839477071252,46725.88116964815,0.6370596255896226,0.1452150241384747,21475.469334335998,0.1019669821457315,19549.91783562995,1.0,31299.652344936298,8.758183962264152,69.78908148078811,483.8459003530796,78.54726544305227
AGM1,2.9536636084638355,0.22518199563131955,0.260103346294153,16.06440150539745,1.2094591177519327,1.628897692177688,5.34284252967908,7.002652231811971,6.988000311911322,normal,240.48250463179141,255.0,49.54829673496691,58.88189058449094,-0.8789905803944653,0.7391925121580482,1566.364442160704,2105.947652386152,7898.943862804291,0.15435636104060912,0.3008266275708313,13503.682445886056,0.18561901933194613,12786.577610479175,1.0,16848.649046181516,0.7277572327487143,642.0119883541703,2651.739510190101,8639.16475423874,0.17366949555837563,0.29996781023029817,12186.053947593766,0.19901796052528467,11696.462922340746,1.0,14672.911514528743,0.7360534071032035,1136.874944874945,2183.303408303408,7988.531657531657,0.1573703204314721,0.29990362387457714,13272.175518175518,0.18644768574007275,12596.854281599646,1.0,16540.45467145467,0.725278856735823,674.3779364348227,2606.2915707047446,8500.564256103178,0.17219225888324874,0.30008394928219323,12368.479732842008,0.19855855481560253,11896.256515102412,1.0,14476.727602487334,6.422743225534351,17.404464621993668,494.34437086092714,23.82720784752802
AGO1,3.522398793325097,0.5994313343779155,0.3282643748682813,16.736808201841114,2.8554032909533826,1.7983670352519001,4.657302734066722,6.035273596274659,6.468925316342904,normal,237.62514077473918,255.0,54.18797027550528,47.072335711481735,-0.9619215743045548,0.7755576608162648,1405.3317897134182,2953.040083507307,14788.980110077813,0.2066469001004016,0.27804795118531456,12583.799924084267,0.17509303683333463,12138.188954559519,1.0,14781.558322262288,0.7693006510330758,623.0478712284859,3502.8963835272802,15906.589366594662,0.22513491465863453,0.2781194279746695,11740.345550832695,0.18744621912180448,11450.67067700165,1.0,13060.131976865723,0.7736413796400003,1067.208796243271,2911.766464322529,14619.493719696102,0.2054546310240964,0.27773369542654536,12693.273317298515,0.17490967809097235,12257.236001208687,1.0,14692.333142442638,0.7635281552999691,564.9592538046146,3477.480398344905,15549.440563854409,0.22369164156626506,0.278098534720893,11732.51967178624,0.1855270694764162,11376.989003887757,1.0,13311.841643874044,6.493954654597225,19.220114011707704,252.57544378698225,25.71406866630493
AGV1,22.71868348880339,8.699376325597914,2.3629425337599597,34.75223536891524,13.196649213368998,4.1959833157910955,0.9070856941932839,1.0654428839345127,1.6370433186308435,normal,200.38362401201908,255.0,84.49331088436195,9.506712844688755,-1.939196443469799,0.8637835684352616,150.60030336376886,2764.4426434286056,47464.11694375874,0.6485918209876543,0.12804385692027032,21735.735835588734,0.08969679269173339,19844.019667958775,1.0,31776.993233798294,0.86588096267814,68.7389943428194,2953.1955604054792,49521.48304281653,0.6717399691358025,0.1306598437999318,21393.15960715619,0.09406628632344956,19766.193564611556,1.0,29373.199709961806,0.8618720965715473,192.51169130753905,2736.4395961593195,46877.21135727018,0.643894675925926,0.12770881065316916,21790.323147440795,0.08861180880224001,19852.286905608293,1.0,32461.709417456823,0.867344884242362,69.68826926107951,2955.069063346277,49827.01424252411,0.6731385030864198,0.13052457227626366,21443.335759625166,0.0938853570021612,19869.08083023823,1.0,29017.956341075496,8.097413286302174,74.50124076536414,469.9087440070448,82.59865405166632
AGW1,2.7577477560575963,0.07706434365822055,0.18042634903225963,15.87058776488284,0.5841828211440344,1.2688654527280177,5.642022540481173,8.156374430257847,8.284846658523666,normal,244.3629477298669,255.0,43.40135712614781,83.20320611883623,-0.7352571192105403,0.7554113726189455,2349.458538184202,2293.15765322845,9738.94143996504,0.1413197875494071,0.2807768164743736,17980.659565169888,0.1834544358256861,17087.4488663335,1.0,22271.193051458537,0.7298984528725948,1388.0053760714104,2749.7821676725666,9791.35512501902,0.15221251235177866,0.2812062057634571,16661.60840898717,0.19220496935514028,15809.91465094351,1.0,20707.716082568342,0.7414808472631232,3262.0661205043284,2006.1190517692173,8802.130788449247,0.13286653903162055,0.2686186956175185,18909.450932543143,0.16574433303732652,17853.27562567396,1.0,24381.278600894777,0.729566714803427,1167.2292382299454,2766.305213174379,9826.854314002829,0.1528223814229249,0.2816248110981389,16653.81314406951,0.19436051978246027,15829.277686369618,1.0,20424.9234188725,5.028262284566114,16.786434589426218,213.51298778318113,21.814696873992332
AGX1,14.644532544771572,3.816710926495324,0.20917895855128035,31.26872704958363,7.979579348902767,1.007202107432738,1.7151252782916395,2.0580134596001063,1.4744670818847223,normal,197.98118248303814,255.0,86.81184198095788,8.801147518403356,-1.9704276357643316,0.8304144789287079,73.71275106145924,11191.245611129512,86023.84963413533,0.8869925213675214,0.23401754330822988,15029.154461140053,0.1584409955500286,14203.952461021987,1.0,19011.22901924177,0.8278132074468781,40.809610206762414,12205.08421449877,88725.69363020807,0.9200787927350428,0.23940820485502298,14600.747610511571,0.16811368774906577,13865.145468172748,1.0,17992.487085513567,0.8202156551594643,96.65087470888172,10766.831093366758,81449.48697414948,0.8630008012820513,0.23254741277022725,15154.59580015939,0.1555353177174899,14132.897570305284,1.0,20352.73207833306,0.8279461363563962,38.78052584993543,12233.368559281455,88809.09628973983,0.9203659188034188,0.23970419269529822,14577.894423727092,0.16878173483713674,13830.3536420161,1.0,18032.390077919816,7.6127059652832845,55.80570382822678,244.89847079468544,63.418409793510065
AGY1,22.97930104413329,6.221261520181351,1.3008299615726389,36.83660538939509,9.821939612464579,2.742038571350036,0.9972828955067911,1.1118395206384544,2.026943670969094,normal,206.5245400705645,255.0,81.12190766194576,11.51781132019919,-1.792689348410453,0.8564577881456248,269.1661823942068,4264.0461009278115,76488.27026023988,0.74920654296875,0.12444500150868171,27076.79314777099,0.08530076324119766,24503.341786254743,1.0,41291.86303688617,0.8611371613157383,137.17786223609198,4593.051325859935,80534.26072630276,0.7779812282986112,0.12789240535433347,26660.72723548179,0.09131551186630787,24446.29688542507,1.0,37726.73999721055,0.85361341186524,346.9274747474748,4184.875941230487,74785.89990817264,0.738525390625,0.12423326142261545,27122.028209366392,0.08505403448357972,24350.925783655715,1.0,43068.116776859504,0.8616708101728383,125.69697761291502,4587.470886340482,80743.43804150014,0.7788289388020834,0.12721569509447767,26698.340621544194,0.09040735144674741,24525.025163710376,1.0,37494.73584807084,7.172704553091398,78.12424384366055,477.1275507033208,85.29694839675194
AHA1,8.291838138815843,0.5671567345894822,0.5624917262370766,26.39976444298473,2.2093063378388558,1.9944315409924995,2.8950909613915994,4.681645695992664,3.854903518500388,normal,235.9054713175329,255.0,55.83417743564548,41.90301870899028,-1.0259591647683244,0.8201615763772758,1565.686373117696,2007.8607023459153,22104.9399948567,0.26089128101145037,0.1862737695786746,28291.410463754037,0.12219561663018953,25902.40014441053,1.0,43708.77169471669,0.8123254381103066,722.1792133927135,2360.3347105220796,23159.175081826474,0.2778655772900763,0.18929926569163213,27253.88367226485,0.1305853231381697,25290.874668760727,1.0,38328.14618769115,0.8132254282752102,1242.3398197577635,2005.8525342976866,21615.008438091958,0.2597358062977099,0.18604640436337413,28226.089346191377,0.12157881497331235,25731.614740258916,1.0,45096.409362263934,0.8164607802477808,791.6019010493152,2370.527995087176,23530.43235521854,0.2791999642175573,0.18905741947192278,27263.250020025098,0.13070899652411283,25414.121082862737,1.0,37879.27960377006,5.174468344085273,38.196586970994005,449.2782494729044,43.371055315079275
AHD1,8.704941038016434,1.7376422063445855,-0.8512354726366022,26.353757135469053,5.90868357232759,3.1192810029892795,2.743238920729026,3.945787513463394,-4.274817873018049,normal,228.01334149326806,255.0,65.29775835200314,27.148617710225036,-1.239858420311487,0.7949657939510852,651.9926475593982,5547.861515419701,43368.50420042208,0.4765689887873754,0.22344020010669813,20527.441146436107,0.14064558173769295,18882.491652811546,1.0,31137.99778065219,0.8000772749175603,346.2898449049134,6800.456089799804,47894.057152163565,0.5179479858803987,0.23235109238723503,19371.60981934805,0.158316207860204,18046.71705372206,1.0,26557.045513768135,0.8013068687178614,722.8734240368927,5713.379309879856,44531.897048313804,0.48121496054817275,0.22583485496870107,20328.091058642683,0.1434205014049554,18685.880946443565,1.0,30562.653591510363,0.7987465961840339,405.7536295534112,6751.087184570791,47643.98224436274,0.5171109323089701,0.231354980508067,19450.897908222803,0.1563089590637784,18159.95221149571,1.0,26498.392543887167,7.091158127877834,39.15500715519459,613.6424661390723,46.24616528307242
AHQ1,8.570378214336056,0.42771470227449204,0.16500971717073867,27.04447747836211,1.6851173640302557,0.6290377142033934,2.8742094685077775,5.295394754043247,3.593568977302215,normal,225.89706894179167,255.0,68.04764227258119,24.594657423290677,-1.2830539054518395,0.7834402039903232,524.5581545170722,4310.95326824917,23101.345359036623,0.30552022771317827,0.26554923011056203,20353.191510976758,0.16941522861963632,19074.64617290643,1.0,27929.802145795133,0.7729826297943106,233.86311662855277,4985.368927054651,23873.300088673168,0.3244155765503876,0.27216908747814644,19282.62969617772,0.1815687919561677,18129.39111615669,1.0,25789.950039669577,0.7786110448532984,428.64980870094,4072.785441001343,22302.486558390556,0.2987751332364341,0.25906885170903626,20727.273392961208,0.16203676927275845,19388.082765577863,1.0,28964.992094661364,0.7750629491833939,239.29277956462965,4994.928355008624,24035.800261035754,0.32480922965116277,0.27346036454673156,19273.208968442643,0.18408063892322737,18132.41553655533,1.0,25874.74574651564,7.282853997523049,39.316102668239054,452.47665056360705,46.5989566657621
AHR1,13.847803110989073,2.977473284862995,1.3970469360286175,31.26715737658437,6.895892150543069,3.410139928093776,1.8456259695128796,2.2173492569026907,2.381156412189623,normal,219.11149993046115,255.0,72.43322828603443,18.406271577173268,-1.4864103500047243,0.7957028596184621,374.86770445953834,4196.451455266312,38420.529366567294,0.44362183682373474,0.20128113465616618,21165.40515413222,0.12946592065903517,18586.345521318643,1.0,37690.121630758826,0.7982985367085704,169.73798569606282,4897.287368677531,41571.846454830804,0.47564217931937175,0.2058678994403994,20405.227243410587,0.13990693742599192,18265.6494832923,1.0,32605.228031703715,0.7918445310450457,326.59014084507044,4194.519486147655,37767.6243925089,0.4404586605584642,0.202101171805995,21037.735102925242,0.129729517432413,18362.16669161649,1.0,39258.64137130475,0.8027614779319614,172.43708845243864,4884.630426726718,42319.2105128132,0.47830770069808026,0.20421714483216466,20526.33509592087,0.1391633124760004,18485.953475134458,1.0,31497.151292722556,7.367263803460792,54.37368291856642,453.4278481012658,61.74094672202722
AHS1,17.06236247829048,3.2044261842875725,0.45172724129399405,34.62391985631582,7.091853010492755,1.6885103295542843,1.556137637504764,2.0089423580799157,2.3072572856800146,normal,224.2789459302033,255.0,68.04778217053837,22.87906117374898,-1.354388920103448,0.8138825045688113,572.5693428495276,2555.2234430064855,41862.092634820976,0.4685696047957371,0.12493021053969372,31748.80207006841,0.08147013691388505,27448.789569410597,1.0,62832.247416116326,0.8269397596829974,494.6888295295697,2889.0156671695295,46449.584501681595,0.5013113343694494,0.12823317027411243,31243.316249844298,0.0892606424997168,27804.913802702376,1.0,52084.919560433475,0.8199351009834185,795.524088201484,2466.17181971545,42152.41606079155,0.46474661412078155,0.12352595680376297,32055.212292671276,0.08062521449121751,27749.842506554553,1.0,63597.62141140289,0.8271205329278366,352.21891936732663,2866.653854662095,46536.20819046566,0.5018317051509769,0.12674275377968777,31378.102574383363,0.0867474105327692,28013.51362801959,1.0,51351.46099712421,6.555709364954948,64.42747656635606,290.78736775117335,70.98318593131101
AHT1,3.685243490306086,0.13702052841672627,-0.00972805376956169,18.205035242980454,0.6375756660072099,0.34225592573252944,4.796492395535916,6.435151617690463,2.8588628272380587,normal,241.09926449607406,255.0,50.15170391392457,62.360806702440144,-0.8315212297343153,0.7767730192570095,1978.008093580111,3799.2902693787796,18449.350436747907,0.19707001155624038,0.26421695060094774,18869.660649929752,0.179279822792493,18004.335964413305,1.0,23372.76284283184,0.7685470406433259,1499.0693295540002,4326.514837739342,19109.212587493494,0.2080965909090909,0.27324877412176996,17915.886533233064,0.19528568249349537,17129.819688005722,1.0,22008.291982414532,0.793815957723806,2416.404233350542,3840.7882717361595,19434.461933250328,0.19819554121725733,0.26584897910796673,18697.878435421666,0.18411031116288065,17802.406965194205,1.0,23415.845759057367,0.7644108914223633,1136.2982802122908,4296.922450044953,18843.976305791595,0.20753683551617874,0.272333894313375,17998.830573359242,0.1923472205985673,17228.125703144076,1.0,21960.999129955628,5.056268903726531,20.81953642522993,472.98242651327246,25.87580532895646
AIB1,12.698381718292271,1.8271101228461524,-0.051868301611067,31.32095465805713,4.778048434901338,1.3764779284008462,2.0852038824366703,2.729674856458178,-0.8556319457304911,normal,222.27768595041323,255.0,70.7934419848502,21.120811368674012,-1.386667174196277,0.8055283448283922,461.09716522678184,5363.089632829374,44918.54667926566,0.5032608695652174,0.2102398017119999,23718.00133639309,0.13817153019129363,21285.313271517894,1.0,38404.68590712743,0.8026510752364802,234.1974490641047,6105.491685885756,47332.88083740014,0.5331589673913043,0.21474685469997778,22962.05763178349,0.1482379218136072,20907.693144688845,1.0,34075.19035180489,0.7966670137557936,413.0611235522827,5245.18209295616,43127.024757168176,0.49447690217391305,0.20697404892922258,23696.033879676317,0.13396324440622812,21055.387204961877,1.0,40966.70627996758,0.801956706892368,225.27357719423725,6102.882165116992,47135.036400326964,0.5319021739130435,0.21527169630608636,22946.631884132014,0.14910181902230024,20838.41810164436,1.0,34347.94819658731,8.068595041322315,52.29461496381309,475.78177937841804,60.3632100051354
AID1,1.5733619949575322,0.27849608922751934,-0.013362090441228523,10.957514078880815,1.627243576982597,0.3265424494805505,7.059803324757622,7.729736329878529,-5.446722461304933,normal,242.65406668082395,255.0,46.857992296775926,72.04813555685632,-0.7904265236749497,0.7542689489819797,2193.1328710795774,3553.8506812867854,13138.438281061033,0.17490692689530685,0.2997767687339132,7343.368902684834,0.1967234876689288,7158.9524765410715,1.0,8128.503990969926,0.737779275573671,1216.517768010132,4131.256723534232,13618.205319228191,0.18929095216606498,0.30234219097486176,6836.858489160396,0.2067633960792928,6706.227013472739,1.0,7411.358638158385,0.7616914397697914,2228.0967871809326,3528.194701666801,13437.320718254288,0.17513255866425992,0.2992314056223138,7364.977212335937,0.19707077527725378,7203.897721162542,1.0,8057.026250100652,0.7379175634933356,1164.7397575173334,4189.385080271402,13685.868562530124,0.19017232626353792,0.30402474957612163,6814.815320158689,0.2095649516669187,6691.78438452242,1.0,7354.689852063328,5.591898492248885,10.23019208161404,632.9974969871143,15.822090573862926
AIF1,24.071237341687496,4.236497494419769,-1.5305394345036,39.79750689470745,7.622635896834959,2.809567988243626,1.0619351814962166,1.5231281166975832,-1.7298793621544248,normal,218.51430923357154,255.0,71.94977863825247,17.90581118359869,-1.5212982495694847,0.7679222202135713,306.09273048054786,2976.3707125983074,36647.28677372088,0.4758794398907104,0.14713512785639626,31905.14917317066,0.09346296252314983,25654.36720192592,1.0,131658.76865225323,0.7785026194407166,158.3633167061902,3413.8389075149234,41385.49622482078,0.5220713797814208,0.14911135615230728,31719.695368931774,0.10017101603798237,26125.12756382422,1.0,90661.43188322839,0.7622932230693148,372.59232735007424,2906.541110039939,35259.52138517804,0.4649718237704918,0.1477536892342201,31773.400679428913,0.09228538348159981,25287.660338648788,1.0,143290.24565027773,0.7802172456917161,187.81180332353142,3376.6992682760037,41438.40767284415,0.5202285405282332,0.1480919170500571,31776.879067222868,0.09909139249558428,26260.542576993634,1.0,92617.97886890515,9.016170134510299,83.79541194783138,480.98339563592106,92.81158208234169
AIH1,4.2738165117103115,0.18434820938594115,0.18573818481752727,19.575392841617145,0.9785811317425677,0.9844212574447723,4.4136191117078045,7.069530730070797,6.263839706916864,normal,238.6060699317096,255.0,52.91907221149762,50.98714368992851,-0.9293774087404642,0.7692289496709023,1408.2358188050569,3213.841325421105,14957.797316722568,0.2308942674291939,0.2795360843244192,17958.64199624046,0.1804985417265954,17009.302105083385,1.0,23657.74398289779,0.755965291461703,800.7268442622951,3798.055054644809,15604.24480874317,0.24918300653594772,0.2825195627860393,16769.594398907106,0.19303043409693402,15923.846661731393,1.0,21216.465095628417,0.7660737494691616,1672.6018452803407,3150.557954503007,14638.890852041388,0.22783054193899782,0.2767472223137854,17897.200029883083,0.17814663635673908,16767.080442701852,1.0,24893.72649508797,0.759577109549051,777.22960950764,3843.8322580645163,15858.529575551782,0.25062976579520696,0.28439414194067564,16672.816162988114,0.19680949916058776,15844.864563858007,1.0,21143.56699490662,5.580439051554852,23.32938288812875,455.25031289111394,28.909821939683603
AIL1,4.746659841469121,0.22454013753910243,0.23101296547942518,20.553510956393538,1.194064867780774,1.2933608893197883,4.138653334370312,6.668501622044195,6.827438335966183,normal,241.0065451597428,255.0,48.86536183656947,61.092253972222125,-0.8591027047169971,0.7806000836233992,2543.23015239236,2686.3419178811473,17089.052305849473,0.19340764003294894,0.23987239559573487,22526.32092233979,0.15047601501683353,20768.23380025837,1.0,35661.38850069874,0.7747560033260082,1111.2247756821096,3312.5854849539155,18392.585423915032,0.2108602759472817,0.246902556329378,21049.156656290055,0.16674071222503095,19646.843701389364,1.0,31017.761948361105,0.7841974500313905,2362.1951582991123,2741.136971784342,17340.51344548947,0.19432145799011533,0.2433865623302428,22374.051596237914,0.15490964133183974,20675.526981551116,1.0,36966.05172870579,0.7748877504151878,1081.8521523482946,3289.267466780969,18345.991917212665,0.21019100082372322,0.24795385554363691,21103.7498316086,0.16827115142463722,19668.789822437648,1.0,30751.38944338987,4.251159348607852,25.24512582439734,453.93513366806894,29.496285173005194
AIO1,22.559980243666526,5.754011040244125,-2.4301816622802943,37.124143355228284,9.570438820031756,4.189499100321342,1.0513894884694497,1.2634022713763486,-1.3782129049724745,normal,214.72764394701176,255.0,75.0317677166905,15.445875262089505,-1.6102122052508898,0.7856274518843545,356.65584614101886,3067.5562380145075,41343.38192379312,0.5511964214589907,0.1429354742703974,27500.576526500095,0.09297234587987574,22494.148351985303,1.0,85443.02163641922,0.8030826566662701,144.82465462274178,3503.2356915135874,47633.383482617275,0.6054413431784063,0.14318629490641474,27391.676382774152,0.0989914432116887,23261.870650755587,1.0,60544.117314407165,0.7795736090889375,287.5216247026867,3011.581256245338,40154.56522595809,0.5442338919697295,0.1407286459838206,27542.58487326362,0.09092047329356998,22294.259707028923,1.0,86606.89953978016,0.7991357110363312,149.80548514069525,3465.8011158809218,46796.58679286142,0.6012975274977788,0.1427670876692179,27424.163191215623,0.09774189724979454,23174.049844546218,1.0,61262.90158337898,9.095072793249683,78.07291207332253,563.6631599173751,87.16798486657221
AJA1,10.336819658393004,1.0718637256417076,0.3011628938669785,28.922670143969274,3.3513198604623886,1.901693227027718,2.4696125763887333,3.571649429454773,4.248612429582813,abnormal,226.51026861799735,255.0,66.41976930879085,25.344686051469168,-1.286803538095033,0.7983606008847636,575.2456913392664,3630.7580204037336,27440.56474929455,0.4008038697104677,0.22667108910513425,22991.397894508358,0.14357046403609558,21120.371005969177,1.0,37195.52537443022,0.795658407962403,323.10655971916077,4192.5770675157155,29052.89019511797,0.4262597438752784,0.23082614591315048,22122.57078128827,0.1546700765263229,20602.832398510378,1.0,32689.205445342475,0.8025201588583667,618.677566107478,3529.4551081559894,27552.228188359833,0.39776760857461024,0.22348550385020816,23243.80389755255,0.14253477012285415,21396.07023576898,1.0,36861.23326261455,0.7960252772193909,283.8214628175048,4207.098296439865,29088.1889829644,0.4264250417594655,0.23075633526233197,22020.560012241152,0.1547459065932676,20430.903424991884,1.0,32466.647026420484,6.987868702458938,44.92225518537838,607.0245580506449,51.91012388783732
AJC1,26.500226188731467,5.5335011164568,2.799222373037322,39.458423189640314,8.516512185592838,4.3461642275079155,0.8318944782085392,1.0597680229088975,1.1233260479915999,normal,211.81048505892255,255.0,76.47488289030213,14.054468910680026,-1.6942627425672474,0.795612222700754,341.69430544513557,2269.206830971644,37808.667898174564,0.4745871803977273,0.11759314736022085,31129.66820994871,0.07684405492044195,25454.34176668678,1.0,84542.85120578653,0.8134209505519144,184.69645083176914,2559.0009743376654,43151.24865670359,0.5163278290719697,0.11878996295232103,31059.49484890602,0.0816734604470595,26378.86863600636,1.0,63198.31365075726,0.7977697280348831,339.69072323418646,2289.1079086926447,38556.417477519026,0.4812899502840909,0.11699843374753864,31302.36891860733,0.07658774337685328,25732.322971783717,1.0,78566.81740066098,0.8152079254628661,260.9648298774201,2545.0602875472564,43375.22001374728,0.5166311553030303,0.11754862111807217,31148.099667774088,0.08046948710946211,26507.45076488411,1.0,63110.93163592622,7.061542508417508,87.23200868362626,566.6146685925212,94.29355119204376
AJE1,10.585601445353792,1.319145383613776,0.9205790267844628,28.75762628911821,3.7898502118967112,2.7161779102186645,2.381309248037521,3.0893294356686627,3.1047060693299033,normal,223.52496144167546,255.0,70.00748198760182,22.151636790992523,-1.3487860582058375,0.7997021351386397,354.2619669043455,2795.9944302435088,22230.161899636754,0.37416438466494845,0.21916535570846826,21592.105959908517,0.13771823641141887,20049.952313452,1.0,29374.041409928697,0.7997806854108835,162.85252344352412,3375.0898937890206,24138.847523816632,0.4047499194587629,0.22593676238794033,20461.7561873492,0.1527146888746682,19347.56283645787,1.0,25911.897644454395,0.7986887083417407,394.5915893364802,2820.8265837043396,22246.38604301883,0.3753825708762887,0.21875158194205774,21525.917583007027,0.1376972512024502,19988.33003554808,1.0,29276.722550018774,0.7918272873403717,190.35267924910187,3272.848707180084,23208.298436472196,0.39793411726804123,0.22363441123539368,20569.0095127258,0.14848972647312003,19248.401692960833,1.0,26776.062667611193,7.603647482209054,45.20906045688213,501.9583005982958,52.81270793909118
AJG1,4.437615992989519,0.41070919144139173,-0.2146327906144486,19.80101407280299,2.024491517282328,1.0290161390706307,4.285768627680025,6.087333900980604,-6.128541484034684,normal,239.51606889743152,255.0,51.40024314331706,54.511198453242066,-0.9037271123054013,0.7644081488907305,2405.1414621035656,4674.39585199785,24275.059263572835,0.28039590032154343,0.26207341784161986,19217.389983873858,0.16256727799942242,17744.68864920445,1.0,28259.83947769217,0.7595070208133025,1098.1235235112285,5656.838768449712,26265.651763598027,0.30677878818327975,0.2675518053246876,18090.87881021106,0.17526613754030643,17018.246001414365,1.0,24091.1271264509,0.7616240237553816,2290.874436692211,4491.583415303671,23602.5059819284,0.27453652532154343,0.2596223027060691,19363.799405238475,0.16029531928298144,17825.713574591522,1.0,31156.912570056043,0.758606938970279,1056.1379736154274,5624.113750025726,26058.190969149397,0.30514595056270094,0.2675502042747716,18081.046389100415,0.17666665152241506,16939.023288638644,1.0,24398.85873345819,4.643925146018211,23.986543572792755,560.9243406830956,28.630468718810967
AJL1,18.0433919964883,3.5085549711514443,0.09779347791126988,35.30504052276506,6.810488965244415,2.051735512793084,1.4645859484693173,1.6946322931626996,0.0064858796499971255,normal,212.04446810854478,255.0,77.87251044764085,14.01746783919712,-1.6548406483056908,0.8333669095870728,273.490535322687,4096.5854377161,48497.95938328243,0.6023810295643154,0.17237924127334006,26026.152349688546,0.11286152547910952,23691.24425571351,1.0,39052.035463950815,0.8324670896204779,127.13903450035075,4695.219654358778,51122.67035265608,0.6354139652489627,0.18057805935315577,25023.098054970986,0.12499361721963749,22953.577018172327,1.0,35632.014667431926,0.8288134769749514,371.8853573644875,4142.550252273157,47773.407603270105,0.6007358661825726,0.17476280039281836,25847.425316353238,0.11453714605575106,23376.85762816343,1.0,39783.163640288156,0.8344093796784324,138.4506130356096,4672.501465677653,51412.71841146032,0.6358759076763485,0.1798421706181382,25122.036412530906,0.12474070593474398,23095.951234375945,1.0,35145.597512171495,7.540906253442515,67.22223799960878,464.08237137466824,74.7631442530513
AJN1,8.772204013658843,0.5601138386987214,-0.043943125988840995,27.46394861419973,2.146154116971811,0.5732230033435892,2.833325892987934,4.566036937180106,-3.8052877018505162,normal,233.90235749992604,255.0,58.72260245567001,37.725501916787586,-1.0778290616122137,0.7691700727597194,871.2506613008976,3438.5738735276163,24361.414550880603,0.24403579625706215,0.2157915858849504,26809.111460288033,0.1294218607187129,24048.992677984512,1.0,71262.07772829011,0.7754228021825856,502.44219337619796,4454.220348578592,27787.52885276396,0.2728747351694915,0.22695839859921135,25017.12976667071,0.15066091683574817,22908.77050419018,1.0,53769.69574184156,0.7789285404396387,1034.2410356832029,3752.7424281984336,26011.582027850305,0.2535752118644068,0.21940034023708216,26079.36956048738,0.13664786112804178,23580.880019021002,1.0,69649.63507397738,0.7753430203025246,555.9041040392173,4429.672244054613,27716.062067009683,0.2723671433615819,0.22641026241735235,25025.55112830693,0.14999818119435013,22871.21609021532,1.0,52306.54012883361,6.511987162421984,40.29598942699552,650.7633998882284,46.8079765894175
AJP1,14.388700027783774,3.187362597959163,-1.313873940609065,31.282427175216537,7.203763874771345,3.0957137586395898,1.7404492870909443,2.2039159396771697,-2.247801145606586,abnormal,218.1523874732079,255.0,73.78840390377206,17.6420873605506,-1.4981058233016655,0.8217409522797614,350.9175969638064,6187.165731741183,68421.58609645469,0.6558004006556183,0.18654124801400884,20880.331167268352,0.1223418661484984,18896.109422272137,1.0,120476.34154401555,0.8252448583859452,222.7805667875975,6975.698483890798,74011.71401729975,0.7011048382201178,0.18963797639617325,20622.970578303448,0.1318005543107863,18845.40627438903,1.0,38244.4279306971,0.8207475219831708,575.6714955379756,6128.4006428262255,68622.15100890562,0.6591574090936684,0.18573883030092686,21149.28480517208,0.12251415329398453,18972.83426777335,1.0,44599.18665905344,0.8238634001927142,197.64840870152122,6992.956613536853,73781.54687364795,0.701547987616099,0.18955809741882373,20615.93765467352,0.1313204927187491,18814.621380274122,1.0,37906.201036637074,7.0940781354868045,55.68834121078175,597.5180365535247,62.782419346268554
AJW1,10.655020427621235,1.3736552375546012,0.5356195727235804,28.864729878644788,4.221603147189334,1.7631068891781863,2.3796190093567384,3.518562332933995,4.0722457730764505,normal,221.9364320308459,255.0,71.28473247643375,20.66580356426572,-1.3914719247947527,0.8070057692846571,374.2529301370348,4504.130979781169,34442.49318366913,0.43261335784313726,0.2283613839990682,20668.10089940158,0.148360855240013,19252.256432826623,1.0,28459.644523919123,0.8082838915965376,194.36578846888125,5222.919551106463,36937.59172933579,0.46137408088235293,0.2357197640895104,19864.871656955027,0.16203789522024054,18807.685600769673,1.0,25146.01447615253,0.8143125701171543,543.3521111855797,4493.721083636107,35239.740625771636,0.43426776960784313,0.2285414893434685,20817.27300786624,0.14903627365413272,19531.73420388629,1.0,27507.93848107517,0.8101272397441425,195.73513773169236,5262.538420764937,37197.16428417618,0.46240042892156863,0.2364212765153084,19777.138029848767,0.16334958235762626,18696.71855283765,1.0,25179.354590780342,7.463549160671463,45.388060095358334,288.3931013975616,52.851609256029796
AJZ1,9.949447708031233,2.2277399058194765,0.9315800245526282,26.816179218879128,5.935690827309769,2.7883155136652307,2.385443518490714,2.8522813662282265,3.393180344115779,normal,214.42106708304135,255.0,76.64151379360946,15.304279037896208,-1.5883924093501742,0.8195335685482448,327.5450533966182,7202.22911104519,50933.17764263819,0.6333291583166333,0.24846122257598177,14581.704761198458,0.16424032892039947,13838.918290456504,1.0,18074.41085731237,0.8181602477088675,134.6175238005799,8036.313956354843,53537.18859685163,0.6668571518036072,0.25239903021193333,14030.013981006492,0.17369599988433285,13430.263607211959,1.0,16673.422846208927,0.8177896144657125,258.7329125270785,7103.2703617937805,50335.186997335724,0.6287731713426854,0.24743667358448956,14686.265742884889,0.16340579462564445,13935.634588463192,1.0,18186.52665521277,0.8194077320244386,135.92336439811496,8005.557144703906,53658.25282344784,0.6661056487975952,0.2518392070933154,14033.817136947504,0.17421618206356693,13426.675855726244,1.0,16720.55345453691,6.78428431505137,41.83439312016549,477.44054820921895,48.61867743521686
AKB1,1.0743568779943453,0.16164065433504846,0.05409892501031545,9.522760656497317,1.2018046230271984,0.578915422592344,9.023759564768124,9.86038214344518,13.959657668027473,normal,246.53985159197538,255.0,38.31368530070117,108.15749152846548,-0.662438108599524,0.7310042850519213,3200.32297415045,1607.8335753703166,5135.132249007648,0.09784029553850526,0.31590347172797206,7830.142124116565,0.2031118860118686,7606.788743750842,1.0,8823.917804240487,0.7018665736378777,1570.8441681775016,1979.132608132608,5310.911421911422,0.10971867007672634,0.3103814992208126,7099.909004575671,0.20679241390615885,6979.957124686028,1.0,7604.286195286195,0.7287652751437725,3506.236808738906,1570.1268896908223,5062.278845216034,0.09712039405134035,0.3137890874534958,7993.304593777431,0.1968221082150865,7837.110847465695,1.0,8646.125524236808,0.7096947492759967,1474.9631411633302,1993.9954463441877,5467.855228112381,0.11024912380411102,0.30916932588336843,7079.851705472979,0.2116837108164921,6967.803966059299,1.0,7528.891399604777,4.827277283548428,7.96666548413742,458.6839775745057,12.793942767685849
AKJ1,16.324570859620717,4.563155676647081,-2.4671883299958863,33.9655020450118,9.842435340372079,5.346617912305947,1.611695648111587,1.8656375702659427,-1.8473130311332404,normal,233.1403085201372,255.0,57.21937139238195,36.04448106226269,-1.1460991766211435,0.7208276198714084,1802.8555506018724,813.0795066131669,12938.826645861198,0.20258309248554912,0.1037194624783575,34545.72343587457,0.06543716252104537,25087.962543319172,1.0,172274.81754346855,0.7639309023352574,601.3176995039869,986.2264079864382,17269.970992653984,0.2397489161849711,0.09843663142777509,35054.52793997614,0.06692746285627398,27902.403571922936,1.0,99391.34830790482,0.7484516820730843,1029.386159097962,847.6685976345643,15053.689355539464,0.2182758309248555,0.09877568562569376,35306.319161408224,0.06347643348707278,26904.127918493366,1.0,131864.40202061998,0.7658782579364075,701.1201226571545,982.1036014894083,17418.323195344034,0.24053919797687862,0.09670420674405318,35187.28696141932,0.06599134301208086,28065.673135254183,1.0,96424.96320285366,4.647845293481836,62.912456808876456,505.4260666277031,67.56030210235829
AKZ1,26.8449733991358,6.8840500380508605,0.10582449471691223,38.87718589068692,9.650199041083422,2.1956654896535373,0.7843804397649013,0.9616531140842925,-0.02606958037779816,normal,189.04233816003676,249.0,89.09626404366159,6.671266367683577,-2.0188611436248665,0.884914694873429,107.32689823242704,5467.109930119208,101466.88817605261,0.9658008166969148,0.14452699472534578,24936.92600123319,0.10324787471404069,23523.809457321717,1.0,31525.8179429209,0.8843439187899345,54.446159811580884,5766.634894875919,103746.26585477941,0.9872958257713249,0.14665787347336928,24605.236141429228,0.1071744337823689,23344.427634412452,1.0,30255.556094898897,0.8734228438569894,170.627024196866,5314.284086914246,96639.2639739706,0.9478150521778584,0.14270280164960525,25031.072366206663,0.10003576238956768,23341.927795803356,1.0,32989.20385953102,0.8867443399814207,71.21402243073598,5795.417251769623,104725.70266749691,0.9905214950090744,0.1471417016288637,24592.007908731095,0.10792470444924158,23385.32288691441,1.0,30029.016483083906,7.486664901116192,86.88393978692412,243.55655986343595,94.3706046880403
ALC1,17.379888341810382,1.1902435687734667,1.4563940112271465,36.14235306536083,3.1039592539592973,3.5757328807251754,1.6122247637609126,2.567197786188329,2.621220935707009,normal,223.6087528075539,255.0,68.94211069937145,22.126270736304775,-1.3659828604318731,0.8155711456529848,628.3696017274472,2955.177813099808,41527.80425263916,0.46768402154398564,0.14821213093395402,33760.66038867562,0.0939522337687475,29777.543019790985,1.0,71078.89671305183,0.8182465070967226,339.62433959858924,3379.0403393719635,44370.64748374669,0.49512595377019747,0.15275542141578283,32924.47910086259,0.10305830016707702,29440.997363825205,1.0,58294.1354088469,0.8112028892848252,684.7058246925303,2842.119633640165,40178.97512674028,0.45788683797127466,0.147068595136209,33971.245454963166,0.09337367633364994,29651.462740833013,1.0,73272.53021090197,0.8198439778537001,310.087376851655,3357.436033737331,44530.47905592175,0.4947332248653501,0.15225781208594127,32958.313969806506,0.1026228928386535,29516.28378946128,1.0,58832.13900347296,7.331193708074488,66.444129676876,471.07619047619045,73.7753233849505
ALF1,21.038521134401797,2.092842392591679,3.3069530207406768,38.01429889294064,4.907025259617766,6.9261771333683395,1.2691257017816175,2.395839806713988,1.9619089844409954,normal,220.25281444582814,255.0,71.35520359644256,18.78983560656119,-1.4608823380571587,0.8204269635449071,539.7132533072023,1888.1098726114649,41155.59397966683,0.46386363636363637,0.11015057059193277,35844.09725624694,0.07215608875407918,30905.622412751865,1.0,68942.84056528662,0.8286157398184162,305.7190789664472,2113.290113969202,44489.507177449756,0.4898153409090909,0.11242994097144923,35377.099280805036,0.07680011645183876,31233.755607750612,1.0,59352.02704231071,0.8030103647699276,741.5308191792215,1791.4311166554712,37581.22141189265,0.44407670454545456,0.11087600299141491,35821.19986885456,0.07055874465889968,29985.357327456673,1.0,78590.28105108275,0.8275444080060304,343.65621508683853,2111.2726890207628,44316.63761407989,0.48949573863636364,0.11277813534269862,35370.7589704154,0.07697045630572312,31168.613049574305,1.0,59134.05709435441,7.374425072644251,75.34232913290457,240.85393493132804,82.71675420554882
ALI1,24.428898807757925,8.005320941337507,3.7921237811516746,36.06677223180286,11.682015563362354,6.126184960316612,0.8150612317067109,0.9041067634625097,1.4206438688346694,normal,206.64747930297062,255.0,79.61881294730782,11.629009853984144,-1.8219005875795717,0.8249472790063378,254.7280494172805,3233.6622671066225,57335.03730738037,0.6774521315028902,0.11761777689812837,25030.319445833193,0.07821892565306025,21481.747848365336,1.0,49504.49098423491,0.8416550849089253,92.14949078438889,3578.882761264388,64355.50169393189,0.7264646555876686,0.11865934188615879,24814.800385408358,0.08284775546172707,22016.446869949257,1.0,40122.58438060111,0.830707458860736,247.37151021480653,3275.831198405921,59038.72193391578,0.6874548410404624,0.11748045651793444,25114.312378199655,0.07901070940155919,21660.602969003092,1.0,46249.14279927303,0.8439816988958783,128.67873569752658,3575.899172084466,64878.87416924206,0.7281806960500964,0.11821130424462417,24876.848928671097,0.08257960899396978,22129.24912035427,1.0,39546.08865207909,9.135734400474284,79.4039486801622,598.580330052542,88.53968308063648
ALU1,7.479275896030812,0.7840357772365139,0.7710250360943215,24.729020112647103,2.888659212184451,3.1789884267767006,3.0591852963639745,4.445901356160466,4.72549027004362,normal,226.1801139699229,255.0,67.19868509640204,24.883386812443575,-1.2866272303721094,0.7785105767448915,640.8994508294174,5614.5770065485285,29907.25088225858,0.43032906704781704,0.27215198296981613,16581.603823435053,0.16892698159618794,15522.878596257486,1.0,22366.96225631735,0.7769032012986428,227.02453483491885,6615.706945998881,32200.059212367094,0.4643970893970894,0.2772569781088885,15580.694022803582,0.1841067826905811,14715.091102632887,1.0,19990.15848838836,0.7722986035035249,424.77344062089827,5577.942456580875,29172.23920942,0.42691820426195426,0.2723722916862503,16570.48123418745,0.16889246015382078,15421.691060262236,1.0,22927.88021457513,0.7745572389174715,277.8903991711009,6576.232636144917,31856.872293345976,0.46243990384615385,0.27737906507832455,15590.722178318669,0.18349189096596674,14689.071289273963,1.0,20250.427392304584,7.611645942856134,34.75738557439235,554.8336594911937,42.36903151724849
AMC1,11.172448282125297,1.6644875854097005,0.7619248947559922,29.309288387606248,4.532756429099288,2.188475195074183,2.2625301235822337,2.7298626778886828,3.0350586020332733,normal,231.77798626636857,255.0,60.64354684190651,33.06373620915086,-1.148779133623381,0.8015608677511817,1110.664587973274,2876.749487750557,33676.29318485523,0.36177934199669964,0.1696247764375334,27038.08680623608,0.11141826915802976,23279.267225899177,1.0,54098.27935857461,0.805344667669913,490.88501266160205,3262.6374450219914,36473.74157003865,0.3869121287128713,0.1709018903986773,26631.657287085167,0.11776661001412977,23551.801089975597,1.0,44552.35180927629,0.7950026239263704,1195.276635750574,2756.3841731301186,32597.906004230623,0.35653233292079206,0.1661756823704123,27395.169694997378,0.10693045186792842,23493.33171374563,1.0,54623.55092115492,0.8065381076152461,556.6998955033256,3298.433893413392,36740.64832722387,0.38862030734323433,0.1726801971179708,26566.484648940936,0.1200830909379284,23503.89667026908,1.0,44131.12688881886,6.598760380070265,47.160314856793654,447.99104826814505,53.75907523686392
AMF1,32.38136207748345,1.7629599360363506,1.6069369143169725,44.87982276822031,2.957602580584801,2.443222243215371,0.6696216066845534,1.5788001868983765,1.203532444790841,normal,217.96268656716418,255.0,71.44563265588319,17.60486845092442,-1.5551956945174863,0.7164144555594003,417.3830875206018,1741.0145797236191,22471.170434856103,0.43600751768867924,0.09602049949084389,43276.258631618985,0.06076406217945855,31435.864938984883,1.0,186844.2780289904,0.7502827654662241,153.70556226204846,2054.2186089701922,28101.47614448881,0.49606611143867924,0.09421023198260939,43442.432017828956,0.06328338523996513,33636.37408033107,1.0,125118.48869904355,0.7147362945273714,441.43795435333897,1745.416610312764,22378.668131868133,0.43595224056603776,0.09576893210581561,43426.864285714284,0.060831006315157955,31295.79193125441,1.0,182915.8150887574,0.7404134534285716,180.2686274509804,2030.138536953243,26952.762405731522,0.4886497641509434,0.09474090093331662,43383.91595022624,0.06355665154878885,33091.88039619974,1.0,130161.82628205128,7.751983009480897,103.90964055088331,488.4586832555729,111.6616235603642
AMK1,9.043444092625428,0.43917175350137166,0.7856366171473913,27.5971422852883,1.7473555409829802,3.01204802851043,2.748812763998409,4.210753662461865,4.390681829596145,normal,231.97590589006728,255.0,61.46982158543183,33.37749604356665,-1.1236779373728991,0.8008090905394069,1015.5334865900384,3908.11,31320.29888888889,0.3444362331081081,0.21446909954424367,25597.090938697318,0.13934691042109287,23447.97960141861,1.0,38640.63590038314,0.7922445946691007,455.09180345788775,4476.448523383556,32268.384503270237,0.36217931798986486,0.21984785046336844,24643.17382353477,0.15008181676596852,22742.815389618732,1.0,35594.425586183024,0.7910909430741067,932.6255605381166,3591.752041960282,29191.04376201153,0.3296030405405405,0.20987712710063805,25988.393677930813,0.13246609728109407,23443.028627657695,1.0,43696.750560538116,0.7923189928976384,459.26889253785805,4452.1549352307975,32231.144353220214,0.3616580447635135,0.2194317127421758,24634.227239554824,0.14992553269514394,22688.14053736919,1.0,35598.453895274586,7.151670657999772,40.84449401329094,228.41104090455602,47.996164671290714
AMT1,13.543309436278603,3.203778061576378,0.8001778705882416,30.722774245499828,7.269758694971962,1.9471829093475495,1.8642450511167157,2.2899446034799475,2.773007342828246,normal,210.65929215680893,255.0,78.90538072400048,13.352967029076694,-1.6858435040680584,0.8173012690521635,259.15333030970584,7200.072199904972,57910.72007688653,0.6565052177858439,0.22733437807054138,17570.27753660749,0.1497072869094811,16174.25400305515,1.0,25691.850470821995,0.8161737541364794,103.33330246723048,8045.50661563471,60686.463608864746,0.6890454854809437,0.23222131178299216,17001.62961705455,0.15943591643491342,15775.719068359016,1.0,23480.553192583906,0.8096722367375553,173.3009893580728,7027.557209988225,55690.07671651975,0.6441909596188747,0.22674774121739305,17600.212585427053,0.1481607910431636,16040.406070148645,1.0,27341.1825965422,0.8187841885285846,116.11721976780026,7986.022130894894,61213.0114661461,0.6900096415607986,0.23110488889656264,17092.017897873215,0.15874838241995443,15919.334806296038,1.0,23066.356200554812,8.351385464480446,53.24916871601494,474.16619375760035,61.600554180495386
AMY1,24.085068025967,4.480029122237042,2.0395552058236337,38.6252380905157,7.335111746596584,3.8950113855287967,1.001955446757453,1.343408070283086,1.9445519996936869,normal,199.60662903225807,255.0,84.15028610619724,9.232885985967132,-1.9748015199081714,0.8374339021127601,129.8750441486317,3969.829750697244,54101.707961368425,0.6466497605846774,0.16410790747771475,25931.59839968822,0.1095616493665518,23394.065637242555,1.0,40694.70095848202,0.8388426911663598,58.4071637766724,4403.678722514062,57004.105550648506,0.6776398689516129,0.1684369985205297,25336.438020082747,0.11678351553629669,23170.1992973169,1.0,36695.343487053135,0.8336624882909873,130.84860239869386,3936.248499281865,53159.37291464627,0.6415464339717742,0.1644868045828093,25921.21383238605,0.10968537608383444,23277.358627924663,1.0,42024.22095235757,0.8424402177821954,68.19440070396443,4394.781863653205,57776.319261763616,0.6801915322580645,0.16748359425191725,25417.529108002964,0.1167580028119951,23357.746114595764,1.0,36148.933505464986,8.138655913978495,81.86034435502587,463.9252231830521,89.99900026900437
ANC1,20.03965187380865,4.100754303970921,-2.4740803037342105,37.45409868166708,8.260545787282114,5.004647930212298,1.3435923772261196,1.7402687363524383,-1.7736353071319688,normal,228.630874339478,255.0,63.01397893989815,28.05105286246053,-1.2553940936981223,0.7597256052254436,919.8447777995301,1390.0099353954581,21886.693373140173,0.31988977955911824,0.1015152173310242,37841.19261452623,0.06425696267712809,29575.56372199913,1.0,182068.5278729444,0.7773291106791723,377.66925769255545,1665.5338944836915,26198.073157114944,0.3645650676352705,0.10102801605822147,37568.31311331086,0.06819902602389602,30581.454652283708,1.0,104798.73992398703,0.7583155424216151,970.2455114124725,1430.904927896094,22349.45110304651,0.327874498997996,0.1021761920038241,37821.088028841565,0.06563413737993376,29531.96388028545,1.0,149191.48068474836,0.7734700953918231,450.6608284381479,1646.6424067035246,25765.465402557016,0.3624749498997996,0.1004799482349931,37635.3016154112,0.06801272845704964,30458.44840063357,1.0,104291.11932014512,6.355602245653535,73.85283377367452,619.0401579986834,80.20843601932805
ANP1,3.051707263898259,0.4020429627322433,0.13365446746358414,16.003537180528447,1.9434151128745334,0.7335451546570387,5.200354182430373,6.569669927012531,6.986162963769286,normal,232.14798475945648,255.0,61.11334818036027,34.01165917891905,-1.1217851379915416,0.7373134035991955,565.5398621091474,6699.533404544572,20763.844824237716,0.2873325892857143,0.3353623761910351,8582.062123713342,0.20762919145289138,8301.338774928267,1.0,9813.698120994368,0.727813417296094,271.32913681108954,7798.346771133284,22015.190004241165,0.3124930245535714,0.33806057196525835,7999.194959708922,0.22156636740674798,7817.559160384478,1.0,8794.627268465814,0.7317791739175356,615.7520525858862,6458.224953491256,20013.437851916162,0.28121512276785715,0.3331568956374911,8795.54126255736,0.2044177435863723,8530.876595293348,1.0,9985.875406176361,0.729073105332761,291.6864473125014,7756.504909745678,22058.22911400899,0.31185128348214286,0.3374773594570146,7989.271568210795,0.2231247013263829,7786.3083050688465,1.0,8856.782808061378,7.5768912963643045,17.556279954922676,562.4368986983587,25.13317125128698
ANS1,15.97276718459582,1.7537257612747887,0.00350407402008673,34.654565547063996,4.089857512269123,1.2718302489967304,1.7395197344287274,2.5823519310605274,-1.8268277020301866,normal,202.873606191788,255.0,84.38916256353482,10.244123315715449,-1.8530718480219703,0.8170291788389439,95.56199180031116,8927.930361353829,63928.10445307684,0.7560887192234849,0.2403298059271658,20639.250589536103,0.15819806446678594,19449.38070070406,1.0,26625.919010949227,0.8118229518413389,54.72037011075284,10017.82566475069,66086.45941399131,0.7915704900568182,0.24720858273298776,19822.199037338192,0.1699238712325722,18746.76422832587,1.0,25080.100014019346,0.8105098480272438,108.50303875660057,8642.969273687357,61714.63505031384,0.7425574100378788,0.2373131548295458,20782.855853342633,0.15428294123223352,19440.44709293281,1.0,27877.765637142573,0.8112126059157927,67.8500140594245,9962.119636329553,65784.79848158215,0.7893140388257576,0.2466942334965809,19871.435354766145,0.16947614774953706,18789.844308660344,1.0,25176.72592557878,7.759322117276663,62.01080692616392,552.0427062431378,69.77012904344059
ANV1,4.99188475557719,0.7447400604435179,0.7842663061756576,20.0175444826999,2.9793809448721382,3.4939387171122007,3.8373455177608657,4.867041922968261,4.809634475168655,normal,232.89744494947266,255.0,59.67900506634059,35.35020408057055,-1.1110718933379145,0.7784293729171742,935.6178860149588,5418.813519343588,28009.2514767252,0.36766929554079697,0.2770772442968886,13616.652682297441,0.17482943724341857,12839.319298656632,1.0,17486.041771667034,0.7742189095822586,405.8908819968334,6342.786681568408,30070.044686597746,0.3979260555028463,0.27885790832374957,12808.899189717798,0.18622440231407544,12216.148098103762,1.0,15500.385880599795,0.7756014253863455,838.1827189452612,5370.782338786323,27727.97134653105,0.3665574596774194,0.2751131741482514,13662.455543647504,0.17357284258204395,12891.255843869134,1.0,17619.285988716558,0.7737219010335208,428.66096164960754,6335.158733709939,30000.585062550104,0.3975702680265655,0.27887985013760686,12806.913809497175,0.18531133636292021,12213.954447952709,1.0,15585.759457091188,7.16872600503067,25.24533447597162,482.5221674876847,32.41406048100229
AOP1,16.143924220286785,2.018457287852164,-0.3799416647952174,35.01717430490182,5.281229734960494,1.6476300701234587,1.723905795750868,2.6879368540326425,-2.6334910832091407,normal,230.14983637024767,255.0,62.140323282543164,30.10043570067799,-1.1997119897540052,0.8031544317787899,1034.70659838818,1461.2143636668904,28689.853005372734,0.35117924528301886,0.11575948438942028,37275.94218015447,0.07244794326245439,31561.92163213837,1.0,150418.195202317,0.8219762143962309,579.1391302679788,1762.153095087376,33101.53776064146,0.3842202240566038,0.12042293829533378,36506.70577967045,0.08263351336165067,32082.915418401262,1.0,104364.8587788456,0.8110853605110316,1157.0964616244644,1484.927741775192,29705.363817056255,0.35597729952830187,0.11641735502912944,37288.629536843415,0.07482377221027986,31825.70905847848,1.0,158604.33066937202,0.8155581735170245,588.7232771495626,1718.8211688034603,32164.057586748648,0.3799896816037736,0.11851451755732384,36677.11854840274,0.07955563125553301,32068.295014484607,1.0,117975.99257132882,6.911866187224758,63.05579086614923,556.9535571851283,69.96765705337398
AOS1,3.847157135798937,0.5675513344132053,0.15945122327992994,17.8397913177322,2.8696635342210657,0.747658716678162,4.505443084980538,6.0344801988419405,5.414305952282742,normal,238.81742919389978,255.0,51.716434770942016,52.04162766683394,-0.9387289095492372,0.7522672231021494,1231.9494376004284,1022.2854847348688,4916.194643813605,0.11916615604575163,0.26227416102464485,15245.062667380826,0.15879408389220412,14245.033292885697,1.0,20335.06588109266,0.7270661059865046,446.19605985982196,1367.3305550293617,5202.243417313885,0.13477839052287582,0.2684586886115652,13628.009850350445,0.17741982567562767,12853.172360480246,1.0,17709.552756203826,0.748922469126218,826.7927688693699,1131.9537330201206,5122.972219385149,0.12498723447712418,0.2664366400563247,14686.033602287815,0.16838589232882822,13803.861369076398,1.0,18874.461852721888,0.7325877308204986,437.6630710064722,1375.4138448550793,5339.23768877216,0.13609323937908496,0.2660912842932353,13639.72835568896,0.17590194505167078,12966.159733321927,1.0,17204.5337210393,6.125149782135076,20.946704699568958,440.8809083707421,27.071854481704033
AOV1,3.213252811630873,0.1391710756670848,0.16612682654872804,17.0302205814537,0.8959475181216819,1.1525952190126214,5.173797534567037,8.434234974089525,8.671246755506482,normal,242.16746322865094,255.0,47.34949551169096,67.69860659365008,-0.8130521750657682,0.7460857956641584,2283.298174620629,2893.0339564548053,11767.84723993842,0.16568767490671643,0.28253641878455793,17020.927468660655,0.17852033353272254,15931.032922015833,1.0,23513.137233340665,0.7327091146271121,1055.7183619338505,3521.4868384037295,12430.370735039987,0.1813418260261194,0.28692457783296665,15858.70333159185,0.19271790805560202,14993.546127509608,1.0,20335.662058433467,0.7493940350274679,2323.4905037895674,2785.4668747213555,11713.52697280428,0.16346490205223882,0.27935589683252954,17397.98787338386,0.17415020959671698,16339.879480065534,1.0,23316.17445385644,0.7328707436831924,1043.093435860467,3546.9399255076296,12478.991429372421,0.18196857509328357,0.28679348085399015,15764.74432296047,0.19276410503234304,14886.114833994061,1.0,20372.3456686291,5.062940443063135,18.790883875368934,455.83154484713504,23.853824318432068
APB1,13.922094262899417,2.7687530626761303,0.6880028942000291,31.547129187863824,6.795145175751434,1.8816823207053721,1.8588539556886496,2.3705648666440466,2.985668310132073,normal,223.35920081368766,255.0,69.34711561083218,21.885807027525544,-1.3688009475639953,0.8442988641620042,566.122851474257,2332.1974777535506,34228.05953994539,0.3985079534068136,0.15458642015057344,25934.621427308623,0.1058557577464165,23681.698803044143,1.0,40539.13100359479,0.8409771384756477,382.19880896114944,2572.7573683713017,35317.16689668211,0.4140703281563126,0.15881761459754073,25366.370469798658,0.11252878288984998,23342.077985295466,1.0,36676.05709424331,0.8441008106393869,772.7763315022689,2240.5753522808695,33715.489809728526,0.3933178857715431,0.152943920327585,26270.603076984316,0.10323171441538195,23926.932020560613,1.0,40216.12773664517,0.8429393066088463,340.85713207831895,2557.266835175614,35585.78496246275,0.41500187875751504,0.15734765113748542,25481.878767872637,0.1108792980344748,23557.460524299902,1.0,36192.347681744446,6.722485171347721,54.70759673446845,459.4076913665838,61.430081905816174
APF1,8.471752197242798,1.9659708082460035,1.2787414431133668,25.07629351013232,5.893207090312477,4.05022321710409,2.6724048920612837,3.0935527833485095,3.254757646372019,normal,228.14613145603465,255.0,64.9781218648756,27.293303906895883,-1.2398266265594267,0.8108331700810768,512.8370106324135,2331.8784954827606,20056.892999815624,0.32181566455696203,0.21346585284246297,18022.263413434946,0.13930086141116607,16640.618133208947,1.0,25301.507098518836,0.8047487963195973,345.4362529492296,2671.188109871545,20873.425271620403,0.3395075158227848,0.21681487114817236,17287.28236870467,0.14814172014812035,16092.196163164663,1.0,23371.46742011593,0.8032864860871699,834.4976513820098,2152.596165521649,18887.444479948874,0.3094837816455696,0.20986549020596618,18381.47707301486,0.1340724391368882,16773.433393767984,1.0,27488.89004633328,0.8065503411100376,342.0111592223417,2676.8347621400135,21028.183807503414,0.34029865506329116,0.2174968101656727,17318.674377379328,0.14930867637977616,16157.498671797397,1.0,23078.13042341112,6.042902592567522,37.254857808667694,241.6083231334149,43.297760401235216
API1,27.945044662127213,3.678893830736537,0.6303695184021619,41.8640560528935,6.060868106505678,2.3024405891912507,0.8423561544612126,1.3071344759195247,2.013928420715292,normal,212.86158985222045,255.0,75.45137020252466,14.44615840118566,-1.67545307797616,0.7756236833612767,188.16155770451405,2046.7109733786358,29942.51211589441,0.4733986142533937,0.12895672305446754,35092.66333121756,0.08065679719148526,28649.84862291195,1.0,112920.34772056901,0.7971138772890957,115.66281058925154,2377.5131349401263,35004.61304855948,0.5217848557692307,0.13127814350062197,34773.67514100371,0.08772389766589991,29689.3997579463,1.0,84636.16618959706,0.7864802808570576,267.45209415405014,2037.6547316462224,31252.853464471213,0.47983243778280543,0.1273378453890609,35363.700703576826,0.07950687854929872,29300.802645303032,1.0,112798.00187866062,0.800836545012118,99.46668016330938,2366.96484124574,35497.556905219826,0.5238440328054299,0.1299026390745691,34894.300080979854,0.08627149143762601,29928.459213466685,1.0,78867.07841549415,8.583628934207393,92.85458008499182,500.8430795119899,101.43820901919922
APT1,6.538897329770228,0.08672687253648435,0.40577234960110825,24.12485886934506,0.848167063548111,1.9631725746440858,3.4400697068847625,6.815875131274439,5.768046559534491,normal,242.50068033631422,255.0,46.04414363052504,69.13720844746841,-0.8143914955168807,0.7965302674266154,2932.4059145070587,1515.137402178615,15105.092099571355,0.1792996953971119,0.17648183913377616,32013.22560855716,0.11436483056830868,28380.43717362979,1.0,81366.26170907232,0.7930795622963357,1750.7549424609028,1783.4895249336087,16026.123635290645,0.19116651624548736,0.17907828463203865,30904.25649159044,0.12421817455997596,27750.73198087802,1.0,71862.35338595456,0.799784221163026,3292.6082216120176,1434.1985947342916,14834.567598126312,0.17461078519855597,0.1745136555593837,32133.033516394768,0.11244470235870009,28279.225398314906,1.0,95228.59735906962,0.7890694482010423,1652.1593690107622,1805.6934984520124,15854.730502727407,0.19130753610108303,0.18021555363237293,30753.749189149345,0.12414666177804354,27517.846346715243,1.0,68358.01676986585,3.7833109176281825,32.289862225497316,527.6762563461114,36.0731731431255
APV1,13.959974478592148,2.3179740461655323,0.7966789109632962,31.935372958730053,5.620012453891596,2.317712854250079,1.8756362487762823,2.368260470504682,3.1030572672871313,normal,221.03974892709377,255.0,71.52404656279205,19.801966871003447,-1.4244265825938138,0.8088266669447015,373.0706927511577,2525.339948965126,25912.29368679709,0.3791929472477064,0.18711615620311303,24725.061454493905,0.12056794521357615,22333.707526755374,1.0,39009.047797939704,0.8043636284911574,182.1944091769685,2944.9263615101904,27247.07622229647,0.40222727924311924,0.19189369224297856,23776.54520547945,0.1310129523419335,21692.227761288017,1.0,34865.6880498942,0.8005340292079206,384.64649303452455,2415.1672198667475,24727.74950938825,0.36979465309633025,0.18486828911650663,24864.39491217444,0.11827847546439939,22194.84840392408,1.0,41815.78672319806,0.8064353354841325,173.96206336131087,2920.8853886056504,27422.660217734934,0.4024243836009174,0.1915269263700193,23906.533049847498,0.13101892415552252,21924.88973442796,1.0,34594.17300799252,8.388507696656644,55.34944651105433,248.37072723101628,63.73795420771098
