image_id,label,mean_lbp,median_lbp,std_lbp,kurtosis_lbp,skewness_lbp,SRE_deg0,LRE_deg0,GLN_deg0,RLN_deg0,RP_deg0,LGLRE_deg0,HGL_deg0,SRLGLE_deg0,SRHGLE_deg0,LRLGLE_deg0,LRHGLE_deg0,SRE_deg45,LRE_deg45,GLN_deg45,RLN_deg45,RP_deg45,LGLRE_deg45,HGL_deg45,SRLGLE_deg45,SRHGLE_deg45,LRLGLE_deg45,LRHGLE_deg45,SRE_deg90,LRE_deg90,GLN_deg90,RLN_deg90,RP_deg90,LGLRE_deg90,HGL_deg90,SRLGLE_deg90,SRHGLE_deg90,LRLGLE_deg90,LRHGLE_deg90,SRE_deg135,LRE_deg135,GLN_deg135,RLN_deg135,RP_deg135,LGLRE_deg135,HGL_deg135,SRLGLE_deg135,SRHGLE_deg135,LRLGLE_deg135,LRHGLE_deg135,coarseness_tamura,contrast_tamura,directionality_tamura,roughness_tamura
AAA1,normal,222.0175439,255,71.45867381,21.07943835,-1.384679608,0.848468081,697.1220346,3059.577732,40542.42274,0.470699179,0.170464972,29043.77102,0.119482417,26474.14334,1,175225.0588,0.847284718,294.1516749,3330.092674,42433.23757,0.492605745,0.171173479,28674.03891,0.123786601,26377.73536,1,129471.0053,0.849490362,601.1821377,3071.654363,40931.70986,0.473776831,0.169586445,29165.10484,0.11953087,26629.70088,1,144399.2488,0.845087359,282.8290875,3386.200971,42283.63832,0.494089331,0.173405957,28648.60882,0.126703539,26280.82718,1,105816.2043,5.533590289,63.03426949,444.5167581,68.56785978
AAB1,abnormal,212.9749611,255,78.39897367,14.39184467,-1.608122029,0.857962893,423.3892527,3267.428029,51611.49559,0.532811061,0.152978524,31885.86434,0.103952955,29975.90265,1,41562.01697,0.855296708,169.7854407,3707.433881,53631.05446,0.555867288,0.159597908,31013.04214,0.113256906,29437.19079,1,38536.72663,0.853816803,350.3675982,3271.456671,50816.09016,0.53004863,0.152891909,31735.71909,0.104256358,29633.17245,1,42698.76398,0.854417956,168.0988546,3748.600062,53605.13769,0.557068658,0.160366237,30899.66553,0.113576913,29294.42755,1,38554.08592,6.714683228,71.81281737,470.9731023,78.5275006
AAC1,abnormal,208.9982356,255,79.38458152,12.67829102,-1.738439514,0.829203177,155.8473492,3942.155546,55254.0048,0.523602553,0.16107394,22482.90072,0.106898445,20021.9114,1,37127.2391,0.834719301,91.97958752,4376.957571,58871.98354,0.548941217,0.164683922,22106.50591,0.113964464,20041.69892,1,32980.81854,0.814649121,221.6166788,3697.364647,50991.72,0.502494131,0.159509598,22608.82956,0.103131583,19683.33013,1,41656.23427,0.833180737,98.17799978,4362.578859,58487.03706,0.547669699,0.164624643,22126.99247,0.113959191,20031.14545,1,33119.21803,8.693474666,69.71018333,517.0041109,78.403658
AAD1,abnormal,218.3604682,255,72.51026832,17.75719774,-1.515903856,0.829743435,473.0578395,2555.859745,43049.86812,0.521746618,0.141784686,28114.64198,0.09390892,24924.07342,1,50449.67481,0.839750848,224.3717682,2899.247677,47394.94231,0.557724825,0.143563145,27633.62495,0.101715868,25135.15219,1,41213.39239,0.836415714,535.8411621,2578.693014,44667.73539,0.531625752,0.140097659,28277.00417,0.094937855,25330.04125,1,45620.18285,0.840489068,209.4808305,2915.144044,47667.72036,0.559869739,0.143204201,27666.59983,0.100684139,25266.11086,1,40702.16488,6.73953135,66.2448461,499.4093691,72.98437745
AAE1,abnormal,221.0167929,255,70.77524423,19.73542543,-1.440470076,0.810144609,535.9829861,2656.341819,38265.986,0.452355367,0.152709914,33593.02223,0.096025953,29532.85892,1,65623.54332,0.817657016,193.5148735,3242.981419,42883.42812,0.495483852,0.158021898,32633.36565,0.107089438,29548.61462,1,50451.50544,0.806723406,367.9162459,2793.006564,38573.52026,0.460153346,0.155043874,33205.55966,0.099396502,29062.73545,1,61967.06621,0.814793821,185.2063838,3246.651806,42376.78575,0.493617855,0.159413482,32586.33665,0.108236231,29368.90129,1,51107.1133,8.512064653,69.36794348,597.6387952,77.88000813
AAF1,abnormal,195.3344899,255,85.73505879,8.093926421,-2.087786872,0.840371638,136.3185538,4936.356552,79604.26375,0.800434028,0.149622221,30138.06071,0.099455968,27153.19612,1,49162.47892,0.850817294,53.7670616,5436.719417,86369.7939,0.843689904,0.152391795,29788.29306,0.105664307,27464.56624,1,42169.58288,0.846685116,88.3240947,4941.375022,81524.80666,0.806363515,0.149110696,30268.85894,0.099806424,27425.77631,1,47296.23609,0.852452884,49.37507004,5443.565048,87001.94949,0.846120459,0.152027218,29780.97183,0.105019325,27503.39041,1,41770.21398,8.600419509,93.97232908,492.6606478,102.5727486
AAG1,normal,220.6129194,255,71.76292518,19.60090352,-1.437528384,0.805425102,271.3410953,4811.333072,35553.28083,0.404977876,0.232431583,15138.05417,0.154532353,13781.89202,1,23840.85129,0.807476497,145.8937531,5361.235213,37955.2753,0.429086007,0.234547608,14756.46872,0.163727472,13651.11994,1,20709.87198,0.803576885,477.5264561,4587.589613,34634.61242,0.396826604,0.230549256,15424.85642,0.150946947,14021.39772,1,24405.20566,0.804202778,145.6160132,5356.200762,37547.13749,0.428125,0.234850701,14746.12278,0.163254882,13614.92102,1,20822.73201,7.931882719,40.9969408,570.4875882,48.92882352
AAH1,abnormal,217.9747855,255,73.78537303,17.64091577,-1.505388386,0.819164268,322.026218,4176.920543,43890.2013,0.488092238,0.196842226,27104.93291,0.125104287,25091.28537,1,38334.61994,0.820216465,193.177739,4821.104506,46707.29746,0.516864079,0.2030668,26195.38062,0.136008158,24583.92056,1,34158.29876,0.816731012,293.8305452,4163.456574,43247.27902,0.484171987,0.197409019,27018.33405,0.125298808,24799.14449,1,39349.32102,0.817659878,168.2425901,4865.486535,46366.6579,0.516773073,0.204020555,26069.08891,0.136429215,24372.09889,1,34507.30317,7.698933347,60.61526253,545.1385589,68.31419588
AAI1,abnormal,201.7490139,255,85.03243475,9.876133829,-1.878729674,0.843618807,133.6094012,7418.341132,80402.8922,0.770051655,0.194608251,25108.73853,0.130977634,23637.29389,1,32113.25351,0.841395099,67.18642217,8225.741819,83233.38163,0.800241571,0.201048344,24418.80577,0.140883993,23158.84141,1,30237.26969,0.833982795,124.5687521,7143.607385,76519.06503,0.751696135,0.193364533,25279.07445,0.128849697,23517.98874,1,34178.42195,0.839870924,68.63690298,8123.406225,82438.48127,0.795943411,0.200286125,24466.7904,0.139617912,23147.00007,1,30621.21031,7.294094612,73.04887685,250.8501785,80.34297146
AAK1,normal,234.9348324,255,57.78765587,40.02216326,-1.041667151,0.725269895,664.2160718,5660.897499,16513.17554,0.240138668,0.337512312,8312.577363,0.209483825,8006.460787,1,9735.099696,0.722274022,327.5624359,6611.525174,17944.54169,0.262746711,0.337647458,7729.044169,0.222444237,7538.377221,1,8588.427446,0.725782644,897.6455531,5343.099714,16034.46734,0.232914587,0.335253792,8592.856821,0.20358246,8286.286188,1,9954.47221,0.719793113,375.3751319,6603.046607,17756.36763,0.261931431,0.338610366,7693.820202,0.224004178,7459.172415,1,8737.202154,6.748863844,15.71858672,556.4383314,22.46745056
AAL1,abnormal,201.4814366,255,84.40483985,9.787955158,-1.902209524,0.829952158,86.84795844,6532.145104,58725.09717,0.761643145,0.216323225,22794.41768,0.141612246,21567.88439,1,28711.85777,0.826845164,49.07301946,7329.308138,60886.98016,0.795077285,0.222550527,22011.81299,0.151972812,20944.1762,1,27034.97991,0.820340095,120.1700042,6214.972574,55690.39374,0.74125504,0.214202835,23031.09234,0.137158447,21558.18349,1,30645.31344,0.826734168,44.38538843,7281.871738,60743.85545,0.79327957,0.222307015,22057.63424,0.151859773,20990.31005,1,27115.69677,8.515835558,68.84250703,248.5124698,77.35834259
AAM1,abnormal,215.3325654,255,75.36502775,15.8367396,-1.579012275,0.823800587,408.8733308,5374.435917,63777.72465,0.648010658,0.18385959,24335.14552,0.119940438,22036.04293,1,40367.92332,0.831501592,167.0415596,6197.406386,69704.29871,0.692331074,0.188381163,23691.5991,0.130063903,21933.77401,1,33949.91541,0.830342276,402.6466554,5469.317376,65739.16745,0.656275869,0.184085636,24282.93081,0.12113859,22144.9229,1,38755.93093,0.831373397,161.2982672,6191.983532,69670.47087,0.692356943,0.187984546,23663.73478,0.129329929,21866.82259,1,33815.53161,7.174838886,61.34370439,508.7139819,68.51854327
AAN1,abnormal,201.3405533,255,83.74309255,9.770272527,-1.922287977,0.812521922,167.5033876,5284.003275,62764.85527,0.616829629,0.158185365,35906.48632,0.104379894,31219.21324,1,94362.93623,0.815770203,79.90658365,5762.081763,66343.93506,0.645932405,0.162277499,35475.88825,0.111456002,31172.24699,1,75678.27195,0.80210764,136.8740211,4957.406738,58813.91566,0.59409574,0.154161644,36151.22547,0.099726966,30907.03103,1,101253.737,0.812768184,75.91029741,5724.692087,65514.50304,0.643057308,0.162126059,35561.86457,0.111226997,31175.38474,1,75602.95898,7.934990758,102.1064248,525.4322661,110.0414155
AAO1,abnormal,218.0728891,255,72.74022451,17.80548351,-1.522972101,0.789421769,346.9524174,3481.451418,43307.88664,0.511897243,0.163599236,26688.50199,0.104727888,22489.42791,1,76292.96882,0.806495746,152.0865975,4038.734772,50068.98777,0.564525209,0.164735871,26552.35766,0.112415335,23236.84822,1,52543.34837,0.793088946,299.9431121,3453.303756,44226.03154,0.517828702,0.162424182,27006.80824,0.104420483,22863.06255,1,69890.80314,0.803752837,248.6276413,4024.746897,49357.04177,0.560756261,0.164680743,26488.884,0.112311382,23040.73769,1,53320.94099,8.296789132,70.06184464,586.1976178,78.35863377
AAQ1,abnormal,240.5759067,255,49.49116318,59.19526702,-0.874343559,0.768528521,2101.142051,3106.176643,17670.27434,0.237628973,0.248658726,18696.2414,0.158490291,17236.12516,1,28011.40388,0.757111342,1005.593301,3781.682684,18717.49271,0.259146703,0.253830407,17670.18423,0.171349906,16533.0036,1,23617.22536,0.769627696,1923.06029,3058.2347,17612.78355,0.236420778,0.248747032,18904.16886,0.156308928,17431.13495,1,27551.45796,0.76035569,1066.785115,3845.837596,19063.76802,0.261429673,0.254667081,17527.7645,0.173438568,16424.59491,1,23441.11781,5.597292853,22.66641761,474.8904861,28.26371046
AAR1,abnormal,213.3748576,255,77.08014422,14.68886099,-1.620072568,0.801248843,177.3443483,5932.189464,46552.33534,0.54985963,0.228470013,20395.62984,0.145577287,18790.65656,1,29384.17177,0.797889125,108.4830033,6873.0643,49136.00125,0.584569249,0.234076558,19609.54448,0.156151327,18304.73276,1,26179.20382,0.798245925,228.8548272,5851.140259,45800.64604,0.54537914,0.227738026,20474.71895,0.143179981,18819.55368,1,29961.70078,0.801699237,99.16073538,6985.508764,49940.38775,0.588064315,0.235587661,19472.03269,0.158789758,18179.2055,1,26172.15162,8.163625259,54.56918809,473.1866499,62.73281335
AAS1,normal,232.7329188,255,60.48881174,35.03020364,-1.104357016,0.747504257,647.8864511,6256.990019,23606.43536,0.334620704,0.306924618,13173.10884,0.191079091,12445.60597,1,16643.78049,0.739520421,407.4941928,7420.42985,25218.81353,0.364833451,0.311062235,12218.40241,0.207001037,11643.80067,1,14959.69942,0.741674031,886.6650454,5927.60747,22569.88202,0.325175082,0.303681515,13459.76762,0.185232505,12700.4592,1,17641.17759,0.738383764,370.1808573,7388.94216,25086.41561,0.364002177,0.309953272,12307.88808,0.205857307,11775.54706,1,14857.19971,7.231985224,23.88253676,257.4636194,31.11452199
AAT1,normal,237.9845426,255,53.74604776,48.77167948,-0.949769784,0.77308966,1797.926777,4556.209544,24385.32351,0.299869792,0.262455382,18712.98713,0.166557862,17379.0402,1,31304.41324,0.765487436,807.9190222,5444.747525,25924.24384,0.324636787,0.267139995,17626.85478,0.180177359,16526.46009,1,26076.55426,0.773080402,1405.743606,4430.725507,24078.03756,0.296100603,0.259025607,18889.15326,0.162335689,17476.83525,1,31630.09785,0.761325514,673.7249587,5447.078607,25545.25391,0.32361568,0.267396651,17618.41775,0.179211883,16456.3027,1,26624.1534,6.208342732,25.7206016,531.4893444,31.92894433
AAU1,abnormal,220.2552704,255,72.01780448,19.29433298,-1.44733916,0.837868607,641.5172146,3140.2318,57835.08357,0.582749947,0.123799093,37933.59796,0.084453589,33350.75069,1,125078.6438,0.842337998,329.2454557,3529.361819,62208.45876,0.617972743,0.127592752,37438.47019,0.091268625,33505.45827,1,95254.29585,0.832812188,651.2616541,3144.900947,56917.82232,0.58086004,0.123211581,37828.60217,0.083612815,33102.01882,1,123959.4021,0.841348417,363.7168625,3534.323214,61924.35215,0.616861425,0.128073545,37372.38321,0.091984858,33321.42344,1,94471.15917,7.14240217,79.57783671,490.5555581,86.72023888
AAV1,abnormal,205.7726082,255,82.48842673,11.1482088,-1.790338125,0.833068414,164.4294236,6635.699872,70998.73955,0.735273843,0.192480078,28966.25287,0.12709103,26829.7651,1,42739.78065,0.831411946,81.64571509,7458.29766,73958.79891,0.768024167,0.199406009,28135.66496,0.13814265,26256.63436,1,38974.16542,0.82357191,160.2324746,6255.211468,67314.04093,0.714850508,0.188131904,29360.84962,0.121502278,26924.4047,1,45132.30424,0.831143886,90.8879028,7419.538035,73864.82669,0.7675984,0.198586625,28195.23236,0.136915746,26341.36005,1,38721.57307,8.275654814,76.55274805,239.3524702,84.82840287
AAW1,normal,229.7033143,255,63.27078397,29.51361033,-1.19944866,0.800238096,908.4106106,3223.398984,33956.67699,0.370059153,0.184526124,25123.98155,0.116419683,22402.36758,1,73104.08119,0.80486034,456.1631169,3802.434606,37519.4961,0.403109126,0.18911041,24672.96325,0.126393653,22435.53838,1,42218.6087,0.803020284,953.0979483,3201.493715,34454.34043,0.372951515,0.185687039,25458.00751,0.117733654,22602.4063,1,51492.21148,0.804704375,439.0114333,3783.053485,37465.05981,0.402593333,0.188578313,24700.7448,0.127051821,22428.43027,1,42262.78664,6.311044359,46.59859089,503.2688286,52.90963525
AAX1,abnormal,214.8363989,255,76.08017089,15.61950868,-1.583734656,0.816674908,339.7176722,4894.689398,59612.29326,0.655076065,0.16437602,28226.1706,0.107693067,24923.46741,1,57307.29863,0.823849504,162.95042,5504.896192,64767.02129,0.697172946,0.168535503,27686.01287,0.115799006,24960.17817,1,47495.81557,0.822040743,323.2306918,4791.941971,60424.66713,0.654931898,0.16248205,28525.21038,0.106537867,25330.48888,1,62503.30389,0.824794759,188.4454518,5468.057756,64875.95397,0.696664928,0.167880399,27725.168,0.115230292,24996.39969,1,47403.23457,7.731160462,70.18219603,473.1151267,77.91335649
AAY1,normal,204.4685008,255,80.55164345,10.87062751,-1.881954124,0.776730469,136.5171723,3283.611438,44778.5909,0.680932724,0.135915304,29579.76257,0.087372055,23575.10409,1,119065.3813,0.788357492,60.84212222,3659.629808,50298.96412,0.741078739,0.134846405,29690.81045,0.091240913,24355.85148,1,84008.5621,0.766217431,124.53732,3256.101948,42277.45328,0.661495292,0.138754049,29233.16947,0.089233312,22962.21576,1,140435.5661,0.793665165,70.46921254,3725.67915,51759.19719,0.751987241,0.135241447,29711.71288,0.091997058,24533.97273,1,80490.39144,8.869207567,98.09954866,589.8250292,106.9687562
AAZ1,abnormal,229.1427925,255,64.06124149,28.91533609,-1.210897897,0.780957697,776.156685,5133.776195,31601.67149,0.369379783,0.244561434,17945.8743,0.156589949,16253.10515,1,29011.8335,0.77578199,297.1799635,5921.324799,33259.23711,0.393362032,0.248528798,17120.54653,0.168458349,15615.3203,1,25996.20921,0.77460715,615.7562136,4874.363449,30296.85128,0.36030506,0.24054937,18195.59468,0.150289364,16352.46182,1,30581.43281,0.778664416,320.9851112,5924.081527,33723.7485,0.395773544,0.247540509,17231.87648,0.166689641,15860.46761,1,25115.01989,7.254828106,36.08375311,560.9475491,43.33858122
ABA1,abnormal,212.8369616,255,77.60014656,14.41508748,-1.630011294,0.82484015,259.8044336,4438.860546,57302.41979,0.621339985,0.171803206,25650.19457,0.110799009,23184.59256,1,141747.5558,0.825261278,123.8575365,5062.504102,61854.82203,0.668911522,0.174925141,25412.32815,0.11931801,23032.45859,1,55289.31187,0.817843361,304.7932555,4412.824323,56430.62052,0.623771912,0.171013096,25906.8122,0.110313576,22895.36749,1,74870.14381,0.8227883,114.8559272,5076.088801,61320.73948,0.667643595,0.175195015,25332.6506,0.119292159,22854.66932,1,55107.49889,7.888279469,70.39459002,564.3913787,78.28286949
ABB1,abnormal,210.9132189,255,77.71501219,13.44941471,-1.701863507,0.802256264,207.9432588,3543.042729,53729.76112,0.662094579,0.14303805,33468.70149,0.091824906,28404.90088,1,77114.3611,0.815988235,121.1163957,4005.737488,59935.56145,0.711181641,0.145583561,33079.64973,0.098714008,28890.77695,1,60969.24897,0.799203129,367.0189546,3508.805184,52657.3434,0.654163707,0.143653699,33414.50147,0.092310109,28148.29045,1,80633.45039,0.81637637,121.5566985,3999.14917,60194.89745,0.713482481,0.145038077,33137.22613,0.097911754,29022.22782,1,60116.39181,7.341871521,87.38559475,467.105001,94.72746627
ABC1,abnormal,217.8070888,255,71.32268988,17.68825727,-1.564421278,0.721804198,368.8353847,3169.05049,39119.95083,0.503255208,0.120976949,35986.28603,0.074670454,26258.95502,1,217748.0103,0.757607694,189.5702827,3750.406119,50376.64083,0.58671255,0.118811099,36423.01852,0.079025261,28512.46249,1,119814.326,0.738490236,323.8108799,3259.744774,42874.53826,0.526469494,0.1186917,36467.48433,0.074781831,27355.04594,1,176453.1793,0.758245978,170.2394462,3746.028518,50381.10169,0.585739087,0.118593888,36434.19178,0.079077564,28561.0243,1,120715.6168,8.127664399,97.39868851,501.9081168,105.5263529
ABD1,normal,216.9629414,255,74.67262122,16.8413405,-1.528152808,0.816910047,346.0529823,7244.210864,59844.94236,0.645846826,0.225245205,15266.09837,0.147658439,14182.70398,1,21038.70156,0.822011603,160.2975832,8184.506637,64619.32039,0.686164184,0.227886649,14783.16592,0.156897513,13974.58881,1,18530.04273,0.821075028,275.5594514,7188.314533,60640.4363,0.646892541,0.224116226,15355.47388,0.147738803,14330.55223,1,20646.629,0.818459652,173.4256143,8215.437965,63843.73383,0.684443815,0.228782278,14696.19965,0.157332969,13816.61063,1,18915.5794,7.426241809,42.99528044,588.1262787,50.42152225
ABE1,normal,210.7524263,255,79.86783009,13.42057882,-1.662029895,0.7932308,106.1672644,7253.25766,44400.2536,0.620051536,0.252653105,19006.37472,0.163234813,17679.65369,1,25969.17792,0.791376237,65.23768806,8215.441098,46690.2912,0.654543067,0.259537727,18264.56459,0.17559314,17156.45274,1,23834.49253,0.79340185,197.9057113,6843.412662,43310.69874,0.605066636,0.248881706,19414.05977,0.157889173,18033.36546,1,26791.47704,0.789271194,68.34147017,8152.518185,46227.4939,0.651859572,0.259042478,18311.47434,0.174291403,17171.16444,1,23915.09421,8.655007561,53.37986749,531.7585363,62.03487505
ABF1,abnormal,215.6301627,255,76.69930863,15.96316833,-1.539903214,0.80329802,299.8248173,3906.903552,37830.6586,0.514262736,0.181200455,28788.17542,0.118989155,26057.55201,1,47936.53528,0.80086867,118.0149476,4401.530305,39577.03664,0.54022781,0.189370996,28228.61568,0.130556203,25935.89325,1,42082.41707,0.799169597,212.4198695,3840.535623,36884.68683,0.506688222,0.179372736,28716.30086,0.116426215,25770.34991,1,51670.14259,0.802536189,121.004603,4416.737296,39896.66668,0.541983981,0.18903821,28224.64369,0.130639824,25985.15527,1,41626.3521,8.558316944,67.57559759,469.5165669,76.13391453
ABH1,abnormal,235.1718398,255,56.96471405,40.53643751,-1.044233815,0.791775893,1247.170501,3025.506672,21321.85783,0.260574061,0.232520348,21759.28109,0.14515823,20063.05116,1,32698.21259,0.785922256,853.7825336,3658.822997,22734.97468,0.281478938,0.239852097,20498.91928,0.160732364,19095.86232,1,28893.54511,0.789329918,1778.685244,3065.886567,21291.79184,0.26161859,0.231200998,21621.51895,0.144892951,19973.77255,1,35200.69222,0.782944113,718.0374558,3661.244047,22558.20037,0.281543326,0.239221421,20563.14136,0.158203508,19209.09766,1,28874.75377,4.479712595,32.58748765,588.2201947,37.06720025
ABI1,abnormal,196.7520358,255,85.54456129,8.353285491,-2.042723581,0.835518626,100.1015628,5932.276149,74590.9702,0.82250434,0.177517152,28563.13448,0.116650374,26253.9479,1,41350.08946,0.839029997,53.57479266,6609.646922,78652.26134,0.858275463,0.182894376,27866.33976,0.125114771,25882.66667,1,37900.6318,0.827922542,102.4123505,5699.926666,71266.23936,0.801953125,0.176083459,28672.86011,0.113825293,25969.5396,1,44232.68003,0.841697006,58.49882057,6594.410821,79517.00153,0.861725984,0.182123027,27996.12914,0.12456188,26156.14866,1,37034.46558,8.611965498,87.18860286,454.4271211,95.80056835
ABJ1,abnormal,208.1884319,255,80.92113354,12.34657875,-1.735451521,0.822395463,133.4566045,6444.965614,63039.03648,0.750589338,0.198235472,23475.4829,0.130819348,21284.9906,1,57487.62835,0.823062016,93.25249851,7117.185341,66350.07552,0.787762935,0.20136601,23081.89617,0.138338107,21116.99371,1,45979.46498,0.816294842,310.5251015,6070.22231,60275.22065,0.729630077,0.19417712,23870.4409,0.125976151,21450.51755,1,61787.32996,0.823704322,89.20284677,7100.866972,66548.65862,0.788798054,0.201026519,23124.76961,0.137641085,21201.53861,1,45388.75434,7.486764952,70.3791555,460.3570771,77.86592046
ABK1,abnormal,213.5310199,255,77.00167606,14.88955136,-1.61563938,0.80900334,192.1579569,5635.320571,57572.6201,0.615388139,0.189776832,22672.80159,0.123681274,20298.807,1,37467.18142,0.820463267,135.0200194,6428.343981,63739.54791,0.659560825,0.194029877,22130.20644,0.132765688,20340.01919,1,31439.41259,0.819148201,349.0879063,5558.340079,59440.7075,0.618836369,0.188509704,22936.69486,0.122348627,20726.50709,1,35824.68212,0.819782066,135.1261053,6424.743701,63611.66888,0.659318729,0.193212842,22130.86603,0.132315316,20320.92233,1,31406.44998,8.479533522,61.13184803,297.2828354,69.61138155
ABL1,abnormal,209.2845695,255,80.49819313,12.83746537,-1.703718882,0.838324409,223.4891953,4112.626991,62367.66687,0.677540499,0.148793582,25407.61959,0.099918374,23183.56983,1,37565.83766,0.859249126,126.6176343,4699.375232,71121.32608,0.728716682,0.154011519,24858.18654,0.110230917,23475.60587,1,31303.349,0.859349245,248.4083885,4179.01641,67901.7431,0.697473863,0.147116699,25491.04975,0.100922419,23775.69706,1,34077.40191,0.855209465,117.4609573,4678.651332,69915.00978,0.724264706,0.154458186,24812.94026,0.110393595,23291.17655,1,31976.22761,7.570411248,69.87060685,646.8561117,77.44101809
ABM1,abnormal,195.1679213,255,87.7446796,8.047527916,-2.045665184,0.806625427,45.57176441,10414.10335,78644.34523,0.945926966,0.222482594,26825.07716,0.146673962,24276.27634,1,62941.28555,0.806039078,28.29948668,11498.90856,82148.821,0.988983497,0.229208339,26255.70929,0.157321104,23927.6736,1,53461.68965,0.797934598,69.31454072,9922.681659,74440.23736,0.916300913,0.219914568,26960.55635,0.142497705,24114.76811,1,70836.54099,0.805135424,29.43618306,11432.14437,81829.87466,0.987674099,0.228057872,26349.39103,0.155648196,23998.39629,1,50738.23036,7.960892511,87.70166603,545.8852713,95.66255854
ABN1,abnormal,187.1127443,247,89.90837466,6.430061636,-1.998276222,0.860496287,51.46082486,6590.847748,84883.96179,0.991423531,0.177124367,21972.91339,0.122626908,20580.23656,1,28628.63763,0.86859118,34.49886009,7087.031441,90035.32734,1.028253341,0.180777957,21570.59826,0.130142593,20464.07268,1,26611.85444,0.860137025,98.91433214,6569.509315,84247.10922,0.985207632,0.178463519,21962.3316,0.124185189,20474.11667,1,29200.86039,0.865924867,34.34343901,7085.98438,89186.63319,1.025958114,0.181411909,21577.24182,0.130538233,20435.06385,1,26750.93292,7.745335326,82.24719534,547.1431061,89.99253066
ABO1,abnormal,206.1814858,255,81.59591328,11.40629403,-1.794888208,0.825284229,151.9658526,3389.141678,53739.93332,0.624598978,0.138700402,35912.18175,0.089969826,31871.97525,1,68522.42888,0.827797392,74.71160653,3829.690706,57360.43569,0.660891457,0.14271249,35281.6815,0.096474103,31897.63509,1,56218.21286,0.812109589,179.6723322,3253.921918,50614.8264,0.609077947,0.135199193,36027.37639,0.084776093,31563.37979,1,72588.35336,0.828617227,81.8166721,3843.142653,57491.18782,0.660936015,0.143719771,35182.73388,0.097838517,31792.23518,1,56825.20908,8.90529943,93.02345407,542.5278765,101.9287535
ABP1,abnormal,217.0259245,255,74.7596472,16.85181732,-1.523846496,0.793787606,229.0024014,6757.915831,49488.58267,0.540424548,0.230463316,20716.44713,0.143998747,19138.89977,1,30801.81045,0.7968575,120.5676097,8060.081446,53759.61311,0.581138209,0.23903259,19666.96988,0.161163197,18379.35581,1,26979.62363,0.796450155,254.6832928,6836.515912,49758.94841,0.539447985,0.232324618,20443.34079,0.14784592,18737.04197,1,32033.08897,0.795316188,122.2194216,8012.184872,53392.00101,0.579634817,0.238245539,19721.69315,0.159693582,18430.22443,1,26984.06936,8.372112654,50.85602598,607.0276991,59.22813863
ABQ1,abnormal,219.8351684,255,72.40746604,18.90928667,-1.456956036,0.817446296,439.1184031,3846.476071,42296.35166,0.503429151,0.181882813,27311.81914,0.117137043,24628.98176,1,43463.93122,0.822202157,223.2648389,4552.965661,46077.09094,0.540553435,0.189961267,26280.41581,0.129412436,24177.29996,1,37594.13334,0.81797841,412.7367632,3922.407566,42648.63135,0.50699994,0.183157645,27155.47795,0.117570408,24519.3416,1,43211.56494,0.816691837,303.429017,4471.714773,44935.28925,0.535342617,0.18933623,26386.21656,0.126957163,24154.28219,1,38243.92863,8.091217225,60.08938625,581.5275077,68.18060348
ABR1,abnormal,219.4763093,255,72.5331366,18.40777583,-1.46927428,0.817124832,330.5510512,2975.019563,38985.80628,0.503534226,0.168659466,28419.9592,0.105896145,25709.62922,1,44694.09666,0.821037481,186.8847915,3568.883011,42377.9313,0.54059912,0.176643717,27465.23672,0.118146991,25390.95523,1,38141.31716,0.801136721,398.0759641,2966.701005,36488.80537,0.492397774,0.171552567,28190.32634,0.105615906,24973.36103,1,48322.98009,0.815137231,198.4807475,3583.269581,41361.245,0.536223797,0.177817858,27255.08986,0.118813561,24945.08697,1,39799.26058,8.754299608,62.91423136,496.2241801,71.66853097
ABS1,abnormal,216.8517749,255,73.84452238,16.80250607,-1.549805884,0.791057645,235.6394375,3270.501962,34325.78328,0.474250966,0.181065116,24745.81271,0.116946789,21034.97814,1,57725.09318,0.7980909,148.8489146,3733.809309,37628.15379,0.509415271,0.183046212,24331.67394,0.12510359,21182.41971,1,46199.6375,0.785956343,426.4327127,3221.015495,33327.5228,0.466760631,0.180748972,24623.17833,0.116024688,20725.6802,1,63052.15454,0.800172293,151.2279363,3697.022245,38027.60438,0.511968428,0.181192142,24511.94099,0.122788044,21476.40834,1,44751.10729,7.410563764,66.17786748,568.2829555,73.58843125
ABT1,normal,231.8092816,255,60.80474616,33.35366078,-1.144189551,0.80805546,890.7404017,3472.878935,32748.3504,0.333464165,0.201162179,22998.29205,0.131141519,21008.59903,1,40557.06498,0.809380207,449.5645077,4117.838029,35534.26711,0.359561902,0.20614149,22082.2302,0.142643641,20482.1604,1,32274.34714,0.819940508,990.5159786,3547.720021,34398.4544,0.339407646,0.201549062,23024.87547,0.132960384,21202.66717,1,35769.54113,0.811054408,448.176855,4102.386661,35787.05273,0.36037181,0.20570395,22204.30911,0.142094361,20690.96704,1,31438.16875,6.773989321,38.93043518,487.3015179,45.7044245
ABU1,abnormal,218.4583091,255,73.87542189,17.86927075,-1.48391806,0.807981119,284.9687148,4235.63124,37978.16721,0.50358208,0.207104449,25165.31313,0.132418085,23145.34819,1,37144.97372,0.812217257,200.0467095,4862.147346,40742.98265,0.533349002,0.214541751,24268.04694,0.145359141,22620.40008,1,33490.97976,0.807493554,449.7717158,4087.314771,37230.80459,0.49495105,0.206906137,25413.4371,0.130535105,23233.56847,1,38335.19161,0.811381034,208.8338265,4882.238646,40698.80201,0.534078384,0.215246648,24256.35746,0.145391914,22605.6186,1,33087.47817,8.031922983,56.61808098,477.0169957,64.65000397
ABV1,abnormal,217.3233065,255,74.50963183,17.12346632,-1.516986163,0.81911267,485.9495282,5738.73494,49327.38493,0.58688819,0.220213697,17537.09991,0.143470369,16336.54821,1,24375.82461,0.826572707,166.1874268,6530.266475,53811.90675,0.626178716,0.223706999,17007.90283,0.153856397,16183.1032,1,21079.28517,0.825555773,410.4132055,5737.061945,50476.18913,0.590300853,0.219624247,17593.36936,0.1443681,16491.33364,1,23777.27899,0.823075982,183.864497,6462.155642,52870.76609,0.62134411,0.223128308,17036.58995,0.152817389,16146.86109,1,21511.57439,6.869011047,46.13729738,629.4314046,53.00630843
ABW1,abnormal,212.4478742,255,77.89409615,14.12932999,-1.638845352,0.846576643,240.6577699,3818.312787,54082.62641,0.615731324,0.168585858,30688.32157,0.111905775,28657.06285,1,41146.4058,0.843911214,109.4069199,4334.773657,56346.3055,0.644438794,0.173908869,29830.99773,0.119883652,28181.52846,1,37854.39126,0.835542327,205.5619576,3664.338206,51324.34456,0.601870685,0.166069822,30861.05064,0.107162582,28490.70185,1,43661.62907,0.844486359,114.2654532,4331.243522,56465.36452,0.644662229,0.173713371,29814.3918,0.120098117,28144.17647,1,37781.83658,8.123746758,72.53782941,246.3727397,80.66157617
ABX1,abnormal,217.062623,255,74.1592102,16.93209299,-1.534699882,0.781336827,191.7565371,4995.479021,38535.59907,0.453533016,0.21731304,20544.19364,0.137930341,17905.78941,1,38320.301,0.785215302,107.877392,5718.446565,41629.75046,0.484114137,0.220609939,19965.63857,0.148868335,17713.57278,1,32807.0784,0.778258747,268.2922893,4681.984997,37136.30016,0.440931346,0.213858099,20872.13654,0.134506018,18012.26854,1,40318.62795,0.788059761,112.3252833,5614.719902,42063.60169,0.485244542,0.217863079,20237.8857,0.14584318,18158.57187,1,31779.83118,8.501288801,55.89945105,450.7139883,64.40073985
ABY1,abnormal,199.9549218,255,84.04920888,9.433813006,-1.964744662,0.812966928,121.2420976,5172.255432,71497.31323,0.721366627,0.155588398,29816.91612,0.100700164,25967.03599,1,57070.47463,0.824999543,118.2034828,5747.032874,78355.0966,0.765244966,0.159175052,29463.6666,0.108236881,26295.90565,1,47790.55499,0.815526691,125.651105,5009.002224,71574.93248,0.717155104,0.152453152,30108.1501,0.097773433,26283.45481,1,57015.08458,0.827265994,63.11055981,5814.823973,79178.01653,0.768447219,0.160279939,29393.89375,0.109876298,26282.54438,1,47483.86347,7.769932478,91.31057742,462.133915,99.0805099
ABZ1,abnormal,218.0381647,255,73.57719304,17.6157539,-1.507063553,0.78935008,249.4455721,7984.170242,44716.50096,0.563987746,0.269001846,15404.9724,0.171367872,14454.15548,1,20209.53508,0.78442397,150.1911916,9125.213653,46937.68921,0.599056051,0.272685061,14623.32734,0.181969166,13785.75003,1,18643.40453,0.785840467,254.5236834,7954.937219,44104.25479,0.561495955,0.268617793,15428.78891,0.170291824,14450.77368,1,20459.46274,0.788454186,112.1273371,9291.785366,48068.66234,0.606392179,0.273887376,14611.0129,0.184860367,13884.34567,1,17992.90255,7.143748862,40.39081641,410.7733198,47.53456527
ACA1,abnormal,239.0790329,255,52.10869268,52.8477216,-0.916601414,0.77088946,1803.898196,3355.553956,17317.24416,0.231751067,0.265335348,20171.97905,0.16569347,18841.72144,1,29026.70655,0.759865465,1130.971541,4071.736929,18238.13571,0.251074775,0.273985037,18809.00186,0.183385691,17661.68818,1,26015.91666,0.771858034,1670.023451,3377.619893,17372.35662,0.231684357,0.265421612,19985.5919,0.167700548,18585.3254,1,30312.97805,0.760701641,939.7200929,4100.898066,18367.84081,0.252179198,0.275490542,18808.61272,0.185381384,17709.23585,1,25342.28214,5.47568204,25.01700556,457.9144626,30.49268759
ACB1,normal,238.7957737,255,52.39873842,51.75719985,-0.927745214,0.751734472,1356.755438,3442.597312,14848.79685,0.231549725,0.282543219,17829.30157,0.174451936,16401.76624,1,42603.44941,0.740810478,726.8751497,4154.186482,15770.62794,0.252989059,0.286904645,16712.24015,0.190355342,15526.19217,1,30795.08465,0.746118724,1916.54451,3305.713894,14340.60922,0.227037474,0.279700943,18224.13414,0.171675118,16793.12808,1,37659.60049,0.739792078,823.0585049,4070.753907,15601.14396,0.250974515,0.284084354,16889.32081,0.188172434,15693.39826,1,30801.84383,5.34355114,24.39477885,560.5732899,29.73832999
ACC1,abnormal,223.4825499,255,69.34754855,22.04538511,-1.363456276,0.814913987,495.4163344,3103.076591,33557.34078,0.38367344,0.183617302,24368.38561,0.122288562,21870.43074,1,42073.6125,0.812863003,256.4435629,3521.785373,35417.12932,0.406271346,0.187332714,23783.59348,0.130890348,21659.0167,1,36012.74203,0.808537755,474.4214394,3029.085871,32380.44182,0.376679189,0.182597195,24366.13734,0.119983213,21604.38071,1,44542.533,0.813619536,226.7402798,3494.796802,35418.75625,0.405346368,0.186107052,23798.21313,0.129970614,21629.76469,1,36082.61502,7.551065362,53.05503151,459.9471539,60.60609687
ACD1,normal,224.8751312,255,68.37003498,23.54880063,-1.321845256,0.783309499,499.2393726,6029.261132,48784.26906,0.504841383,0.202273415,26796.02959,0.128072531,23652.84211,1,50493.03502,0.784221591,317.0660905,6903.229018,51947.52019,0.535523201,0.208696431,26021.18999,0.139645166,23260.664,1,43385.51713,0.782964239,602.7612171,5662.99954,47213.13238,0.489382102,0.199745392,27139.17091,0.124866113,23700.09655,1,54726.84983,0.78484225,320.2679252,6932.900588,52221.62658,0.537369792,0.208847783,26023.26783,0.139787568,23323.51648,1,42934.60122,8.174865978,53.9092111,465.3176699,62.08407708
ACE1,abnormal,218.173678,255,73.70330086,17.56205461,-1.498969039,0.816986881,315.1977677,4556.128675,42120.85028,0.470189513,0.209726191,17591.08721,0.137162573,16246.31268,1,25706.36266,0.817812997,184.2714912,5209.520992,44703.35966,0.496995192,0.215724307,17031.03927,0.148279833,15919.77267,1,22790.68623,0.814613909,540.0020017,4459.181361,41279.92442,0.464291704,0.210839222,17746.6462,0.136215178,16330.02754,1,26106.34538,0.817989122,173.034809,5159.025727,44731.91353,0.497058084,0.214019469,17121.56361,0.146060095,16067.97258,1,22591.63257,6.889571145,46.77528726,464.6051007,53.66485841
ACF1,abnormal,209.6796282,255,79.25427797,12.90892257,-1.715505067,0.803717863,253.0254836,4035.275782,50525.68407,0.658167757,0.162790289,33161.11576,0.103486289,28687.87016,1,186179.0229,0.815356719,111.4791064,4637.446588,56187.93646,0.708901849,0.167830597,32576.89017,0.112284032,28887.12018,1,161537.6864,0.797018201,176.272,3968.389184,48815.08539,0.647439323,0.162354595,33013.77868,0.101390503,28321.9469,1,246049.3109,0.810119282,121.7675791,4610.617177,54944.80361,0.703180018,0.167972933,32519.20879,0.11214522,28624.98737,1,141992.0013,8.993397359,89.89620502,566.2478167,98.88960237
ACG1,normal,208.1181084,255,80.17173016,12.20642292,-1.754305097,0.835037767,256.3655139,5838.299927,80866.46601,0.775409465,0.15991136,26795.19965,0.106151793,24000.19616,1,49502.89235,0.840475102,120.4569121,6544.530194,87031.96809,0.8211666,0.163920257,26279.68224,0.114438597,23960.27718,1,40880.07712,0.834567857,204.8961833,5829.008309,80983.13303,0.776966941,0.158862204,26843.59596,0.106061047,24090.8606,1,48562.16804,0.838871623,129.2833687,6534.908005,86403.79537,0.818924588,0.163720587,26250.04395,0.114184778,23866.60258,1,41862.57165,7.9203984,75.22981337,587.5547732,83.15021177
ACH1,normal,236.5257124,255,56.32779287,44.61534744,-0.983934572,0.778146767,1416.541298,4137.002529,16961.3803,0.252980199,0.304111863,10651.79817,0.201726607,10395.20829,1,11752.87547,0.771019848,554.036218,4768.504897,18032.46745,0.273353314,0.305734033,9926.844287,0.213821158,9739.910644,1,10735.13908,0.785571257,1270.744485,4124.382426,17387.36859,0.253796808,0.300947965,10661.04107,0.201897649,10438.91389,1,11631.29253,0.766735223,612.6473906,4691.7957,17606.40072,0.270196323,0.304756457,10018.71304,0.212001468,9807.678273,1,10896.29138,5.37079442,17.07123402,605.3269717,22.44202844
ACI1,normal,215.3347507,255,75.78258359,15.86394371,-1.570225536,0.809831109,261.7910875,3759.180082,32129.63166,0.50145527,0.214230203,18148.21073,0.139478399,16517.36381,1,27207.90666,0.81201713,110.9677408,4306.089153,34396.66417,0.532437194,0.218762095,17519.68935,0.150479997,16187.77659,1,24207.0107,0.805333814,326.429896,3741.716661,31305.74694,0.49459061,0.216344879,18043.56782,0.140636763,16244.71119,1,28878.38268,0.808790631,145.5867392,4284.941288,33906.66747,0.529651118,0.218848966,17502.59276,0.149682172,16105.93271,1,24649.86828,8.459410279,50.97822427,471.3927526,59.43763455
ACJ1,normal,227.2750621,255,66.22688038,26.48046153,-1.255907164,0.774270862,415.5518104,3246.940864,16738.02233,0.27032513,0.270627976,18659.27686,0.16728393,17495.55166,1,25185.95909,0.765572806,209.2560506,4092.398615,18146.70102,0.299689665,0.279687994,17099.87264,0.184009576,16192.39799,1,21766.75099,0.770632335,362.7992334,3461.069445,17031.55355,0.27774069,0.273414879,18164.43093,0.171297198,17020.31032,1,24297.61503,0.766049689,206.0724229,4039.343372,18041.98529,0.297461389,0.279771217,17193.0885,0.18485377,16268.71738,1,21981.9986,7.237360439,35.68979306,577.7483444,42.9271535
ACK1,normal,236.0941963,255,56.38893918,42.86213805,-1.005825113,0.769829887,1253.554588,3655.27542,17242.16932,0.258416645,0.28074342,17438.9909,0.180208249,16417.86573,1,23024.45483,0.755105298,685.4852735,4281.501091,17773.43752,0.276772709,0.284584543,16337.5809,0.191968858,15405.24137,1,21302.05514,0.754801098,1244.089614,3415.124301,15908.08622,0.24860964,0.274011276,17707.86491,0.168423489,16528.39395,1,27468.73722,0.75564537,689.7325418,4286.877994,17840.90997,0.277434785,0.282856429,16348.40486,0.189512981,15445.44549,1,21227.70015,6.18300769,25.70249314,234.7527691,31.88550083
ACL1,abnormal,214.4013471,255,75.8252148,15.24562383,-1.606272517,0.78469808,230.3831359,5168.333568,52163.93287,0.621353256,0.180499325,29659.12832,0.115423984,25271.16007,1,76488.24655,0.789971818,108.340188,5859.733773,56845.53096,0.666835118,0.182865345,29267.55985,0.122937889,25526.92965,1,59597.11969,0.775511432,327.4133505,4895.97934,49442.64058,0.603904884,0.178379715,29902.45052,0.112506688,25125.78029,1,82743.23695,0.793729259,113.4420229,5884.231521,57757.05896,0.670577469,0.182773274,29314.43752,0.12341013,25668.81724,1,58250.06038,8.41901912,76.8759992,454.7556574,85.29501832
ACM1,abnormal,218.4143723,255,73.99073726,17.96345926,-1.483386803,0.798481855,293.6849806,3462.80416,28584.29655,0.461149558,0.210317986,20500.78463,0.134194729,18535.0831,1,36507.80587,0.799490736,134.5427621,4078.0411,30952.17565,0.497193387,0.217216391,19644.66861,0.146890638,18031.87139,1,30150.22924,0.790683374,286.8924382,3478.480115,27499.65886,0.453143022,0.213598235,20191.8358,0.134787122,18086.24307,1,42031.94986,0.798949665,181.0606589,4083.138566,30818.26818,0.495963091,0.217610783,19615.60089,0.147052898,17955.02273,1,30526.95922,8.348731753,52.08692942,570.3604856,60.43566117
ACN1,normal,220.9641597,255,71.67306017,19.86917498,-1.424629012,0.78923689,303.4938636,6804.258685,41408.4792,0.499424933,0.255047881,15034.90474,0.16230446,14122.86507,1,20178.1546,0.790873806,174.359212,8054.674999,45125.83266,0.540366921,0.259940266,14188.12168,0.176232279,13497.37865,1,17742.85605,0.793533859,298.2831548,6886.117374,42305.76745,0.504165732,0.255341077,14979.95535,0.163544662,14141.00393,1,19947.63895,0.790666843,159.4038963,8057.23243,45095.6699,0.540331856,0.260438926,14207.10466,0.177388399,13515.07478,1,17619.95743,8.035020685,37.6556025,510.481173,45.69062318
ACO1,abnormal,216.056846,255,75.51131542,16.36788655,-1.547178211,0.822052969,335.323457,3854.142154,44538.18075,0.530925109,0.178262001,24062.00027,0.116459721,21817.25792,1,37865.26393,0.829504573,158.3280631,4399.513403,48428.18991,0.56485735,0.183492611,23402.62278,0.126865947,21643.9924,1,32809.69539,0.826559858,364.4203646,3849.550634,45128.67916,0.531741115,0.178066712,24062.08314,0.117286411,21821.06568,1,37593.07335,0.824852198,172.0329364,4399.785092,47538.67567,0.56157066,0.184219155,23333.35499,0.127112272,21407.99893,1,33399.9463,7.219161415,60.72770339,553.9591419,67.94686481
ACP1,abnormal,184.5170365,247,91.84018187,6.165112344,-2.041033529,0.869751396,39.0090778,4028.018432,49209.032,0.744672309,0.179423814,17090.82207,0.128273531,16355.08489,1,20344.99232,0.88099216,25.09398202,4356.400882,52988.2065,0.777473958,0.184173194,16704.63873,0.136636324,16229.70468,1,18736.82066,0.882322534,51.82320188,4086.025085,51630.65668,0.756119792,0.179659135,17063.49046,0.12980266,16496.76857,1,19521.34774,0.879183416,29.60982238,4343.74937,52542.8488,0.774609375,0.184699674,16701.85614,0.137137926,16178.4331,1,18939.79327,7.176947732,70.11961821,674.6829622,77.29656595
ACQ1,abnormal,207.2462929,255,80.4595019,11.78375411,-1.780537013,0.834164999,204.9211501,4946.416595,64769.51374,0.700193547,0.173569271,23325.03446,0.115760913,21020.38772,1,36561.99333,0.839148469,103.3275967,5427.266595,68704.87661,0.731824989,0.176540361,22939.03962,0.122393486,21019.24672,1,32860.10759,0.830041969,269.3617509,4812.431327,62895.24558,0.687627147,0.173613678,23427.80217,0.115197447,20944.20115,1,38438.15977,0.839907916,98.68910466,5446.109723,69066.52183,0.73403594,0.176524159,22951.98788,0.122159824,21091.37601,1,32570.0267,7.915362928,69.78297103,449.5309154,77.69833396
ACR1,normal,206.812581,255,80.68201656,11.72271021,-1.791753145,0.81021974,214.9172086,4498.580464,53089.36899,0.585038657,0.165848352,29256.58401,0.107495759,25613.96174,1,52925.90652,0.814252085,68.47747263,4973.631733,56550.76442,0.615450638,0.169015979,28769.56153,0.114631627,25676.19123,1,46307.87796,0.804454865,165.2261296,4223.703348,50910.24671,0.569427173,0.16126128,29684.89396,0.102511753,25824.81463,1,55923.09306,0.815861937,73.86391861,4971.548465,56946.22743,0.61711316,0.168066041,28827.79702,0.113710831,25787.29131,1,45615.2983,8.518874673,82.7013611,477.1205337,91.22023578
ACS1,abnormal,206.5242783,255,79.08495839,11.6982101,-1.838872627,0.794423377,183.4243367,1655.083736,29094.96395,0.448529945,0.122170885,32438.84201,0.078183471,26743.80124,1,97060.05652,0.814962193,110.0465051,1854.206867,33428.89313,0.487800899,0.123108815,32413.12194,0.084088356,27674.21952,1,69986.36481,0.795856666,225.5334921,1637.666789,28982.49059,0.445149362,0.122928071,32458.41966,0.078785766,26717.59436,1,99530.17227,0.818208495,150.491438,1867.086989,33876.22539,0.490102958,0.122854264,32398.6092,0.083291455,27824.43895,1,69877.06962,8.368095546,95.6576383,486.525736,104.0257338
ACT1,abnormal,204.2568755,255,82.66489503,10.76283461,-1.841523822,0.832850487,275.679902,7089.541873,97824.49285,0.891545165,0.162344102,31118.32376,0.104716103,28369.27632,1,57652.14864,0.84576475,146.3560504,8164.34283,108102.8001,0.950613839,0.171021817,30341.65262,0.11739521,28310.04175,1,47260.00126,0.847128782,260.4267097,7516.477616,104772.3377,0.91882955,0.165334657,30751.34495,0.109953416,28451.48992,1,57650.57781,0.848016017,148.3000006,8164.391155,109065.8592,0.953249668,0.170462478,30366.79241,0.117301078,28410.8384,1,47871.38163,7.058030646,84.0568448,497.0422132,91.11487545
ACU1,abnormal,214.1714463,255,75.89483513,15.31131119,-1.613886647,0.795770593,289.6627747,3587.273625,42125.27472,0.579899089,0.161043149,33693.32897,0.100882635,29142.64326,1,427442.837,0.807521526,109.9463165,4316.798206,47711.55078,0.635172526,0.168910038,32752.79717,0.113843936,29063.5458,1,240839.2049,0.809983207,248.7311277,3817.207094,45347.45291,0.600683594,0.163683763,33379.97422,0.105926412,29329.84885,1,316536.5886,0.808414717,121.897932,4282.404757,47762.34459,0.634342448,0.16789889,32797.99802,0.11326406,29061.38507,1,224218.9784,8.065391791,87.93325036,511.1170349,95.99864215
ACV1,normal,223.2083945,255,70.03904041,21.92453264,-1.36173791,0.763765477,299.0519054,7805.500452,30020.86859,0.425765871,0.315146874,10897.19339,0.196518188,10572.73788,1,12306.87798,0.762768961,170.6045007,8991.908092,32315.31043,0.458899791,0.319422591,10239.75119,0.211045821,10027.80929,1,11129.90985,0.762470829,371.792758,7700.078104,29555.08507,0.420683132,0.316431113,10963.88691,0.197594427,10588.31505,1,12592.784,0.761552808,157.112224,8959.720465,32112.95853,0.457569513,0.318974686,10234.11029,0.210586504,9996.805059,1,11239.02326,7.106427904,26.99851523,534.1459544,34.10494313
ACW1,abnormal,198.9331966,255,85.7524666,9.107798244,-1.961464396,0.807163176,70.65425496,6083.089702,54753.75684,0.6616496,0.203819807,27050.86333,0.131938995,24354.52476,1,116691.7042,0.815610717,41.5997558,6895.894348,59755.03377,0.704919962,0.20989949,26404.25972,0.144080327,24223.05369,1,69345.44929,0.80936006,67.30402462,6023.236411,55142.62674,0.662046846,0.2016249,27178.62764,0.130514369,24517.1493,1,96508.06301,0.813161263,38.02821539,6906.426513,59267.6816,0.703691443,0.209883998,26375.29257,0.143452122,24169.98229,1,87427.36171,8.370127795,85.45456791,592.4415138,93.82469571
ACX1,abnormal,199.9069385,255,85.59639066,9.431492377,-1.930913011,0.858372771,144.2171349,8474.790384,112523.5517,1.016505636,0.174126914,22654.46435,0.120257073,21237.39719,1,29628.79536,0.861966983,75.58187862,9407.909162,118821.8892,1.061556461,0.180582618,22051.14571,0.130075651,20905.10808,1,27379.51681,0.859653683,149.0045731,8574.904236,113062.4609,1.017858041,0.175326243,22528.15665,0.12173898,21091.55331,1,29998.34881,0.861771812,78.62005315,9364.902302,118376.5624,1.05810311,0.180273737,22029.72579,0.130266042,20820.24528,1,27690.70841,7.495487589,71.52599119,613.5825192,79.02147878
ACY1,normal,213.916749,255,76.96409626,14.94531692,-1.601392843,0.817883083,274.7662279,5284.955213,48662.78733,0.521507907,0.20783093,25158.25026,0.135862816,23271.62328,1,36464.42318,0.813509057,128.3271649,5982.264394,50689.6682,0.548609617,0.212117421,24349.69773,0.143158555,22761.43447,1,32917.08788,0.811632163,222.3752341,4998.610178,46771.03865,0.509721923,0.202847081,25578.67658,0.128659797,23545.46344,1,37805.82822,0.813596146,111.9567775,6048.979135,50794.25592,0.549718965,0.213248981,24201.59852,0.145039025,22555.29274,1,33181.9108,7.276844294,61.74612371,255.3565776,69.02296801
ACZ1,abnormal,205.5873258,255,82.72345673,11.26771088,-1.791970844,0.807399712,113.1575469,7512.12479,55914.52171,0.699661255,0.227047529,22553.79494,0.149831721,20723.77107,1,33055.71174,0.809604901,55.7742245,8461.746918,59538.10053,0.739570618,0.233363235,21868.22038,0.160501319,20394.1842,1,29474.56196,0.808203755,173.3446329,7309.166957,55384.23786,0.691848755,0.224459319,22750.51088,0.146151521,20849.83518,1,33452.19509,0.807684598,59.31461105,8387.901511,58903.21629,0.735679626,0.232674375,21890.9996,0.159314464,20344.53518,1,29817.8626,8.051928118,65.55137964,562.333609,73.60330776
ADA1,abnormal,207.3774595,255,80.75144985,12.03020858,-1.769226706,0.810630205,161.1532986,7851.847438,85165.3673,0.817587269,0.183224572,23684.95631,0.119148474,20870.59373,1,174739.0375,0.81882792,92.92489954,8873.832587,93443.51765,0.876890295,0.187409759,23292.27636,0.128854648,20835.98015,1,109588.2017,0.810188382,198.144362,7804.48821,84482.58941,0.812511067,0.184083286,23709.45992,0.119997293,20748.99973,1,196975.6155,0.817930747,86.74969546,8854.710371,93185.64169,0.877020151,0.187029749,23332.22849,0.12787382,20883.00362,1,132988.9247,8.579021398,77.40268559,484.6218259,85.98170699
ADB1,abnormal,211.7891521,255,77.75051714,13.76840389,-1.667288507,0.839934213,273.2968901,3943.267244,68524.62296,0.585563316,0.140212666,31054.39017,0.0938127,27879.29963,1,50628.20431,0.84341701,138.0791124,4367.174303,72418.58102,0.61214736,0.144041025,30527.42803,0.100459765,27810.29705,1,45177.53709,0.831859574,392.7355032,3774.293014,65388.9412,0.570981495,0.138972107,31210.33207,0.091178169,27666.61233,1,54333.86315,0.846970362,148.6097002,4343.998042,73338.94773,0.613921898,0.142796627,30595.23396,0.09952932,27990.61835,1,44686.71077,7.887912757,77.88370482,458.5167168,85.77161758
ADC1,abnormal,191.0244038,252,88.74831517,7.080027656,-2.061186043,0.88249338,106.1561377,5931.718412,126379.5891,1.048158658,0.126531795,32985.55694,0.091090913,30784.86815,1,44067.43306,0.887370635,50.13462129,6313.549833,132152.7842,1.080274666,0.129930627,32546.53101,0.096417231,30720.42974,1,41247.53517,0.877378416,159.9439178,5758.954677,122736.8706,1.032079157,0.124661082,33193.10934,0.088082619,30805.3306,1,45802.83198,0.887075335,55.84298071,6286.275857,131810.7779,1.078573359,0.129513916,32563.94866,0.095932604,30709.837,1,41372.77805,7.298054245,100.0170978,542.7248127,107.3151521
ADD1,abnormal,201.7662025,255,85.7369908,10.09906246,-1.862689499,0.839353659,209.385335,8034.391696,70876.21605,0.815536499,0.217617847,22370.02805,0.152718412,20930.56576,1,56563.16771,0.840433398,81.2352862,8661.835574,74201.17051,0.849723816,0.22058699,21996.00348,0.158908701,20734.20697,1,42955.63068,0.844717393,138.0856005,8092.457524,72641.96581,0.823898315,0.216560811,22426.75807,0.152164095,21114.86935,1,51267.92791,0.843122257,79.34866024,8788.015148,75121.4958,0.854187012,0.22312708,21960.26063,0.163032122,20738.09288,1,42831.69894,6.531274063,69.80972169,437.6079156,76.34099576
ADE1,abnormal,205.3397911,255,82.26425407,11.09911768,-1.811000759,0.814233119,154.4209338,7498.0146,78535.30663,0.733998284,0.192053628,27899.80187,0.124427896,25012.19714,1,47926.89407,0.81985957,107.957314,8403.876254,84162.70716,0.77417934,0.196726923,27266.22885,0.133983627,24791.6571,1,41355.66836,0.807355821,217.9688078,7350.050174,75335.73113,0.717202569,0.192234015,27747.69352,0.12411161,24508.88743,1,53623.39713,0.816141433,100.3179217,8427.244073,82734.67567,0.768783615,0.198471087,27132.34603,0.135294859,24520.93685,1,43458.36951,7.967698268,79.70532566,487.0508878,87.67302392
ADF1,abnormal,216.5541624,255,74.44690191,16.55909711,-1.549258732,0.847621362,584.0282334,3786.092915,75195.47205,0.649940354,0.124282754,34750.25343,0.083306121,31050.94971,1,59133.13327,0.850375741,360.2383587,4184.11002,79211.41025,0.678634918,0.128139255,34106.05947,0.089343613,30857.83922,1,52977.11334,0.836834382,671.6153146,3718.588386,71533.38704,0.63583575,0.12395183,34610.21631,0.08151647,30535.21912,1,65461.79865,0.852803171,304.8843331,4188.360051,80117.85395,0.682003181,0.127997154,34175.95073,0.089102809,31075.69291,1,52037.68099,5.659906706,77.27967131,448.5133638,82.93957802
ADH1,abnormal,208.3416955,255,80.24587903,12.29428548,-1.744325258,0.777767712,97.83310647,4982.131002,39324.13688,0.583787808,0.200169369,29529.17987,0.126973808,25547.10959,1,214879.6592,0.787352931,54.18701428,5938.003098,44108.04497,0.637178801,0.209597444,28736.46747,0.142212552,25374.32035,1,130685.5839,0.78784963,90.50500422,5181.64456,41202.31771,0.595054872,0.203324044,29243.22387,0.13108427,25457.03997,1,178524.2962,0.784728356,52.84600272,5930.099883,43586.33997,0.634359944,0.209674276,28725.2489,0.141330472,25297.12133,1,138950.3257,9.09832086,87.00498711,606.6429356,96.10330797
ADI1,normal,225.7818075,255,68.03211781,24.70335209,-1.28842935,0.779664495,496.7752131,4770.606131,25048.93204,0.349060922,0.269370208,18502.05984,0.168696949,17389.60281,1,23962.86974,0.771662246,269.0701769,5679.510229,26479.87394,0.376483586,0.277954883,17357.94452,0.183900898,16449.68313,1,21674.48296,0.77076744,535.9425772,4797.653014,24389.681,0.347964015,0.268972856,18364.27001,0.167573241,17156.35061,1,24703.50014,0.772072833,285.9838585,5687.793283,26502.66732,0.376444129,0.278086017,17370.05012,0.184763969,16471.77728,1,21666.41228,6.724635832,37.13984572,563.1810737,43.86448155
ADJ1,abnormal,199.3521764,255,85.15882078,9.072720277,-1.960377906,0.841369947,142.3697174,4462.592036,66849.99804,0.808642075,0.149824765,33359.72637,0.100274115,30145.30869,1,53065.94451,0.843987957,74.98249619,4848.13793,69993.80178,0.839747101,0.153983807,32885.89832,0.106768238,30105.92667,1,48003.38781,0.826983941,131.8460327,4201.365126,61909.76176,0.777649807,0.146222126,33525.4078,0.095549356,29677.18422,1,59543.33579,0.843282274,91.40680196,4823.342845,69763.54404,0.838571198,0.153645558,32907.78071,0.106176757,30109.12116,1,48185.92527,8.440259054,95.09066165,240.2536191,103.5309207
ADK1,normal,222.1996618,255,69.63023039,20.75996833,-1.413193869,0.814971145,407.6656035,2608.337037,29427.53395,0.42127883,0.183483407,19496.69321,0.120354468,17280.76617,1,32358.99483,0.8168456,255.9071937,2933.446862,31127.13615,0.442571896,0.186298698,18963.14017,0.127173571,17032.82956,1,29384.76457,0.806234816,459.8958189,2537.92605,27986.22103,0.410307517,0.184696332,19431.3627,0.11942198,16935.86783,1,35539.64074,0.818282582,236.9224527,2941.260623,31435.13895,0.445205723,0.18652012,19049.23566,0.127388041,17210.53922,1,28500.89647,7.640706611,49.70952595,406.445355,57.35023256
ADL1,normal,213.1334859,255,79.30940906,14.83573222,-1.583665088,0.839795073,331.7314999,7342.458903,55477.4033,0.638194105,0.238455467,18371.81451,0.169868239,17616.91895,1,23650.8031,0.834812144,148.6058894,7804.951708,56529.01711,0.65755718,0.242160359,17987.70465,0.176075917,17342.73125,1,22217.53594,0.839594306,232.3020658,7298.434831,55294.87435,0.636466487,0.238770697,18472.74139,0.168966493,17761.21297,1,24120.33077,0.832879918,127.4016029,7940.782104,56450.95685,0.660041585,0.244619225,17906.75278,0.178670185,17255.95119,1,22093.51802,5.67652646,48.19985292,280.5073849,53.87637938
ADM1,abnormal,222.7058875,255,69.88149605,21.46294054,-1.386380414,0.804695878,561.7836925,4181.507097,44114.89062,0.528941101,0.187578623,27621.89671,0.117881483,24777.42896,1,50068.67441,0.81011585,198.9349285,5021.604587,48445.60728,0.571067612,0.195273807,26422.34725,0.131847537,24072.96196,1,41891.76376,0.807782638,433.5813337,4363.506204,44691.5988,0.531337128,0.192196151,27078.57231,0.123273068,24200.65334,1,53811.16664,0.809726393,211.0686434,5025.816747,48345.73291,0.570544842,0.19568712,26372.73072,0.132176595,23999.73624,1,41931.51353,8.055941279,56.88625302,496.2399898,64.9421943
ADN1,abnormal,197.886588,255,84.39306826,8.847907602,-2.030264328,0.807822394,78.86722752,7523.636863,84483.55712,0.958227323,0.181729208,27598.3463,0.11691748,24142.84841,1,60655.03215,0.819198266,49.07561012,8574.558414,93429.09901,1.027226217,0.185479782,27074.16885,0.125835323,24254.99292,1,47477.95968,0.811157542,87.71875473,7510.060023,85367.5552,0.959603153,0.181393545,27636.86973,0.116856626,24270.71358,1,59584.08878,0.821004894,44.61543732,8552.292336,94088.12249,1.029265763,0.185183447,27151.21329,0.125610655,24434.99099,1,46739.505,8.056624058,89.6493448,475.9012244,97.70596886
ADO1,abnormal,214.9909702,255,76.28310005,15.50638602,-1.573442733,0.83005661,300.6943567,4161.495303,47797.71168,0.561715704,0.18502513,28271.33182,0.120845219,26102.36436,1,42096.48874,0.825410692,164.4474696,4761.34356,49537.85379,0.588442678,0.191082306,27297.20638,0.12971281,25324.8642,1,38341.71534,0.817294605,318.5611779,3909.998739,44687.41002,0.543539839,0.181190491,28590.77585,0.114508053,26014.84364,1,45427.2994,0.825204295,154.4079825,4759.167057,49472.56101,0.587985807,0.191598091,27284.47162,0.130599805,25320.02078,1,38610.42272,7.735242441,66.17172667,233.5343559,73.90696911
ADP1,normal,231.1205086,255,60.99705303,31.80969025,-1.174457954,0.783052332,1103.117002,2933.258325,35730.44305,0.398992636,0.16199176,23208.39143,0.102161201,19390.72616,1,149228.4631,0.795844319,658.8173108,3442.448071,40790.15868,0.439172431,0.161801928,23027.28661,0.10808636,19967.64336,1,110614.08,0.78399144,901.3095242,2968.848546,36089.8195,0.401855335,0.161770511,23167.57402,0.102419642,19369.63329,1,270142.3941,0.795202763,432.913863,3419.656455,40685.95171,0.438707004,0.161372946,23030.99725,0.108100546,19915.02974,1,101604.7871,5.772745648,49.70672833,502.5295299,55.47947398
ADQ1,abnormal,221.2807159,255,72.43315815,20.43938009,-1.396568297,0.826154383,540.4012139,5572.440695,45622.50257,0.520643141,0.222474522,13586.07905,0.150868329,12742.68712,1,17688.88449,0.827375044,249.4387831,6159.929561,48225.85484,0.547284644,0.226371567,13244.0995,0.160198735,12641.57765,1,16048.0917,0.832066645,613.1827897,5471.530437,46366.58314,0.520928429,0.219988954,13768.87372,0.149552501,13037.15367,1,17182.18394,0.825335771,271.721845,6112.122165,47676.41309,0.544117217,0.225742022,13254.53593,0.159090054,12604.5403,1,16283.20128,6.586142322,36.33740632,599.0411169,42.92354865
ADR1,abnormal,215.0276975,255,76.53029204,15.62065739,-1.566920814,0.804714171,223.4821773,3639.77877,37043.6615,0.488544862,0.176309929,32968.29587,0.113815285,29309.36549,1,147263.4862,0.80577353,139.9664071,4200.168978,39597.11815,0.520058474,0.184029213,32039.73382,0.125342536,28766.30374,1,76088.90942,0.793389957,270.8473652,3545.631054,34979.81421,0.47583557,0.176268501,32890.02191,0.112511817,28615.68398,1,100034.3745,0.803360837,128.4463891,4172.183965,39107.46334,0.517118801,0.184701493,32058.7685,0.126184887,28648.72951,1,81788.79153,8.321470332,77.63822157,526.7522717,85.9596919
ADS1,abnormal,207.5961723,255,78.91832489,12.08431041,-1.802008385,0.794619608,173.7616619,4966.438307,78909.14287,0.822280956,0.131610603,33447.84173,0.085228461,27501.51026,1,121504.9586,0.811805195,115.4322442,5610.492492,90513.74492,0.900890404,0.133655596,33415.92167,0.091600633,28354.68433,1,80497.77265,0.798113258,263.0122117,5057.505449,80894.04367,0.835600226,0.132557322,33478.82551,0.086657252,27513.95468,1,106226.8562,0.816553459,97.5918038,5646.669991,92429.77165,0.908144869,0.133284044,33456.17864,0.091441126,28604.86044,1,78441.18654,7.561826496,96.26596197,466.6267048,103.8277885
ADT1,abnormal,234.5406389,255,57.90071689,38.93225153,-1.060057399,0.81042719,1270.770335,3155.688801,28694.94714,0.338747386,0.201842145,23610.26887,0.1333315,21325.04477,1,38590.27886,0.803326888,649.666172,3541.035696,29758.09723,0.357175012,0.203329505,22965.81138,0.138572449,20995.16248,1,33898.60704,0.801337485,1632.666593,3062.315124,27313.3144,0.330426638,0.200345697,23574.76266,0.130438146,21003.62017,1,42620.45279,0.805253579,618.2814914,3564.01032,29998.71729,0.358118901,0.204356153,22913.78633,0.140234836,20978.15552,1,34001.53981,5.075537464,36.88746959,466.5026909,41.96300706
ADU1,normal,193.5139671,254,87.2479507,7.75628449,-2.079797833,0.846904132,79.49791721,5921.258396,72978.72346,0.822581628,0.177158184,25005.63557,0.120088767,23082.68912,1,34975.731,0.849299924,35.76379475,6466.058956,76426.85775,0.854890046,0.181641115,24437.36524,0.128069036,22770.79464,1,32459.98635,0.849367392,90.06574741,5895.165615,73383.30764,0.821705958,0.176150372,25011.12164,0.120412091,23065.90928,1,35039.1208,0.852884604,48.31786617,6486.118088,77487.38606,0.858575475,0.18130533,24439.86029,0.128636444,22828.70676,1,31958.6621,8.42969902,83.66001386,465.2414983,92.08971288
ADV1,normal,202.4518827,255,83.72231893,10.04491828,-1.882942971,0.854335407,269.6345489,5068.192739,85644.66915,0.889523237,0.14873002,30632.11151,0.100421824,28253.19227,1,43089.86859,0.856962153,100.6891324,5566.011642,89473.76997,0.921181033,0.153826204,30020.45564,0.108034164,27960.77555,1,40197.87018,0.848973696,173.4892878,4868.217923,82922.68556,0.873232887,0.146525366,30830.16089,0.097615098,28208.38688,1,44951.32624,0.858023872,93.59823444,5561.686784,89849.08457,0.922268487,0.153897619,30063.46575,0.108313445,28061.73559,1,40018.52749,7.398513251,85.02478041,458.4423642,92.42329366
ADW1,normal,236.8509814,255,55.05444969,44.99403033,-0.988967398,0.751742987,1340.335369,3965.348228,19526.6394,0.277627569,0.260706099,21296.56278,0.158445285,19177.5695,1,50885.5164,0.743552599,584.021171,4861.401267,20948.25631,0.304104924,0.267256732,19994.62496,0.175049267,18160.50082,1,39711.47927,0.744462451,1304.494554,3908.216432,18805.75417,0.272899737,0.26139844,21224.18411,0.158278393,18955.17213,1,57046.51284,0.741390325,572.2589613,4864.515881,20787.21487,0.303589567,0.268078745,19911.30662,0.175404119,18063.28672,1,41466.53273,6.672435322,30.99290763,556.8443219,37.66534295
ADX1,abnormal,215.8813583,255,75.12799852,16.16133859,-1.562079749,0.833102685,451.7429294,3287.286532,49235.5626,0.595714962,0.143404106,36872.18147,0.093893559,33139.03477,1,288222.6134,0.837082005,199.3923079,3719.159286,52633.59397,0.629087753,0.149500506,35989.41327,0.102939711,32741.24552,1,182986.1289,0.828877866,364.6978299,3255.110524,48241.35853,0.590190972,0.143553872,36837.61758,0.093694674,32840.48236,1,217079.7193,0.840652045,171.0248083,3726.536688,53376.97594,0.631739268,0.149543001,36052.06409,0.103825048,32947.44402,1,170716.097,6.744768826,83.81055623,475.6192993,90.55532506
ADY1,abnormal,219.8553063,255,71.31618389,18.63081828,-1.478403294,0.82655747,436.0852407,2440.644346,45922.35031,0.518004919,0.132115996,34329.55115,0.08622691,30255.49572,1,65905.20437,0.82944028,244.5871642,2777.813241,48876.26457,0.545869502,0.135603865,33693.0827,0.093034206,30225.87689,1,57108.45019,0.80987187,579.4989836,2314.968754,42193.61723,0.498206019,0.131529745,34332.43667,0.083358367,29455.2454,1,76835.80427,0.833381204,285.7545923,2780.375364,49623.02447,0.548560475,0.135723953,33776.69513,0.093288339,30452.45867,1,55962.32392,7.710434473,73.66203594,239.5293949,81.37247042
AEA1,normal,196.3516654,255,85.66563945,8.384493053,-2.053857358,0.856849647,93.43555832,4893.368328,83626.58318,0.812735722,0.138807841,24078.83722,0.096336349,21826.34393,1,36592.9297,0.861397386,61.05411205,5261.131902,88035.91825,0.844228179,0.141770648,23733.90349,0.101531044,21800.90861,1,33290.71128,0.854777033,193.9421888,4800.628651,82218.05939,0.803838901,0.138404719,24194.05896,0.095089813,21843.19482,1,37518.88555,0.862036595,63.20859982,5256.184261,88207.47865,0.84454472,0.141585712,23765.47249,0.101555131,21860.86528,1,33197.80992,8.383103448,82.74384248,483.2055575,91.12694593
AEB1,abnormal,191.8840262,253,87.97197998,7.311297941,-2.084162723,0.862209858,88.62903427,8848.881299,129852.5726,1.13084713,0.167799758,25728.6337,0.115178047,24101.41177,1,33641.07231,0.865213711,59.43712487,9685.991729,135703.976,1.17106681,0.173773184,25138.63457,0.124092218,23745.79545,1,31687.83231,0.856586895,115.3409351,8751.124509,126427.4042,1.117928341,0.167866179,25722.40387,0.114198698,23908.57086,1,34862.45524,0.866482225,50.26841232,9684.338461,136401.3114,1.17333219,0.173229381,25164.00247,0.123619948,23807.59574,1,31396.84373,7.916498438,85.56632213,458.1012944,93.48282056
AEC1,abnormal,216.5748159,255,74.455907,16.43582973,-1.54823918,0.812621554,394.0835427,4633.964282,66618.95708,0.69649406,0.155855318,25340.35928,0.099484641,22070.76203,1,55549.79083,0.825558703,180.7078975,5354.582336,74668.65997,0.753125,0.158761769,24963.06704,0.107912402,22380.2233,1,42561.07457,0.812223962,382.8863049,4689.33554,66647.09458,0.697423812,0.156261473,25239.78427,0.10084673,21936.44785,1,56151.54913,0.825115633,182.9663502,5347.485357,74431.82795,0.75158187,0.158491768,24963.04157,0.107708545,22347.50153,1,42712.5458,7.720408163,66.15020045,559.1241017,73.87060862
AED1,abnormal,223.3976845,255,69.6819052,22.12140269,-1.360567658,0.802266117,408.5271572,4883.524665,39626.10602,0.426267102,0.216784217,22391.99459,0.137423209,20629.18992,1,32561.75744,0.799545499,235.976164,5763.340453,42047.62503,0.454951803,0.225110073,21361.61595,0.150995464,19886.68564,1,29276.44999,0.805167543,687.1697208,4913.637284,39953.14335,0.426688174,0.217969229,22362.79472,0.139164447,20601.40119,1,32650.75839,0.800516705,245.8336931,5793.015336,42271.35488,0.456208541,0.224886893,21342.36434,0.150406951,19876.60212,1,28838.7622,7.386075851,47.22232484,593.3956674,54.60840069
AEE1,abnormal,212.8281184,255,77.48127219,14.48039992,-1.632854509,0.820485681,244.51065,3281.71704,27505.98182,0.426535088,0.221302382,17074.06936,0.145542288,15983.74676,1,22493.52949,0.815527392,107.2059816,3786.507488,28858.57674,0.452380952,0.227598293,16267.46436,0.15671118,15333.38644,1,20693.64164,0.821640639,226.1012173,3324.385903,27790.34291,0.429452538,0.222525036,16994.64166,0.146658904,15931.93409,1,22239.10457,0.822313338,96.7480591,3769.591454,29589.32577,0.455229872,0.226079562,16413.202,0.156010137,15631.33188,1,19931.33011,6.788742041,49.18939134,466.9389572,55.97813338
AEF1,abnormal,219.4016287,255,72.90722272,18.69468553,-1.464808424,0.830871206,402.3849528,1752.160706,23090.72352,0.330803571,0.173059905,27999.72787,0.113577385,25695.40275,1,44755.73918,0.835337314,184.3342902,2037.293946,25020.32147,0.353171503,0.178553648,27074.90206,0.124497475,25236.35398,1,37587.68549,0.837468776,324.1919844,1774.948567,23740.77645,0.334170387,0.173228455,27916.45038,0.116007352,25630.45364,1,42061.20994,0.835284283,195.9629259,2031.764793,24980.9075,0.352715774,0.179312687,27092.70074,0.1270075,25194.91356,1,37428.16731,6.905390104,59.49185455,503.0105852,66.39724465
AEG1,normal,238.8049235,255,52.21393658,51.32692063,-0.930503095,0.743748974,1188.766663,2442.424011,10246.83387,0.190288814,0.279017051,16080.83096,0.173035858,14865.84921,1,23275.39244,0.729786919,619.2699336,2988.069934,10820.24928,0.208540266,0.280789765,14883.76409,0.184444534,13861.26019,1,20398.55933,0.733336227,1300.245521,2310.862119,9553.976654,0.182867894,0.280122655,16269.65681,0.168757623,14777.1262,1,25625.51831,0.727076163,466.3854162,3032.84293,10774.20762,0.209170614,0.284176642,14791.70992,0.188147967,13758.06651,1,20450.37592,7.164222795,22.63100254,230.9275918,29.79522533
AEH1,abnormal,216.3949402,255,74.83019329,16.42685448,-1.547706539,0.832648377,503.6615914,2398.140103,42413.71338,0.547311828,0.127220903,37144.47883,0.081858125,32907.59018,1,77935.66867,0.838982403,207.5800539,2678.702642,45573.65854,0.576990927,0.130877968,36510.27652,0.088454871,32962.93924,1,63554.2242,0.824310386,450.4257306,2335.231168,40641.1798,0.536080309,0.126856014,37155.088,0.081045882,32520.70368,1,80528.1487,0.835278884,198.7159964,2692.788166,44968.62908,0.575252016,0.131990769,36396.04558,0.08931216,32696.84294,1,64598.30657,7.156533073,80.98493249,539.941339,88.14146556
AEI1,normal,225.6109092,255,67.72120067,24.21284067,-1.301915377,0.762526601,386.4408942,5332.895424,32123.53661,0.414355469,0.236066138,22712.25585,0.145383266,20337.17378,1,42595.75928,0.758687858,234.5432614,6296.297277,34141.7244,0.444698661,0.245239208,21853.6674,0.159984501,19812.18495,1,35831.01529,0.76697986,486.126399,5204.890219,32278.173,0.411356027,0.2364378,22934.576,0.145131714,20489.08514,1,41988.11407,0.762955314,208.6309641,6312.423275,34805.14926,0.447802734,0.24495307,21937.85633,0.161404597,20018.96598,1,34461.75589,8.484445593,46.68147395,452.7575732,55.16591954
AEJ1,abnormal,230.5124795,255,62.79906092,31.12986748,-1.169803505,0.78700992,846.8481918,4380.870101,27484.36934,0.331752232,0.247489147,20165.47237,0.155390026,18827.12251,1,28160.53968,0.788960298,468.3486014,5212.121795,29973.20606,0.359095982,0.254219916,19072.44512,0.171076294,18071.47832,1,24562.73631,0.791537222,928.8467489,4443.73916,27981.80895,0.333635603,0.248374278,20024.41888,0.156961648,18708.03132,1,28532.03439,0.789410214,653.2098107,5196.432011,29964.32822,0.358628627,0.254032969,19064.91483,0.169933175,18036.68317,1,24649.79105,6.123866995,34.98490729,502.422214,41.10877428
AEL1,abnormal,215.3514374,255,75.42142153,15.85162186,-1.577080959,0.812349425,387.7272917,4070.15527,38428.32655,0.454770892,0.204404817,23202.50295,0.129711009,21449.98906,1,33038.25965,0.815565701,134.2429348,4776.838694,41619.94321,0.487140098,0.208650406,22271.93577,0.140572762,20946.92952,1,28790.43421,0.818229918,277.8118139,4104.874809,39384.82158,0.458450375,0.203029269,23124.02314,0.131014873,21430.59696,1,32328.33731,0.815841741,120.331845,4819.678014,41759.72018,0.488222729,0.209557066,22160.74888,0.142233774,20808.5675,1,28949.64817,7.683505291,57.16905315,487.3190475,64.85255844
AEM1,abnormal,209.8641911,255,78.53722838,12.7524028,-1.724117716,0.829396262,326.7094975,4561.335586,82030.66762,0.7247776,0.125251398,37574.30468,0.08093392,32871.64901,1,114901.5493,0.831909768,135.6967772,4987.340931,86323.0079,0.756603558,0.127841651,37153.48576,0.08637114,32959.4551,1,86437.7119,0.805382156,325.1469528,4296.096995,72748.19172,0.685224681,0.124749526,37440.62514,0.079468897,31656.52607,1,130394.1731,0.832441012,128.7641003,5019.552635,86574.80255,0.757795392,0.128561149,37094.55718,0.08736167,32867.80921,1,85881.3613,8.010235986,94.82415289,205.3794361,102.8343889
AEN1,abnormal,212.190183,255,76.2652101,13.9655437,-1.683984752,0.824725351,406.6108287,2578.748063,54513.56586,0.621289789,0.105738729,36636.21186,0.068542662,31530.34006,1,78635.54468,0.835706003,152.2360744,2866.315084,59894.53596,0.662298153,0.106837114,36287.55968,0.072535463,32072.24803,1,63979.22092,0.816623926,368.7575794,2504.766598,52394.33342,0.61021724,0.104117931,36680.5635,0.066310451,31186.80963,1,82930.76226,0.836639486,141.8574177,2876.5613,60215.68882,0.664236757,0.107466688,36273.61862,0.073235625,32067.92397,1,63055.87444,7.803439648,90.44366543,474.233423,98.24710508
AEO1,abnormal,223.8186244,255,68.99179672,22.45606067,-1.355873179,0.801982204,604.9911902,2811.997957,31186.75005,0.428399181,0.176389346,29110.56279,0.11289977,25594.66798,1,63150.22462,0.803238136,260.3826305,3252.153564,33560.57903,0.458625132,0.181438083,28403.50679,0.122020892,25440.07018,1,50161.97047,0.798652616,603.4935418,2722.717562,30445.85956,0.421990618,0.175237385,29263.8162,0.111435732,25587.77271,1,65838.3451,0.803753274,356.3826418,3215.848734,33506.22486,0.457402881,0.18010636,28537.79166,0.120257819,25619.45337,1,50408.44943,7.223611785,59.12963776,580.5412766,66.35324955
AEP1,normal,226.5616385,255,66.68390632,25.40159008,-1.27939542,0.804636267,593.6713742,3101.746018,34891.36041,0.417200545,0.162996078,32821.68748,0.10652598,29072.46422,1,78853.22548,0.793173448,320.424785,3430.528572,35315.25062,0.434746058,0.167668856,32371.91612,0.113181574,28844.86983,1,65029.4032,0.789127729,606.8160308,2814.547395,31690.19072,0.395118275,0.157876838,33196.33069,0.101137013,28698.92566,1,97756.80886,0.800766072,337.7314231,3478.714687,36412.20216,0.439079893,0.167595426,32314.64277,0.113781339,28981.0307,1,62912.6396,7.503097454,61.22371642,387.5710504,68.72681387
AEQ1,abnormal,221.2038043,255,71.83816241,20.17426675,-1.411347166,0.8142548,498.8805112,5125.292451,57458.57584,0.561032123,0.175065768,31183.01474,0.112997608,27974.95795,1,146717.1774,0.819106618,292.2272631,5988.660887,62298.31785,0.599239373,0.183525,30191.05743,0.126662453,27407.81545,1,108614.4519,0.823382204,566.6742583,5261.802647,59671.30578,0.568347244,0.175908595,30920.17911,0.115829671,27905.38855,1,214198.8528,0.818780361,286.6451162,5954.774085,62214.00394,0.598948224,0.18229799,30260.23025,0.125183474,27477.0065,1,111492.4194,6.734020589,67.20064292,633.396244,73.93466351
AER1,abnormal,215.814463,255,75.46221559,16.0944794,-1.557820826,0.792840445,174.9462122,9659.483858,63177.0979,0.674209986,0.246942093,16394.76666,0.155845872,15185.81198,1,24016.55059,0.798490558,110.8014141,11163.61362,68878.12882,0.72247471,0.252099701,15743.87596,0.169425519,14825.16525,1,20738.21449,0.797372464,304.7653766,9507.863049,63687.57785,0.671430539,0.246421045,16529.45925,0.155734838,15352.04703,1,23896.87723,0.798445084,119.2944266,11142.02975,68832.14676,0.722218049,0.252093997,15764.87564,0.169119479,14841.91511,1,20597.78236,8.644445239,45.03140868,501.9456139,53.67585391
AES1,abnormal,212.5368115,255,79.01381709,14.45373227,-1.612244166,0.833535678,264.0816925,6203.459745,66911.11515,0.633512034,0.193437432,23385.29785,0.12719223,22031.19805,1,30286.76867,0.839282813,127.8086645,7080.364571,72139.11593,0.671033082,0.20052857,22570.42963,0.139592758,21581.07163,1,27241.57089,0.83970068,271.7569598,6164.529179,68208.28801,0.6353073,0.192114811,23424.83675,0.12652453,22151.55302,1,30069.67246,0.835824643,120.0876399,7096.369322,71221.20496,0.668785905,0.201214822,22509.54869,0.139329786,21425.70511,1,27653.70844,8.440693195,60.26737789,570.6995559,68.70807108
AET1,abnormal,205.4676272,255,80.19013366,11.2284714,-1.853059867,0.82165802,213.8243508,4673.352493,82585.54148,0.867772109,0.136801379,31083.29818,0.08717601,27120.35382,1,65500.17992,0.839372143,87.31873377,5494.287944,94269.76693,0.943738042,0.14113766,30518.81311,0.096663784,27531.63566,1,50546.16818,0.829148882,161.1893127,4940.45843,86683.53718,0.892624628,0.138688735,30853.62707,0.089777411,27200.86586,1,61716.46588,0.836630081,87.24729376,5481.585438,93270.33608,0.940801711,0.14128306,30523.16553,0.095784016,27478.01755,1,51479.29617,8.683580651,88.6300136,630.7218079,97.31359426
AEU1,abnormal,209.3847107,255,80.9670891,12.65334221,-1.690141877,0.841859032,246.7034293,6312.900787,83861.07953,0.745084536,0.167276688,29972.6491,0.112605813,28041.35352,1,40593.88491,0.840715671,138.1123682,6961.104979,86939.12311,0.77292102,0.173429165,29488.57504,0.121010121,27926.03284,1,37172.12827,0.841783567,302.8912401,6282.332058,83490.29041,0.741742259,0.166681807,29938.48997,0.112187932,27890.30999,1,41169.8983,0.84207745,135.4549667,6963.420663,87369.41947,0.773752137,0.17343217,29490.26678,0.121331819,27955.86443,1,37001.6457,8.043777599,74.26168175,574.7034797,82.30545935
AEV1,normal,208.6291099,255,79.5637609,12.45247959,-1.748442617,0.824259477,189.7276555,5487.574543,69873.97481,0.776551178,0.17111943,24048.45906,0.110821056,21533.08001,1,40541.19664,0.830144397,96.43508964,6320.382725,75804.2841,0.82773579,0.177186726,23363.13268,0.121833836,21301.46701,1,34509.07128,0.825331116,214.3199025,5626.93399,70725.29834,0.783656024,0.173219624,23920.64043,0.113574021,21423.75117,1,39215.00742,0.829112105,104.387983,6222.715228,75204.7137,0.823723392,0.175323277,23464.77335,0.119048822,21394.80963,1,34786.35523,8.499428807,69.93329788,583.4270159,78.43272669
AEW1,normal,215.1709724,255,75.11965152,15.62425588,-1.590623498,0.854249476,507.8286433,2432.166452,42696.39996,0.541596756,0.143969407,31741.10288,0.096812118,29138.48151,1,46399.74622,0.856813038,196.6466466,2747.560798,45244.43659,0.56861717,0.148444473,30885.67743,0.104003126,28741.97414,1,41959.62722,0.853975215,464.5355498,2433.316291,42737.5005,0.54252307,0.143080083,31695.1987,0.095402477,29082.91328,1,46110.59679,0.862639948,199.7299424,2772.431403,46326.89568,0.573143876,0.149026609,30883.48131,0.105434163,28910.13715,1,41059.46248,6.067052803,71.74099102,452.044803,77.80804382
AEX1,abnormal,207.2784964,255,80.97691424,11.68236846,-1.767966984,0.815075494,155.7932007,6276.496423,70248.272,0.792526135,0.178481414,31538.64408,0.115976423,28106.72143,1,127465.9434,0.81651725,116.3966844,6850.235061,73585.29597,0.82638967,0.181962164,31149.23477,0.122647296,27996.05986,1,106605.5894,0.805187979,318.6673182,5590.858026,64462.06982,0.747625337,0.173463171,32098.24676,0.107995773,28149.21453,1,229500.0499,0.817729342,90.05015152,6893.74044,73939.14056,0.827640232,0.18275802,31080.1459,0.123374646,27923.46235,1,103465.9738,8.384053659,88.52618264,237.2087604,96.91023629
AEY1,abnormal,212.6139342,255,77.8506768,14.2813411,-1.633360205,0.822919396,262.0869034,4822.984597,59176.49452,0.581756689,0.16842314,28191.48226,0.112906887,25136.54979,1,46465.89394,0.82198037,167.2561142,5362.22163,61787.30058,0.608008437,0.173891466,27592.26852,0.120703981,24935.89787,1,42191.27405,0.81257279,277.6535685,4737.813381,56040.25833,0.566125449,0.169416637,27973.86601,0.111496687,24599.08089,1,52848.8983,0.826959584,145.3603963,5413.453316,63075.01949,0.612251647,0.17434205,27596.29577,0.122249302,25082.48609,1,41448.57841,7.020481902,71.36122374,443.1963452,78.38170564
AFA1,abnormal,217.288822,255,74.12679608,17.11473304,-1.526216428,0.801028303,311.7159393,4316.21041,49796.52015,0.535717048,0.175034524,28722.35138,0.11026431,25107.02585,1,56883.98658,0.813498626,159.5828834,5041.675262,55989.44164,0.58145756,0.179008157,28248.01088,0.119870601,25530.75254,1,44205.859,0.806982934,382.8593336,4422.497917,51305.66788,0.543065439,0.175232004,28629.72816,0.111433013,25213.28685,1,55088.79929,0.807119139,242.8597913,5080.876553,54532.8933,0.576468389,0.180617771,27999.24626,0.120632327,25049.4099,1,46511.7424,8.3019047,68.06033295,563.9087281,76.36223765
AFB1,abnormal,216.7192793,255,73.37982813,16.58629126,-1.565037218,0.796642138,371.3831792,2678.002742,46389.72573,0.529030386,0.115380631,38543.9664,0.074134702,31997.02239,1,125480.0167,0.805714553,163.1576381,3052.367964,51541.1375,0.57288968,0.117906423,38133.54205,0.079205959,32577.04231,1,90329.53652,0.785900286,418.1723014,2666.431501,44643.09111,0.523822053,0.115120835,38442.83322,0.073512976,31559.01536,1,120121.5044,0.810602898,149.0876376,3039.273894,52535.26546,0.57628994,0.11629769,38309.86488,0.078611849,32952.07181,1,88818.65044,7.845407993,89.61067018,558.4961121,97.45607817
AFC1,normal,213.4180599,255,77.41806896,14.73193229,-1.611326941,0.831488217,240.0430006,5427.332212,52367.70055,0.623120359,0.207086319,19017.9197,0.138885303,17710.24508,1,28315.18967,0.828174686,114.6398901,6067.331411,54552.5094,0.653055384,0.211582463,18406.49864,0.147609426,17283.77584,1,25498.16727,0.826206448,275.6023496,5334.697062,51072.92206,0.616282488,0.205708055,19112.78665,0.136763423,17724.39409,1,29006.98324,0.82776344,129.5448158,6073.724636,54463.42815,0.65285427,0.211600936,18397.34668,0.147824397,17272.67465,1,25625.5002,7.67454986,52.59348453,255.3588886,60.26803439
AFE1,normal,233.1242903,255,58.41037129,35.51547558,-1.123552679,0.774235521,1512.634829,2048.47011,33235.48448,0.373316056,0.120635063,35263.53895,0.078413064,28197.66761,1,213907.3207,0.792955049,617.5904881,2328.767914,38846.68041,0.414356721,0.118121624,35525.18489,0.080061444,29777.3602,1,136737.1108,0.779397283,1711.983232,2015.414896,34031.29652,0.377053285,0.117495963,35669.46701,0.075267183,28765.37605,1,195485.1458,0.791563195,582.3282663,2346.90514,38727.39339,0.414694762,0.11865197,35396.99075,0.080494509,29544.2914,1,135215.4869,5.205872253,60.90154491,600.0856711,66.10741716
AFH1,normal,207.8874325,255,79.44966664,12.05862914,-1.778959039,0.801833402,327.532986,6911.513037,98298.06212,0.899304336,0.145145048,30471.57826,0.094277783,25559.84562,1,76151.49317,0.810428155,143.8663259,7755.526406,107356.4963,0.95957141,0.148824174,30083.47995,0.101143788,25769.6444,1,61818.89585,0.789749938,272.2566317,6971.114532,92627.03026,0.875263343,0.148678647,29939.96878,0.096044959,24591.64196,1,88701.67239,0.814182265,190.987283,7728.323912,109159.7758,0.965935525,0.147611808,30240.55508,0.100271071,26096.09899,1,60043.72318,8.00899279,87.59648007,455.1575056,95.60547286
AFI1,normal,222.080874,255,70.4610218,20.75268648,-1.401588785,0.80904186,394.4065621,4285.115358,46444.73855,0.491633048,0.186523496,16797.70609,0.120183589,15070.6925,1,33240.99505,0.815745894,212.18023,4992.000049,50999.29269,0.529050837,0.191018608,16340.26426,0.130926191,14962.58886,1,26308.93463,0.811125943,517.7342498,4369.860581,46735.71196,0.492106526,0.189856883,16657.98043,0.1237024,14905.01643,1,33850.63061,0.814196277,233.217008,4951.15872,50633.71081,0.527559055,0.189929383,16374.56398,0.129619171,14970.15932,1,26551.5906,7.584344056,45.08409568,608.0138037,52.66843973
AFJ1,normal,217.6941338,255,74.6680684,17.35134194,-1.498868272,0.821551805,277.0863048,4065.40907,31556.17837,0.450620298,0.228537775,14509.08362,0.153378405,13628.24547,1,18678.75495,0.817699997,126.0491894,4576.971614,33001.16468,0.474636502,0.232745774,13951.35261,0.163873672,13225.89673,1,17281.4416,0.817508272,291.0686408,4060.89553,30924.27333,0.446442781,0.229954535,14447.10287,0.154864258,13443.68628,1,19372.21123,0.818282845,151.7626672,4556.008951,32990.8153,0.473804615,0.232173267,13962.58839,0.16312641,13229.52807,1,17352.46217,7.892616959,40.35381164,251.1314056,48.2464286
AFK1,normal,216.1390189,255,73.69507239,16.2540482,-1.581963887,0.801470641,314.9733584,2190.980822,36915.35913,0.536200237,0.107616468,37784.59301,0.069851644,31399.68913,1,110780.7644,0.809956912,168.2262156,2367.885715,39829.25455,0.565223065,0.108715677,37591.52504,0.073333604,32001.47797,1,95562.17825,0.782561031,589.7072473,2035.875533,33204.55543,0.507664602,0.106754714,37999.19044,0.067209913,30716.65782,1,138048.2325,0.812907115,160.6262566,2393.612827,40445.93067,0.569442511,0.109607376,37538.56569,0.074254421,32077.5438,1,86460.28901,7.905721457,90.37360833,224.9193314,98.27932978
AFL1,normal,222.3712606,255,70.6902618,20.94860375,-1.384719983,0.799714029,379.9464353,3026.420279,20563.01112,0.325688334,0.240599,22907.71401,0.155417086,21390.59579,1,34395.84015,0.792250173,217.7165887,3479.512627,21349.0888,0.344641232,0.247973136,21961.01122,0.168677773,20616.10302,1,30544.92641,0.793373764,504.9712766,2857.241683,19674.58018,0.317212151,0.236542973,23288.42293,0.150205618,21535.10781,1,35223.74352,0.794558009,232.1577408,3511.771864,21620.24558,0.346812424,0.247598106,21912.34706,0.168667705,20622.49079,1,29949.43216,6.708055218,47.55555548,404.3448076,54.2636107
AGA1,normal,222.4940358,255,70.26543271,21.00270315,-1.387850168,0.807165,414.9775886,4394.048674,42068.52444,0.487026173,0.197217044,20136.93178,0.127340493,17999.37812,1,32619.42813,0.807005967,275.8028366,5017.019239,44514.62001,0.514546198,0.201903477,19457.16443,0.137061719,17594.6798,1,29403.77198,0.800202025,575.861098,4273.629378,40415.53452,0.476759928,0.197358031,20117.77075,0.126998375,17757.13509,1,35126.17428,0.809785815,294.8466192,5014.116289,45014.34788,0.516294844,0.201836443,19553.15902,0.137996152,17778.19194,1,28808.76905,7.459690884,47.71515912,455.3788219,55.17485
AGB1,normal,206.7543691,255,80.7644402,11.60622596,-1.792086868,0.84427555,185.0282598,2704.685406,44549.3108,0.611586085,0.14340592,21810.48941,0.097454301,19569.75623,1,34690.60271,0.84888663,97.21494412,2961.158342,47269.93346,0.639666863,0.145958682,21463.56933,0.103240079,19594.21479,1,30975.75795,0.838415643,222.9844404,2629.773933,43078.69074,0.60098209,0.142438666,21919.23858,0.09546154,19486.51544,1,36042.33124,0.846058647,90.07586516,2938.839477,46725.88117,0.637059626,0.145215024,21475.46933,0.101966982,19549.91784,1,31299.65234,8.758183962,69.78908148,483.8459004,78.54726544
AGM1,normal,240.4825046,255,49.54829673,58.88189058,-0.87899058,0.739192512,1566.364442,2105.947652,7898.943863,0.154356361,0.300826628,13503.68245,0.185619019,12786.57761,1,16848.64905,0.727757233,642.0119884,2651.73951,8639.164754,0.173669496,0.29996781,12186.05395,0.199017961,11696.46292,1,14672.91151,0.736053407,1136.874945,2183.303408,7988.531658,0.15737032,0.299903624,13272.17552,0.186447686,12596.85428,1,16540.45467,0.725278857,674.3779364,2606.291571,8500.564256,0.172192259,0.300083949,12368.47973,0.198558555,11896.25652,1,14476.7276,6.422743226,17.40446462,494.3443709,23.82720785
AGO1,normal,237.6251408,255,54.18797028,47.07233571,-0.961921574,0.775557661,1405.33179,2953.040084,14788.98011,0.2066469,0.278047951,12583.79992,0.175093037,12138.18895,1,14781.55832,0.769300651,623.0478712,3502.896384,15906.58937,0.225134915,0.278119428,11740.34555,0.187446219,11450.67068,1,13060.13198,0.77364138,1067.208796,2911.766464,14619.49372,0.205454631,0.277733695,12693.27332,0.174909678,12257.236,1,14692.33314,0.763528155,564.9592538,3477.480398,15549.44056,0.223691642,0.278098535,11732.51967,0.185527069,11376.989,1,13311.84164,6.493954655,19.22011401,252.5754438,25.71406867
AGV1,normal,200.383624,255,84.49331088,9.506712845,-1.939196443,0.863783568,150.6003034,2764.442643,47464.11694,0.648591821,0.128043857,21735.73584,0.089696793,19844.01967,1,31776.99323,0.865880963,68.73899434,2953.19556,49521.48304,0.671739969,0.130659844,21393.15961,0.094066286,19766.19356,1,29373.19971,0.861872097,192.5116913,2736.439596,46877.21136,0.643894676,0.127708811,21790.32315,0.088611809,19852.28691,1,32461.70942,0.867344884,69.68826926,2955.069063,49827.01424,0.673138503,0.130524572,21443.33576,0.093885357,19869.08083,1,29017.95634,8.097413286,74.50124077,469.908744,82.59865405
AGW1,normal,244.3629477,255,43.40135713,83.20320612,-0.735257119,0.755411373,2349.458538,2293.157653,9738.94144,0.141319788,0.280776816,17980.65957,0.183454436,17087.44887,1,22271.19305,0.729898453,1388.005376,2749.782168,9791.355125,0.152212512,0.281206206,16661.60841,0.192204969,15809.91465,1,20707.71608,0.741480847,3262.066121,2006.119052,8802.130788,0.132866539,0.268618696,18909.45093,0.165744333,17853.27563,1,24381.2786,0.729566715,1167.229238,2766.305213,9826.854314,0.152822381,0.281624811,16653.81314,0.19436052,15829.27769,1,20424.92342,5.028262285,16.78643459,213.5129878,21.81469687
AGX1,normal,197.9811825,255,86.81184198,8.801147518,-1.970427636,0.830414479,73.71275106,11191.24561,86023.84963,0.886992521,0.234017543,15029.15446,0.158440996,14203.95246,1,19011.22902,0.827813207,40.80961021,12205.08421,88725.69363,0.920078793,0.239408205,14600.74761,0.168113688,13865.14547,1,17992.48709,0.820215655,96.65087471,10766.83109,81449.48697,0.863000801,0.232547413,15154.5958,0.155535318,14132.89757,1,20352.73208,0.827946136,38.78052585,12233.36856,88809.09629,0.920365919,0.239704193,14577.89442,0.168781735,13830.35364,1,18032.39008,7.612705965,55.80570383,244.8984708,63.41840979
AGY1,normal,206.5245401,255,81.12190766,11.51781132,-1.792689348,0.856457788,269.1661824,4264.046101,76488.27026,0.749206543,0.124445002,27076.79315,0.085300763,24503.34179,1,41291.86304,0.861137161,137.1778622,4593.051326,80534.26073,0.777981228,0.127892405,26660.72724,0.091315512,24446.29689,1,37726.74,0.853613412,346.9274747,4184.875941,74785.89991,0.738525391,0.124233261,27122.02821,0.085054034,24350.92578,1,43068.11678,0.86167081,125.6969776,4587.470886,80743.43804,0.778828939,0.127215695,26698.34062,0.090407351,24525.02516,1,37494.73585,7.172704553,78.12424384,477.1275507,85.2969484
AHA1,normal,235.9054713,255,55.83417744,41.90301871,-1.025959165,0.820161576,1565.686373,2007.860702,22104.93999,0.260891281,0.18627377,28291.41046,0.122195617,25902.40014,1,43708.77169,0.812325438,722.1792134,2360.334711,23159.17508,0.277865577,0.189299266,27253.88367,0.130585323,25290.87467,1,38328.14619,0.813225428,1242.33982,2005.852534,21615.00844,0.259735806,0.186046404,28226.08935,0.121578815,25731.61474,1,45096.40936,0.81646078,791.601901,2370.527995,23530.43236,0.279199964,0.189057419,27263.25002,0.130708997,25414.12108,1,37879.2796,5.174468344,38.19658697,449.2782495,43.37105532
AHD1,normal,228.0133415,255,65.29775835,27.14861771,-1.23985842,0.794965794,651.9926476,5547.861515,43368.5042,0.476568989,0.2234402,20527.44115,0.140645582,18882.49165,1,31137.99778,0.800077275,346.2898449,6800.45609,47894.05715,0.517947986,0.232351092,19371.60982,0.158316208,18046.71705,1,26557.04551,0.801306869,722.873424,5713.37931,44531.89705,0.481214961,0.225834855,20328.09106,0.143420501,18685.88095,1,30562.65359,0.798746596,405.7536296,6751.087185,47643.98224,0.517110932,0.231354981,19450.89791,0.156308959,18159.95221,1,26498.39254,7.091158128,39.15500716,613.6424661,46.24616528
AHQ1,normal,225.8970689,255,68.04764227,24.59465742,-1.283053905,0.783440204,524.5581545,4310.953268,23101.34536,0.305520228,0.26554923,20353.19151,0.169415229,19074.64617,1,27929.80215,0.77298263,233.8631166,4985.368927,23873.30009,0.324415577,0.272169087,19282.6297,0.181568792,18129.39112,1,25789.95004,0.778611045,428.6498087,4072.785441,22302.48656,0.298775133,0.259068852,20727.27339,0.162036769,19388.08277,1,28964.99209,0.775062949,239.2927796,4994.928355,24035.80026,0.32480923,0.273460365,19273.20897,0.184080639,18132.41554,1,25874.74575,7.282853998,39.31610267,452.4766506,46.59895667
AHR1,normal,219.1114999,255,72.43322829,18.40627158,-1.48641035,0.79570286,374.8677045,4196.451455,38420.52937,0.443621837,0.201281135,21165.40515,0.129465921,18586.34552,1,37690.12163,0.798298537,169.7379857,4897.287369,41571.84645,0.475642179,0.205867899,20405.22724,0.139906937,18265.64948,1,32605.22803,0.791844531,326.5901408,4194.519486,37767.62439,0.440458661,0.202101172,21037.7351,0.129729517,18362.16669,1,39258.64137,0.802761478,172.4370885,4884.630427,42319.21051,0.478307701,0.204217145,20526.3351,0.139163312,18485.95348,1,31497.15129,7.367263803,54.37368292,453.4278481,61.74094672
AHS1,normal,224.2789459,255,68.04778217,22.87906117,-1.35438892,0.813882505,572.5693428,2555.223443,41862.09263,0.468569605,0.124930211,31748.80207,0.081470137,27448.78957,1,62832.24742,0.82693976,494.6888295,2889.015667,46449.5845,0.501311334,0.12823317,31243.31625,0.089260642,27804.9138,1,52084.91956,0.819935101,795.5240882,2466.17182,42152.41606,0.464746614,0.123525957,32055.21229,0.080625214,27749.84251,1,63597.62141,0.827120533,352.2189194,2866.653855,46536.20819,0.501831705,0.126742754,31378.10257,0.086747411,28013.51363,1,51351.461,6.555709365,64.42747657,290.7873678,70.98318593
AHT1,normal,241.0992645,255,50.15170391,62.3608067,-0.83152123,0.776773019,1978.008094,3799.290269,18449.35044,0.197070012,0.264216951,18869.66065,0.179279823,18004.33596,1,23372.76284,0.768547041,1499.06933,4326.514838,19109.21259,0.208096591,0.273248774,17915.88653,0.195285682,17129.81969,1,22008.29198,0.793815958,2416.404233,3840.788272,19434.46193,0.198195541,0.265848979,18697.87844,0.184110311,17802.40697,1,23415.84576,0.764410891,1136.29828,4296.92245,18843.97631,0.207536836,0.272333894,17998.83057,0.192347221,17228.1257,1,21960.99913,5.056268904,20.81953643,472.9824265,25.87580533
AIB1,normal,222.277686,255,70.79344198,21.12081137,-1.386667174,0.805528345,461.0971652,5363.089633,44918.54668,0.50326087,0.210239802,23718.00134,0.13817153,21285.31327,1,38404.68591,0.802651075,234.1974491,6105.491686,47332.88084,0.533158967,0.214746855,22962.05763,0.148237922,20907.69314,1,34075.19035,0.796667014,413.0611236,5245.182093,43127.02476,0.494476902,0.206974049,23696.03388,0.133963244,21055.3872,1,40966.70628,0.801956707,225.2735772,6102.882165,47135.0364,0.531902174,0.215271696,22946.63188,0.149101819,20838.4181,1,34347.9482,8.068595041,52.29461496,475.7817794,60.36321001
AID1,normal,242.6540667,255,46.8579923,72.04813556,-0.790426524,0.754268949,2193.132871,3553.850681,13138.43828,0.174906927,0.299776769,7343.368903,0.196723488,7158.952477,1,8128.503991,0.737779276,1216.517768,4131.256724,13618.20532,0.189290952,0.302342191,6836.858489,0.206763396,6706.227013,1,7411.358638,0.76169144,2228.096787,3528.194702,13437.32072,0.175132559,0.299231406,7364.977212,0.197070775,7203.897721,1,8057.02625,0.737917563,1164.739758,4189.38508,13685.86856,0.190172326,0.30402475,6814.81532,0.209564952,6691.784385,1,7354.689852,5.591898492,10.23019208,632.997497,15.82209057
AIF1,normal,218.5143092,255,71.94977864,17.90581118,-1.52129825,0.76792222,306.0927305,2976.370713,36647.28677,0.47587944,0.147135128,31905.14917,0.093462963,25654.3672,1,131658.7687,0.778502619,158.3633167,3413.838908,41385.49622,0.52207138,0.149111356,31719.69537,0.100171016,26125.12756,1,90661.43188,0.762293223,372.5923274,2906.54111,35259.52139,0.464971824,0.147753689,31773.40068,0.092285383,25287.66034,1,143290.2457,0.780217246,187.8118033,3376.699268,41438.40767,0.520228541,0.148091917,31776.87907,0.099091392,26260.54258,1,92617.97887,9.016170135,83.79541195,480.9833956,92.81158208
AIH1,normal,238.6060699,255,52.91907221,50.98714369,-0.929377409,0.76922895,1408.235819,3213.841325,14957.79732,0.230894267,0.279536084,17958.642,0.180498542,17009.30211,1,23657.74398,0.755965291,800.7268443,3798.055055,15604.24481,0.249183007,0.282519563,16769.5944,0.193030434,15923.84666,1,21216.4651,0.766073749,1672.601845,3150.557955,14638.89085,0.227830542,0.276747222,17897.20003,0.178146636,16767.08044,1,24893.7265,0.75957711,777.2296095,3843.832258,15858.52958,0.250629766,0.284394142,16672.81616,0.196809499,15844.86456,1,21143.56699,5.580439052,23.32938289,455.2503129,28.90982194
AIL1,normal,241.0065452,255,48.86536184,61.09225397,-0.859102705,0.780600084,2543.230152,2686.341918,17089.05231,0.19340764,0.239872396,22526.32092,0.150476015,20768.2338,1,35661.3885,0.774756003,1111.224776,3312.585485,18392.58542,0.210860276,0.246902556,21049.15666,0.166740712,19646.8437,1,31017.76195,0.78419745,2362.195158,2741.136972,17340.51345,0.194321458,0.243386562,22374.0516,0.154909641,20675.52698,1,36966.05173,0.77488775,1081.852152,3289.267467,18345.99192,0.210191001,0.247953856,21103.74983,0.168271151,19668.78982,1,30751.38944,4.251159349,25.24512582,453.9351337,29.49628517
AIO1,normal,214.7276439,255,75.03176772,15.44587526,-1.610212205,0.785627452,356.6558461,3067.556238,41343.38192,0.551196421,0.142935474,27500.57653,0.092972346,22494.14835,1,85443.02164,0.803082657,144.8246546,3503.235692,47633.38348,0.605441343,0.143186295,27391.67638,0.098991443,23261.87065,1,60544.11731,0.779573609,287.5216247,3011.581256,40154.56523,0.544233892,0.140728646,27542.58487,0.090920473,22294.25971,1,86606.89954,0.799135711,149.8054851,3465.801116,46796.58679,0.601297527,0.142767088,27424.16319,0.097741897,23174.04984,1,61262.90158,9.095072793,78.07291207,563.6631599,87.16798487
AJA1,abnormal,226.5102686,255,66.41976931,25.34468605,-1.286803538,0.798360601,575.2456913,3630.75802,27440.56475,0.40080387,0.226671089,22991.39789,0.143570464,21120.37101,1,37195.52537,0.795658408,323.1065597,4192.577068,29052.8902,0.426259744,0.230826146,22122.57078,0.154670077,20602.8324,1,32689.20545,0.802520159,618.6775661,3529.455108,27552.22819,0.397767609,0.223485504,23243.8039,0.14253477,21396.07024,1,36861.23326,0.796025277,283.8214628,4207.098296,29088.18898,0.426425042,0.230756335,22020.56001,0.154745907,20430.90342,1,32466.64703,6.987868702,44.92225519,607.0245581,51.91012389
AJC1,normal,211.8104851,255,76.47488289,14.05446891,-1.694262743,0.795612223,341.6943054,2269.206831,37808.6679,0.47458718,0.117593147,31129.66821,0.076844055,25454.34177,1,84542.85121,0.813420951,184.6964508,2559.000974,43151.24866,0.516327829,0.118789963,31059.49485,0.08167346,26378.86864,1,63198.31365,0.797769728,339.6907232,2289.107909,38556.41748,0.48128995,0.116998434,31302.36892,0.076587743,25732.32297,1,78566.8174,0.815207925,260.9648299,2545.060288,43375.22001,0.516631155,0.117548621,31148.09967,0.080469487,26507.45076,1,63110.93164,7.061542508,87.23200868,566.6146686,94.29355119
AJE1,normal,223.5249614,255,70.00748199,22.15163679,-1.348786058,0.799702135,354.2619669,2795.99443,22230.1619,0.374164385,0.219165356,21592.10596,0.137718236,20049.95231,1,29374.04141,0.799780685,162.8525234,3375.089894,24138.84752,0.404749919,0.225936762,20461.75619,0.152714689,19347.56284,1,25911.89764,0.798688708,394.5915893,2820.826584,22246.38604,0.375382571,0.218751582,21525.91758,0.137697251,19988.33004,1,29276.72255,0.791827287,190.3526792,3272.848707,23208.29844,0.397934117,0.223634411,20569.00951,0.148489726,19248.40169,1,26776.06267,7.603647482,45.20906046,501.9583006,52.81270794
AJG1,normal,239.5160689,255,51.40024314,54.51119845,-0.903727112,0.764408149,2405.141462,4674.395852,24275.05926,0.2803959,0.262073418,19217.38998,0.162567278,17744.68865,1,28259.83948,0.759507021,1098.123524,5656.838768,26265.65176,0.306778788,0.267551805,18090.87881,0.175266138,17018.246,1,24091.12713,0.761624024,2290.874437,4491.583415,23602.50598,0.274536525,0.259622303,19363.79941,0.160295319,17825.71357,1,31156.91257,0.758606939,1056.137974,5624.11375,26058.19097,0.305145951,0.267550204,18081.04639,0.176666652,16939.02329,1,24398.85873,4.643925146,23.98654357,560.9243407,28.63046872
AJL1,normal,212.0444681,255,77.87251045,14.01746784,-1.654840648,0.83336691,273.4905353,4096.585438,48497.95938,0.60238103,0.172379241,26026.15235,0.112861525,23691.24426,1,39052.03546,0.83246709,127.1390345,4695.219654,51122.67035,0.635413965,0.180578059,25023.09805,0.124993617,22953.57702,1,35632.01467,0.828813477,371.8853574,4142.550252,47773.4076,0.600735866,0.1747628,25847.42532,0.114537146,23376.85763,1,39783.16364,0.83440938,138.450613,4672.501466,51412.71841,0.635875908,0.179842171,25122.03641,0.124740706,23095.95123,1,35145.59751,7.540906253,67.222238,464.0823714,74.76314425
AJN1,normal,233.9023575,255,58.72260246,37.72550192,-1.077829062,0.769170073,871.2506613,3438.573874,24361.41455,0.244035796,0.215791586,26809.11146,0.129421861,24048.99268,1,71262.07773,0.775422802,502.4421934,4454.220349,27787.52885,0.272874735,0.226958399,25017.12977,0.150660917,22908.7705,1,53769.69574,0.77892854,1034.241036,3752.742428,26011.58203,0.253575212,0.21940034,26079.36956,0.136647861,23580.88002,1,69649.63507,0.77534302,555.904104,4429.672244,27716.06207,0.272367143,0.226410262,25025.55113,0.149998181,22871.21609,1,52306.54013,6.511987162,40.29598943,650.7633999,46.80797659
AJP1,abnormal,218.1523875,255,73.7884039,17.64208736,-1.498105823,0.821740952,350.917597,6187.165732,68421.5861,0.655800401,0.186541248,20880.33117,0.122341866,18896.10942,1,120476.3415,0.825244858,222.7805668,6975.698484,74011.71402,0.701104838,0.189637976,20622.97058,0.131800554,18845.40627,1,38244.42793,0.820747522,575.6714955,6128.400643,68622.15101,0.659157409,0.18573883,21149.28481,0.122514153,18972.83427,1,44599.18666,0.8238634,197.6484087,6992.956614,73781.54687,0.701547988,0.189558097,20615.93765,0.131320493,18814.62138,1,37906.20104,7.094078135,55.68834121,597.5180366,62.78241935
AJW1,normal,221.936432,255,71.28473248,20.66580356,-1.391471925,0.807005769,374.2529301,4504.13098,34442.49318,0.432613358,0.228361384,20668.1009,0.148360855,19252.25643,1,28459.64452,0.808283892,194.3657885,5222.919551,36937.59173,0.461374081,0.235719764,19864.87166,0.162037895,18807.6856,1,25146.01448,0.81431257,543.3521112,4493.721084,35239.74063,0.43426777,0.228541489,20817.27301,0.149036274,19531.7342,1,27507.93848,0.81012724,195.7351377,5262.538421,37197.16428,0.462400429,0.236421277,19777.13803,0.163349582,18696.71855,1,25179.35459,7.463549161,45.3880601,288.3931014,52.85160926
AJZ1,normal,214.4210671,255,76.64151379,15.30427904,-1.588392409,0.819533569,327.5450534,7202.229111,50933.17764,0.633329158,0.248461223,14581.70476,0.164240329,13838.91829,1,18074.41086,0.818160248,134.6175238,8036.313956,53537.1886,0.666857152,0.25239903,14030.01398,0.173696,13430.26361,1,16673.42285,0.817789614,258.7329125,7103.270362,50335.187,0.628773171,0.247436674,14686.26574,0.163405795,13935.63459,1,18186.52666,0.819407732,135.9233644,8005.557145,53658.25282,0.666105649,0.251839207,14033.81714,0.174216182,13426.67586,1,16720.55345,6.784284315,41.83439312,477.4405482,48.61867744
AKB1,normal,246.5398516,255,38.3136853,108.1574915,-0.662438109,0.731004285,3200.322974,1607.833575,5135.132249,0.097840296,0.315903472,7830.142124,0.203111886,7606.788744,1,8823.917804,0.701866574,1570.844168,1979.132608,5310.911422,0.10971867,0.310381499,7099.909005,0.206792414,6979.957125,1,7604.286195,0.728765275,3506.236809,1570.12689,5062.278845,0.097120394,0.313789087,7993.304594,0.196822108,7837.110847,1,8646.125524,0.709694749,1474.963141,1993.995446,5467.855228,0.110249124,0.309169326,7079.851705,0.211683711,6967.803966,1,7528.8914,4.827277284,7.966665484,458.6839776,12.79394277
AKJ1,normal,233.1403085,255,57.21937139,36.04448106,-1.146099177,0.72082762,1802.855551,813.0795066,12938.82665,0.202583092,0.103719462,34545.72344,0.065437163,25087.96254,1,172274.8175,0.763930902,601.3176995,986.226408,17269.97099,0.239748916,0.098436631,35054.52794,0.066927463,27902.40357,1,99391.34831,0.748451682,1029.386159,847.6685976,15053.68936,0.218275831,0.098775686,35306.31916,0.063476433,26904.12792,1,131864.402,0.765878258,701.1201227,982.1036015,17418.3232,0.240539198,0.096704207,35187.28696,0.065991343,28065.67314,1,96424.9632,4.647845293,62.91245681,505.4260666,67.5603021
AKZ1,normal,189.0423382,249,89.09626404,6.671266368,-2.018861144,0.884914695,107.3268982,5467.10993,101466.8882,0.965800817,0.144526995,24936.926,0.103247875,23523.80946,1,31525.81794,0.884343919,54.44615981,5766.634895,103746.2659,0.987295826,0.146657873,24605.23614,0.107174434,23344.42763,1,30255.55609,0.873422844,170.6270242,5314.284087,96639.26397,0.947815052,0.142702802,25031.07237,0.100035762,23341.9278,1,32989.20386,0.88674434,71.21402243,5795.417252,104725.7027,0.990521495,0.147141702,24592.00791,0.107924704,23385.32289,1,30029.01648,7.486664901,86.88393979,243.5565599,94.37060469
ALC1,normal,223.6087528,255,68.9421107,22.12627074,-1.36598286,0.815571146,628.3696017,2955.177813,41527.80425,0.467684022,0.148212131,33760.66039,0.093952234,29777.54302,1,71078.89671,0.818246507,339.6243396,3379.040339,44370.64748,0.495125954,0.152755421,32924.4791,0.1030583,29440.99736,1,58294.13541,0.811202889,684.7058247,2842.119634,40178.97513,0.457886838,0.147068595,33971.24545,0.093373676,29651.46274,1,73272.53021,0.819843978,310.0873769,3357.436034,44530.47906,0.494733225,0.152257812,32958.31397,0.102622893,29516.28379,1,58832.139,7.331193708,66.44412968,471.0761905,73.77532338
ALF1,normal,220.2528144,255,71.3552036,18.78983561,-1.460882338,0.820426964,539.7132533,1888.109873,41155.59398,0.463863636,0.110150571,35844.09726,0.072156089,30905.62241,1,68942.84057,0.82861574,305.719079,2113.290114,44489.50718,0.489815341,0.112429941,35377.09928,0.076800116,31233.75561,1,59352.02704,0.803010365,741.5308192,1791.431117,37581.22141,0.444076705,0.110876003,35821.19987,0.070558745,29985.35733,1,78590.28105,0.827544408,343.6562151,2111.272689,44316.63761,0.489495739,0.112778135,35370.75897,0.076970456,31168.61305,1,59134.05709,7.374425073,75.34232913,240.8539349,82.71675421
ALI1,normal,206.6474793,255,79.61881295,11.62900985,-1.821900588,0.824947279,254.7280494,3233.662267,57335.03731,0.677452132,0.117617777,25030.31945,0.078218926,21481.74785,1,49504.49098,0.841655085,92.14949078,3578.882761,64355.50169,0.726464656,0.118659342,24814.80039,0.082847755,22016.44687,1,40122.58438,0.830707459,247.3715102,3275.831198,59038.72193,0.687454841,0.117480457,25114.31238,0.079010709,21660.60297,1,46249.1428,0.843981699,128.6787357,3575.899172,64878.87417,0.728180696,0.118211304,24876.84893,0.082579609,22129.24912,1,39546.08865,9.1357344,79.40394868,598.5803301,88.53968308
ALU1,normal,226.180114,255,67.1986851,24.88338681,-1.28662723,0.778510577,640.8994508,5614.577007,29907.25088,0.430329067,0.272151983,16581.60382,0.168926982,15522.8786,1,22366.96226,0.776903201,227.0245348,6615.706946,32200.05921,0.464397089,0.277256978,15580.69402,0.184106783,14715.0911,1,19990.15849,0.772298604,424.7734406,5577.942457,29172.23921,0.426918204,0.272372292,16570.48123,0.16889246,15421.69106,1,22927.88021,0.774557239,277.8903992,6576.232636,31856.87229,0.462439904,0.277379065,15590.72218,0.183491891,14689.07129,1,20250.42739,7.611645943,34.75738557,554.8336595,42.36903152
AMC1,normal,231.7779863,255,60.64354684,33.06373621,-1.148779134,0.801560868,1110.664588,2876.749488,33676.29318,0.361779342,0.169624776,27038.08681,0.111418269,23279.26723,1,54098.27936,0.805344668,490.8850127,3262.637445,36473.74157,0.386912129,0.17090189,26631.65729,0.11776661,23551.80109,1,44552.35181,0.795002624,1195.276636,2756.384173,32597.906,0.356532333,0.166175682,27395.16969,0.106930452,23493.33171,1,54623.55092,0.806538108,556.6998955,3298.433893,36740.64833,0.388620307,0.172680197,26566.48465,0.120083091,23503.89667,1,44131.12689,6.59876038,47.16031486,447.9910483,53.75907524
AMF1,normal,217.9626866,255,71.44563266,17.60486845,-1.555195695,0.716414456,417.3830875,1741.01458,22471.17043,0.436007518,0.096020499,43276.25863,0.060764062,31435.86494,1,186844.278,0.750282765,153.7055623,2054.218609,28101.47614,0.496066111,0.094210232,43442.43202,0.063283385,33636.37408,1,125118.4887,0.714736295,441.4379544,1745.41661,22378.66813,0.435952241,0.095768932,43426.86429,0.060831006,31295.79193,1,182915.8151,0.740413453,180.2686275,2030.138537,26952.76241,0.488649764,0.094740901,43383.91595,0.063556652,33091.8804,1,130161.8263,7.751983009,103.9096406,488.4586833,111.6616236
AMK1,normal,231.9759059,255,61.46982159,33.37749604,-1.123677937,0.800809091,1015.533487,3908.11,31320.29889,0.344436233,0.2144691,25597.09094,0.13934691,23447.9796,1,38640.6359,0.792244595,455.0918035,4476.448523,32268.3845,0.362179318,0.21984785,24643.17382,0.150081817,22742.81539,1,35594.42559,0.791090943,932.6255605,3591.752042,29191.04376,0.329603041,0.209877127,25988.39368,0.132466097,23443.02863,1,43696.75056,0.792318993,459.2688925,4452.154935,32231.14435,0.361658045,0.219431713,24634.22724,0.149925533,22688.14054,1,35598.4539,7.151670658,40.84449401,228.4110409,47.99616467
AMT1,normal,210.6592922,255,78.90538072,13.35296703,-1.685843504,0.817301269,259.1533303,7200.0722,57910.72008,0.656505218,0.227334378,17570.27754,0.149707287,16174.254,1,25691.85047,0.816173754,103.3333025,8045.506616,60686.46361,0.689045485,0.232221312,17001.62962,0.159435916,15775.71907,1,23480.55319,0.809672237,173.3009894,7027.55721,55690.07672,0.64419096,0.226747741,17600.21259,0.148160791,16040.40607,1,27341.1826,0.818784189,116.1172198,7986.022131,61213.01147,0.690009642,0.231104889,17092.0179,0.158748382,15919.33481,1,23066.3562,8.351385464,53.24916872,474.1661938,61.60055418
AMY1,normal,199.606629,255,84.15028611,9.232885986,-1.97480152,0.837433902,129.8750441,3969.829751,54101.70796,0.646649761,0.164107907,25931.5984,0.109561649,23394.06564,1,40694.70096,0.838842691,58.40716378,4403.678723,57004.10555,0.677639869,0.168436999,25336.43802,0.116783516,23170.1993,1,36695.34349,0.833662488,130.8486024,3936.248499,53159.37291,0.641546434,0.164486805,25921.21383,0.109685376,23277.35863,1,42024.22095,0.842440218,68.1944007,4394.781864,57776.31926,0.680191532,0.167483594,25417.52911,0.116758003,23357.74611,1,36148.93351,8.138655914,81.86034436,463.9252232,89.99900027
ANC1,normal,228.6308743,255,63.01397894,28.05105286,-1.255394094,0.759725605,919.8447778,1390.009935,21886.69337,0.31988978,0.101515217,37841.19261,0.064256963,29575.56372,1,182068.5279,0.777329111,377.6692577,1665.533894,26198.07316,0.364565068,0.101028016,37568.31311,0.068199026,30581.45465,1,104798.7399,0.758315542,970.2455114,1430.904928,22349.4511,0.327874499,0.102176192,37821.08803,0.065634137,29531.96388,1,149191.4807,0.773470095,450.6608284,1646.642407,25765.4654,0.36247495,0.100479948,37635.30162,0.068012728,30458.4484,1,104291.1193,6.355602246,73.85283377,619.040158,80.20843602
ANP1,normal,232.1479848,255,61.11334818,34.01165918,-1.121785138,0.737313404,565.5398621,6699.533405,20763.84482,0.287332589,0.335362376,8582.062124,0.207629191,8301.338775,1,9813.698121,0.727813417,271.3291368,7798.346771,22015.19,0.312493025,0.338060572,7999.19496,0.221566367,7817.55916,1,8794.627268,0.731779174,615.7520526,6458.224953,20013.43785,0.281215123,0.333156896,8795.541263,0.204417744,8530.876595,1,9985.875406,0.729073105,291.6864473,7756.50491,22058.22911,0.311851283,0.337477359,7989.271568,0.223124701,7786.308305,1,8856.782808,7.576891296,17.55627995,562.4368987,25.13317125
ANS1,normal,202.8736062,255,84.38916256,10.24412332,-1.853071848,0.817029179,95.5619918,8927.930361,63928.10445,0.756088719,0.240329806,20639.25059,0.158198064,19449.3807,1,26625.91901,0.811822952,54.72037011,10017.82566,66086.45941,0.79157049,0.247208583,19822.19904,0.169923871,18746.76423,1,25080.10001,0.810509848,108.5030388,8642.969274,61714.63505,0.74255741,0.237313155,20782.85585,0.154282941,19440.44709,1,27877.76564,0.811212606,67.85001406,9962.119636,65784.79848,0.789314039,0.246694233,19871.43535,0.169476148,18789.84431,1,25176.72593,7.759322117,62.01080693,552.0427062,69.77012904
ANV1,normal,232.8974449,255,59.67900507,35.35020408,-1.111071893,0.778429373,935.617886,5418.813519,28009.25148,0.367669296,0.277077244,13616.65268,0.174829437,12839.3193,1,17486.04177,0.77421891,405.890882,6342.786682,30070.04469,0.397926056,0.278857908,12808.89919,0.186224402,12216.1481,1,15500.38588,0.775601425,838.1827189,5370.782339,27727.97135,0.36655746,0.275113174,13662.45554,0.173572843,12891.25584,1,17619.28599,0.773721901,428.6609616,6335.158734,30000.58506,0.397570268,0.27887985,12806.91381,0.185311336,12213.95445,1,15585.75946,7.168726005,25.24533448,482.5221675,32.41406048
AOP1,normal,230.1498364,255,62.14032328,30.1004357,-1.19971199,0.803154432,1034.706598,1461.214364,28689.85301,0.351179245,0.115759484,37275.94218,0.072447943,31561.92163,1,150418.1952,0.821976214,579.1391303,1762.153095,33101.53776,0.384220224,0.120422938,36506.70578,0.082633513,32082.91542,1,104364.8588,0.811085361,1157.096462,1484.927742,29705.36382,0.3559773,0.116417355,37288.62954,0.074823772,31825.70906,1,158604.3307,0.815558174,588.7232771,1718.821169,32164.05759,0.379989682,0.118514518,36677.11855,0.079555631,32068.29501,1,117975.9926,6.911866187,63.05579087,556.9535572,69.96765705
AOS1,normal,238.8174292,255,51.71643477,52.04162767,-0.93872891,0.752267223,1231.949438,1022.285485,4916.194644,0.119166156,0.262274161,15245.06267,0.158794084,14245.03329,1,20335.06588,0.727066106,446.1960599,1367.330555,5202.243417,0.134778391,0.268458689,13628.00985,0.177419826,12853.17236,1,17709.55276,0.748922469,826.7927689,1131.953733,5122.972219,0.124987234,0.26643664,14686.0336,0.168385892,13803.86137,1,18874.46185,0.732587731,437.663071,1375.413845,5339.237689,0.136093239,0.266091284,13639.72836,0.175901945,12966.15973,1,17204.53372,6.125149782,20.9467047,440.8809084,27.07185448
AOV1,normal,242.1674632,255,47.34949551,67.69860659,-0.813052175,0.746085796,2283.298175,2893.033956,11767.84724,0.165687675,0.282536419,17020.92747,0.178520334,15931.03292,1,23513.13723,0.732709115,1055.718362,3521.486838,12430.37074,0.181341826,0.286924578,15858.70333,0.192717908,14993.54613,1,20335.66206,0.749394035,2323.490504,2785.466875,11713.52697,0.163464902,0.279355897,17397.98787,0.17415021,16339.87948,1,23316.17445,0.732870744,1043.093436,3546.939926,12478.99143,0.181968575,0.286793481,15764.74432,0.192764105,14886.11483,1,20372.34567,5.062940443,18.79088388,455.8315448,23.85382432
APB1,normal,223.3592008,255,69.34711561,21.88580703,-1.368800948,0.844298864,566.1228515,2332.197478,34228.05954,0.398507953,0.15458642,25934.62143,0.105855758,23681.6988,1,40539.131,0.840977138,382.198809,2572.757368,35317.1669,0.414070328,0.158817615,25366.37047,0.112528783,23342.07799,1,36676.05709,0.844100811,772.7763315,2240.575352,33715.48981,0.393317886,0.15294392,26270.60308,0.103231714,23926.93202,1,40216.12774,0.842939307,340.8571321,2557.266835,35585.78496,0.415001879,0.157347651,25481.87877,0.110879298,23557.46052,1,36192.34768,6.722485171,54.70759673,459.4076914,61.43008191
APF1,normal,228.1461315,255,64.97812186,27.29330391,-1.239826627,0.81083317,512.8370106,2331.878495,20056.893,0.321815665,0.213465853,18022.26341,0.139300861,16640.61813,1,25301.5071,0.804748796,345.4362529,2671.18811,20873.42527,0.339507516,0.216814871,17287.28237,0.14814172,16092.19616,1,23371.46742,0.803286486,834.4976514,2152.596166,18887.44448,0.309483782,0.20986549,18381.47707,0.134072439,16773.43339,1,27488.89005,0.806550341,342.0111592,2676.834762,21028.18381,0.340298655,0.21749681,17318.67438,0.149308676,16157.49867,1,23078.13042,6.042902593,37.25485781,241.6083231,43.2977604
API1,normal,212.8615899,255,75.4513702,14.4461584,-1.675453078,0.775623683,188.1615577,2046.710973,29942.51212,0.473398614,0.128956723,35092.66333,0.080656797,28649.84862,1,112920.3477,0.797113877,115.6628106,2377.513135,35004.61305,0.521784856,0.131278144,34773.67514,0.087723898,29689.39976,1,84636.16619,0.786480281,267.4520942,2037.654732,31252.85346,0.479832438,0.127337845,35363.7007,0.079506879,29300.80265,1,112798.0019,0.800836545,99.46668016,2366.964841,35497.55691,0.523844033,0.129902639,34894.30008,0.086271491,29928.45921,1,78867.07842,8.583628934,92.85458008,500.8430795,101.438209
APT1,normal,242.5006803,255,46.04414363,69.13720845,-0.814391496,0.796530267,2932.405915,1515.137402,15105.0921,0.179299695,0.176481839,32013.22561,0.114364831,28380.43717,1,81366.26171,0.793079562,1750.754942,1783.489525,16026.12364,0.191166516,0.179078285,30904.25649,0.124218175,27750.73198,1,71862.35339,0.799784221,3292.608222,1434.198595,14834.5676,0.174610785,0.174513656,32133.03352,0.112444702,28279.2254,1,95228.59736,0.789069448,1652.159369,1805.693498,15854.7305,0.191307536,0.180215554,30753.74919,0.124146662,27517.84635,1,68358.01677,3.783310918,32.28986223,527.6762563,36.07317314
APV1,normal,221.0397489,255,71.52404656,19.80196687,-1.424426583,0.808826667,373.0706928,2525.339949,25912.29369,0.379192947,0.187116156,24725.06145,0.120567945,22333.70753,1,39009.0478,0.804363628,182.1944092,2944.926362,27247.07622,0.402227279,0.191893692,23776.54521,0.131012952,21692.22776,1,34865.68805,0.800534029,384.646493,2415.16722,24727.74951,0.369794653,0.184868289,24864.39491,0.118278475,22194.8484,1,41815.78672,0.806435335,173.9620634,2920.885389,27422.66022,0.402424384,0.191526926,23906.53305,0.131018924,21924.88973,1,34594.17301,8.388507697,55.34944651,248.3707272,63.73795421
